timestamp,elapsed_time_sec,x,y,z,qx,qy,qz,qw,roll,pitch,yaw,linear_vel_x,linear_vel_y,linear_vel_z,angular_vel_x,angular_vel_y,angular_vel_z
2025-10-26T22:37:47.990182,0.102,-1.996136,-0.499996,0.007843,0.000010,0.003310,0.001248,0.999994,0.000028,0.006620,0.002495,0.000035,-0.000009,0.000000,0.000000,0.000000,0.000018
2025-10-26T22:37:48.089811,0.202,-1.996133,-0.499996,0.007819,0.000005,0.003305,0.001248,0.999994,0.000018,0.006609,0.002497,0.000007,-0.000006,0.000000,0.000000,0.000000,0.000019
2025-10-26T22:37:48.189269,0.301,-1.996131,-0.499996,0.007832,0.000003,0.003307,0.001249,0.999994,0.000015,0.006614,0.002498,0.000019,-0.000009,0.000000,0.000000,0.000000,0.000019
2025-10-26T22:37:48.289798,0.402,-1.996129,-0.499996,0.007846,0.000009,0.003310,0.001250,0.999994,0.000027,0.006620,0.002500,0.000034,-0.000011,0.000000,0.000000,0.000000,0.000018
2025-10-26T22:37:48.389706,0.502,-1.996126,-0.499996,0.007828,0.000011,0.003307,0.001251,0.999994,0.000029,0.006614,0.002502,0.000019,-0.000007,0.000000,0.000000,0.000000,0.000019
2025-10-26T22:37:48.490034,0.602,-1.996124,-0.499996,0.007832,0.000007,0.003309,0.001252,0.999994,0.000022,0.006618,0.002503,0.000018,-0.000009,0.000000,0.000000,0.000000,0.000019
2025-10-26T22:37:48.589944,0.702,-1.996121,-0.499996,0.007843,0.000005,0.003308,0.001252,0.999994,0.000019,0.006616,0.002505,0.000035,-0.000009,0.000000,0.000000,0.000000,0.000018
2025-10-26T22:37:48.689371,0.802,-1.996119,-0.499996,0.007819,0.000006,0.003305,0.001253,0.999994,0.000020,0.006611,0.002506,0.000008,-0.000008,0.000000,0.000000,0.000000,0.000019
2025-10-26T22:37:48.789569,0.902,-1.996117,-0.499996,0.007840,0.000009,0.003307,0.001254,0.999994,0.000026,0.006615,0.002508,0.000027,-0.000012,0.000000,0.000000,0.000000,0.000018
2025-10-26T22:37:48.890351,1.002,-1.996114,-0.499996,0.007845,0.000009,0.003307,0.001255,0.999994,0.000027,0.006613,0.002510,0.000036,-0.000008,0.000000,0.000000,0.000000,0.000019
2025-10-26T22:37:48.989630,1.102,-1.996112,-0.499996,0.007833,0.000006,0.003305,0.001256,0.999994,0.000021,0.006611,0.002511,0.000024,-0.000007,0.000000,0.000000,0.000000,0.000018
2025-10-26T22:37:49.090646,1.202,-1.996108,-0.499996,0.007843,0.000006,0.003311,0.001257,0.999994,0.000021,0.006623,0.002514,0.000028,-0.000010,0.000000,0.000000,0.000000,0.000019
2025-10-26T22:37:49.190122,1.302,-1.996106,-0.499996,0.007821,0.000011,0.003309,0.001258,0.999994,0.000030,0.006617,0.002515,0.000012,-0.000010,0.000000,0.000000,0.000000,0.000018
2025-10-26T22:37:49.289476,1.402,-1.996103,-0.499996,0.007823,0.000011,0.003306,0.001258,0.999994,0.000031,0.006612,0.002517,0.000012,-0.000008,0.000000,0.000000,0.000000,0.000020
2025-10-26T22:37:49.391591,1.504,-1.996100,-0.499996,0.007844,0.000003,0.003305,0.001260,0.999994,0.000015,0.006609,0.002519,0.000033,-0.000005,0.000000,0.000000,0.000000,0.000019
2025-10-26T22:37:49.489883,1.602,-1.996097,-0.499996,0.007836,0.000001,0.003306,0.001260,0.999994,0.000010,0.006611,0.002521,0.000030,-0.000009,0.000000,0.000000,0.000000,0.000018
2025-10-26T22:37:49.589629,1.702,-1.996095,-0.499996,0.007828,0.000003,0.003312,0.001261,0.999994,0.000015,0.006624,0.002522,0.000017,-0.000010,0.000000,0.000000,0.000000,0.000019
2025-10-26T22:37:49.690527,1.802,-1.996092,-0.499996,0.007835,0.000004,0.003310,0.001262,0.999994,0.000017,0.006620,0.002524,0.000021,-0.000010,0.000000,0.000000,0.000000,0.000019
2025-10-26T22:37:49.789853,1.902,-1.996089,-0.499996,0.007842,0.000007,0.003302,0.001263,0.999994,0.000023,0.006604,0.002526,0.000026,-0.000007,0.000000,0.000000,0.000000,0.000019
2025-10-26T22:37:49.889645,2.002,-1.996086,-0.499995,0.007843,-0.000003,0.003305,0.001264,0.999994,0.000003,0.006609,0.002528,0.000033,-0.000006,0.000000,0.000000,0.000000,0.000019
2025-10-26T22:37:49.989965,2.102,-1.996084,-0.499995,0.007829,0.000001,0.003308,0.001265,0.999994,0.000011,0.006616,0.002529,0.000021,-0.000012,0.000000,0.000000,0.000000,0.000018
2025-10-26T22:37:50.089650,2.202,-1.996081,-0.499996,0.007834,0.000013,0.003313,0.001265,0.999994,0.000034,0.006627,0.002531,0.000021,-0.000013,0.000000,0.000000,0.000000,0.000019
2025-10-26T22:37:50.189914,2.302,-1.996079,-0.499996,0.007840,0.000011,0.003307,0.001266,0.999994,0.000030,0.006614,0.002533,0.000024,-0.000005,0.000000,0.000000,0.000000,0.000019
2025-10-26T22:37:50.290054,2.402,-1.996077,-0.499995,0.007843,0.000001,0.003304,0.001267,0.999994,0.000010,0.006607,0.002534,0.000035,-0.000005,0.000000,0.000000,0.000000,0.000019
2025-10-26T22:37:50.389734,2.502,-1.996074,-0.499995,0.007819,-0.000002,0.003304,0.001268,0.999994,0.000004,0.006609,0.002536,0.000007,-0.000011,0.000000,0.000000,0.000000,0.000019
2025-10-26T22:37:50.489743,2.602,-1.996072,-0.499996,0.007833,0.000007,0.003309,0.001269,0.999994,0.000022,0.006617,0.002537,0.000020,-0.000012,0.000000,0.000000,0.000000,0.000019
2025-10-26T22:37:50.589448,2.701,-1.996069,-0.499996,0.007845,0.000007,0.003309,0.001269,0.999994,0.000022,0.006618,0.002539,0.000032,-0.000008,0.000000,0.000000,0.000000,0.000019
2025-10-26T22:37:50.690017,2.802,-1.996066,-0.499996,0.007823,0.000007,0.003307,0.001271,0.999994,0.000022,0.006615,0.002541,0.000013,-0.000010,0.000000,0.000000,0.000000,0.000019
2025-10-26T22:37:50.789635,2.902,-1.996064,-0.499996,0.007839,0.000007,0.003309,0.001271,0.999994,0.000023,0.006619,0.002542,0.000024,-0.000010,0.000000,0.000000,0.000000,0.000019
2025-10-26T22:37:50.889900,3.002,-1.996062,-0.499996,0.007835,0.000009,0.003307,0.001272,0.999994,0.000027,0.006614,0.002544,0.000028,-0.000009,0.000000,0.000000,0.000000,0.000018
2025-10-26T22:37:50.990239,3.102,-1.996060,-0.499996,0.007828,0.000012,0.003308,0.001273,0.999994,0.000033,0.006616,0.002545,0.000016,-0.000011,0.000000,0.000000,0.000000,0.000019
2025-10-26T22:37:51.089387,3.201,-1.996057,-0.499996,0.007845,0.000015,0.003308,0.001273,0.999994,0.000038,0.006617,0.002547,0.000035,-0.000010,0.000000,0.000000,0.000000,0.000018
2025-10-26T22:37:51.189277,3.301,-1.996055,-0.499996,0.007821,0.000017,0.003304,0.001274,0.999994,0.000042,0.006607,0.002549,0.000009,-0.000008,0.000000,0.000000,0.000000,0.000019
2025-10-26T22:37:51.290705,3.403,-1.996051,-0.499995,0.007830,-0.000003,0.003306,0.001275,0.999994,0.000002,0.006613,0.002551,0.000017,-0.000008,0.000000,0.000000,0.000000,0.000019
2025-10-26T22:37:51.389921,3.502,-1.996049,-0.499996,0.007845,0.000006,0.003310,0.001276,0.999994,0.000020,0.006621,0.002553,0.000033,-0.000013,0.000000,0.000000,0.000000,0.000018
2025-10-26T22:37:51.489732,3.602,-1.996046,-0.499996,0.007814,0.000016,0.003308,0.001277,0.999994,0.000041,0.006617,0.002554,0.000004,-0.000009,0.000000,0.000000,0.000000,0.000019
2025-10-26T22:37:51.589313,3.702,-1.996043,-0.499995,0.007838,0.000002,0.003309,0.001278,0.999994,0.000012,0.006617,0.002556,0.000023,-0.000006,0.000000,0.000000,0.000000,0.000019
2025-10-26T22:37:51.689472,3.802,-1.996040,-0.499995,0.007844,-0.000003,0.003307,0.001279,0.999994,0.000003,0.006613,0.002558,0.000033,-0.000010,0.000000,0.000000,0.000000,0.000018
2025-10-26T22:37:51.789448,3.902,-1.996038,-0.499996,0.007825,0.000013,0.003305,0.001280,0.999994,0.000035,0.006610,0.002560,0.000015,-0.000015,0.000000,0.000000,0.000000,0.000018
2025-10-26T22:37:51.891349,4.003,-1.996034,-0.499995,0.007828,0.000003,0.003306,0.001281,0.999994,0.000015,0.006612,0.002562,0.000016,-0.000006,0.000000,0.000000,0.000000,0.000019
2025-10-26T22:37:51.990014,4.102,-1.996033,-0.499995,0.007830,0.000002,0.003306,0.001281,0.999994,0.000013,0.006612,0.002563,0.000017,-0.000010,0.000000,0.000000,0.000000,0.000019
2025-10-26T22:37:52.089725,4.202,-1.996031,-0.499995,0.007834,0.000005,0.003306,0.001282,0.999994,0.000019,0.006612,0.002564,0.000021,-0.000010,0.000000,0.000000,0.000000,0.000019
2025-10-26T22:37:52.189074,4.301,-1.996028,-0.499996,0.007842,0.000009,0.003308,0.001283,0.999994,0.000026,0.006616,0.002566,0.000032,-0.000010,0.000000,0.000000,0.000000,0.000019
2025-10-26T22:37:52.289772,4.402,-1.996026,-0.499995,0.007835,0.000005,0.003306,0.001284,0.999994,0.000018,0.006611,0.002568,0.000028,-0.000007,0.000000,0.000000,0.000000,0.000018
2025-10-26T22:37:52.389734,4.502,-1.996023,-0.499995,0.007819,0.000005,0.003307,0.001285,0.999994,0.000019,0.006614,0.002569,0.000009,-0.000009,0.000000,0.000000,0.000000,0.000019
2025-10-26T22:37:52.489796,4.602,-1.996020,-0.499995,0.007846,0.000003,0.003311,0.001286,0.999994,0.000015,0.006622,0.002572,0.000033,-0.000007,0.000000,0.000000,0.000000,0.000019
2025-10-26T22:37:52.589309,4.702,-1.996017,-0.499995,0.007819,-0.000002,0.003307,0.001287,0.999994,0.000005,0.006615,0.002573,0.000007,-0.000009,0.000000,0.000000,0.000000,0.000018
2025-10-26T22:37:52.689732,4.802,-1.996014,-0.499996,0.007841,0.000011,0.003310,0.001288,0.999994,0.000030,0.006620,0.002576,0.000028,-0.000011,0.000000,0.000000,0.000000,0.000019
2025-10-26T22:37:52.789407,4.902,-1.996011,-0.499996,0.007831,0.000014,0.003307,0.001289,0.999994,0.000037,0.006613,0.002577,0.000022,-0.000006,0.000000,0.000000,0.000000,0.000019
2025-10-26T22:37:52.891591,5.003,-1.996009,-0.499995,0.007828,0.000007,0.003306,0.001289,0.999994,0.000022,0.006613,0.002579,0.000015,-0.000008,0.000000,0.000000,0.000000,0.000019
2025-10-26T22:37:52.989171,5.101,-1.996006,-0.499995,0.007845,0.000008,0.003308,0.001290,0.999994,0.000024,0.006616,0.002580,0.000032,-0.000010,0.000000,0.000000,0.000000,0.000018
2025-10-26T22:37:53.089914,5.202,-1.996004,-0.499995,0.007818,0.000010,0.003305,0.001291,0.999994,0.000029,0.006610,0.002582,0.000008,-0.000009,0.000000,0.000000,0.000000,0.000019
2025-10-26T22:37:53.189205,5.301,-1.996002,-0.499996,0.007839,0.000013,0.003310,0.001292,0.999994,0.000034,0.006620,0.002584,0.000024,-0.000010,0.000000,0.000000,0.000000,0.000019
2025-10-26T22:37:53.289757,5.402,-1.995999,-0.499995,0.007845,0.000011,0.003307,0.001293,0.999994,0.000030,0.006614,0.002585,0.000034,-0.000007,0.000000,0.000000,0.000000,0.000019
2025-10-26T22:37:53.390202,5.502,-1.995996,-0.499995,0.007824,0.000009,0.003304,0.001294,0.999994,0.000026,0.006609,0.002588,0.000013,-0.000010,0.000000,0.000000,0.000000,0.000019
2025-10-26T22:37:53.491664,5.604,-1.995993,-0.499995,0.007843,0.000010,0.003310,0.001295,0.999994,0.000029,0.006621,0.002589,0.000030,-0.000008,0.000000,0.000000,0.000000,0.000019
2025-10-26T22:37:53.589115,5.701,-1.995991,-0.499995,0.007836,0.000007,0.003309,0.001295,0.999994,0.000023,0.006619,0.002591,0.000029,-0.000005,0.000000,0.000000,0.000000,0.000019
2025-10-26T22:37:53.690576,5.802,-1.995988,-0.499995,0.007823,-0.000002,0.003309,0.001296,0.999994,0.000004,0.006617,0.002592,0.000013,-0.000007,0.000000,0.000000,0.000000,0.000019
2025-10-26T22:37:53.789602,5.902,-1.995986,-0.499995,0.007841,0.000003,0.003310,0.001297,0.999994,0.000015,0.006621,0.002594,0.000029,-0.000013,0.000000,0.000000,0.000000,0.000018
2025-10-26T22:37:53.889445,6.002,-1.995983,-0.499995,0.007844,0.000011,0.003305,0.001298,0.999994,0.000031,0.006610,0.002596,0.000031,-0.000009,0.000000,0.000000,0.000000,0.000019
2025-10-26T22:37:53.990096,6.102,-1.995981,-0.499995,0.007838,0.000007,0.003304,0.001299,0.999994,0.000022,0.006608,0.002597,0.000032,-0.000007,0.000000,0.000000,0.000000,0.000019
2025-10-26T22:37:54.089972,6.202,-1.995979,-0.499995,0.007818,0.000005,0.003305,0.001299,0.999994,0.000018,0.006609,0.002599,0.000006,-0.000009,0.000000,0.000000,0.000000,0.000019
2025-10-26T22:37:54.189644,6.302,-1.995976,-0.499995,0.007832,0.000008,0.003309,0.001300,0.999994,0.000024,0.006617,0.002600,0.000019,-0.000011,0.000000,0.000000,0.000000,0.000019
2025-10-26T22:37:54.289497,6.402,-1.995974,-0.499995,0.007839,0.000011,0.003310,0.001301,0.999994,0.000031,0.006621,0.002602,0.000033,-0.000008,0.000000,0.000000,0.000000,0.000019
2025-10-26T22:37:54.389277,6.502,-1.995971,-0.499995,0.007819,0.000006,0.003306,0.001302,0.999994,0.000020,0.006612,0.002603,0.000008,-0.000007,0.000000,0.000000,0.000000,0.000019
2025-10-26T22:37:54.491365,6.604,-1.995969,-0.499995,0.007839,0.000002,0.003309,0.001302,0.999994,0.000013,0.006619,0.002605,0.000024,-0.000009,0.000000,0.000000,0.000000,0.000019
2025-10-26T22:37:54.589850,6.702,-1.995966,-0.499995,0.007843,0.000006,0.003309,0.001303,0.999994,0.000021,0.006619,0.002607,0.000036,-0.000010,0.000000,0.000000,0.000000,0.000018
2025-10-26T22:37:54.690173,6.802,-1.995964,-0.499995,0.007819,0.000010,0.003307,0.001304,0.999994,0.000028,0.006614,0.002608,0.000006,-0.000008,0.000000,0.000000,0.000000,0.000019
2025-10-26T22:37:54.789658,6.902,-1.995962,-0.499995,0.007839,0.000004,0.003309,0.001305,0.999994,0.000016,0.006617,0.002610,0.000023,-0.000008,0.000000,0.000000,0.000000,0.000019
2025-10-26T22:37:54.889728,7.002,-1.995959,-0.499995,0.007843,0.000006,0.003308,0.001306,0.999994,0.000021,0.006616,0.002611,0.000035,-0.000010,0.000000,0.000000,0.000000,0.000018
2025-10-26T22:37:54.989943,7.102,-1.995957,-0.499995,0.007819,0.000009,0.003307,0.001306,0.999994,0.000028,0.006614,0.002613,0.000008,-0.000009,0.000000,0.000000,0.000000,0.000019
2025-10-26T22:37:55.089350,7.201,-1.995953,-0.499995,0.007843,0.000012,0.003308,0.001308,0.999994,0.000033,0.006617,0.002615,0.000032,-0.000007,0.000000,0.000000,0.000000,0.000019
2025-10-26T22:37:55.190011,7.302,-1.995951,-0.499995,0.007824,0.000008,0.003302,0.001308,0.999994,0.000024,0.006605,0.002617,0.000013,-0.000009,0.000000,0.000000,0.000000,0.000018
2025-10-26T22:37:55.289455,7.402,-1.995948,-0.499995,0.007835,0.000010,0.003307,0.001309,0.999994,0.000028,0.006614,0.002619,0.000021,-0.000010,0.000000,0.000000,0.000000,0.000019
2025-10-26T22:37:55.390762,7.503,-1.995945,-0.499995,0.007828,0.000009,0.003309,0.001310,0.999994,0.000027,0.006618,0.002621,0.000021,-0.000007,0.000000,0.000000,0.000000,0.000019
2025-10-26T22:37:55.489033,7.601,-1.995942,-0.499995,0.007819,0.000000,0.003308,0.001311,0.999994,0.000009,0.006615,0.002622,0.000008,-0.000005,0.000000,0.000000,0.000000,0.000020
2025-10-26T22:37:55.590726,7.703,-1.995940,-0.499995,0.007847,-0.000001,0.003311,0.001312,0.999994,0.000007,0.006623,0.002624,0.000031,-0.000011,0.000000,0.000000,0.000000,0.000018
2025-10-26T22:37:55.690134,7.802,-1.995937,-0.499995,0.007840,0.000009,0.003309,0.001313,0.999994,0.000027,0.006618,0.002626,0.000033,-0.000009,0.000000,0.000000,0.000000,0.000019
2025-10-26T22:37:55.789535,7.902,-1.995935,-0.499995,0.007819,0.000009,0.003305,0.001314,0.999994,0.000027,0.006611,0.002627,0.000008,-0.000008,0.000000,0.000000,0.000000,0.000019
2025-10-26T22:37:55.890285,8.002,-1.995933,-0.499995,0.007845,0.000010,0.003306,0.001314,0.999994,0.000029,0.006613,0.002629,0.000031,-0.000010,0.000000,0.000000,0.000000,0.000019
2025-10-26T22:37:55.989909,8.102,-1.995929,-0.499995,0.007832,0.000006,0.003306,0.001316,0.999994,0.000021,0.006612,0.002631,0.000022,-0.000003,0.000000,0.000000,0.000000,0.000019
2025-10-26T22:37:56.090227,8.202,-1.995928,-0.499995,0.007824,-0.000001,0.003305,0.001316,0.999994,0.000007,0.006610,0.002632,0.000014,-0.000005,0.000000,0.000000,0.000000,0.000019
2025-10-26T22:37:56.189311,8.302,-1.995925,-0.499995,0.007829,0.000001,0.003310,0.001317,0.999994,0.000011,0.006620,0.002634,0.000017,-0.000012,0.000000,0.000000,0.000000,0.000019
2025-10-26T22:37:56.289592,8.402,-1.995923,-0.499995,0.007844,0.000014,0.003311,0.001318,0.999994,0.000036,0.006621,0.002635,0.000035,-0.000012,0.000000,0.000000,0.000000,0.000018
2025-10-26T22:37:56.390161,8.502,-1.995920,-0.499995,0.007818,0.000009,0.003309,0.001318,0.999994,0.000028,0.006617,0.002637,0.000007,-0.000005,0.000000,0.000000,0.000000,0.000020
2025-10-26T22:37:56.489634,8.602,-1.995918,-0.499995,0.007840,0.000002,0.003308,0.001319,0.999994,0.000014,0.006617,0.002638,0.000026,-0.000009,0.000000,0.000000,0.000000,0.000019
2025-10-26T22:37:56.589705,8.702,-1.995916,-0.499995,0.007834,0.000004,0.003306,0.001320,0.999994,0.000016,0.006612,0.002640,0.000026,-0.000011,0.000000,0.000000,0.000000,0.000018
2025-10-26T22:37:56.690092,8.802,-1.995913,-0.499995,0.007824,0.000011,0.003308,0.001321,0.999994,0.000030,0.006616,0.002642,0.000014,-0.000012,0.000000,0.000000,0.000000,0.000019
2025-10-26T22:37:56.790998,8.903,-1.995911,-0.499995,0.007842,0.000011,0.003309,0.001322,0.999994,0.000030,0.006618,0.002643,0.000026,-0.000008,0.000000,0.000000,0.000000,0.000019
2025-10-26T22:37:56.890613,9.002,-1.995908,-0.499995,0.007828,0.000007,0.003305,0.001322,0.999994,0.000023,0.006609,0.002645,0.000018,-0.000008,0.000000,0.000000,0.000000,0.000018
2025-10-26T22:37:56.991429,9.103,-1.995906,-0.499995,0.007825,0.000009,0.003306,0.001323,0.999994,0.000027,0.006611,0.002646,0.000013,-0.000011,0.000000,0.000000,0.000000,0.000019
2025-10-26T22:37:57.089789,9.202,-1.995904,-0.499995,0.007845,0.000014,0.003309,0.001324,0.999994,0.000036,0.006617,0.002648,0.000034,-0.000011,0.000000,0.000000,0.000000,0.000018
2025-10-26T22:37:57.193928,9.306,-1.995900,-0.499995,0.007816,0.000011,0.003303,0.001325,0.999994,0.000030,0.006606,0.002650,0.000003,-0.000007,0.000000,0.000000,0.000000,0.000019
2025-10-26T22:37:57.290890,9.403,-1.995899,-0.499995,0.007831,0.000009,0.003306,0.001326,0.999994,0.000027,0.006612,0.002651,0.000018,-0.000009,0.000000,0.000000,0.000000,0.000019
2025-10-26T22:37:57.389523,9.502,-1.995896,-0.499995,0.007839,0.000006,0.003307,0.001326,0.999994,0.000022,0.006614,0.002653,0.000026,-0.000007,0.000000,0.000000,0.000000,0.000019
2025-10-26T22:37:57.496908,9.609,-1.995893,-0.499995,0.007828,-0.000000,0.003307,0.001328,0.999994,0.000008,0.006614,0.002655,0.000020,-0.000008,0.000000,0.000000,0.000000,0.000018
2025-10-26T22:37:57.589691,9.702,-1.995893,-0.499995,0.007828,-0.000000,0.003307,0.001328,0.999994,0.000008,0.006614,0.002655,0.000020,-0.000008,0.000000,0.000000,0.000000,0.000018
2025-10-26T22:37:57.690405,9.802,-1.995889,-0.499995,0.007848,0.000001,0.003314,0.001329,0.999994,0.000012,0.006628,0.002657,0.000034,-0.000011,0.000000,0.000000,0.000000,0.000018
2025-10-26T22:37:57.789661,9.902,-1.995887,-0.499995,0.007825,0.000008,0.003309,0.001330,0.999994,0.000025,0.006617,0.002659,0.000014,-0.000009,0.000000,0.000000,0.000000,0.000019
2025-10-26T22:37:57.889241,10.001,-1.995883,-0.499995,0.007840,0.000007,0.003307,0.001331,0.999994,0.000022,0.006613,0.002662,0.000024,-0.000010,0.000000,0.000000,0.000000,0.000019
2025-10-26T22:37:57.990709,10.102,-1.995881,-0.499995,0.007838,0.000012,0.003305,0.001332,0.999994,0.000033,0.006611,0.002663,0.000032,-0.000011,0.000000,0.000000,0.000000,0.000018
2025-10-26T22:37:58.090513,10.202,-1.995879,-0.499995,0.007828,0.000012,0.003306,0.001332,0.999994,0.000034,0.006612,0.002664,0.000018,-0.000007,0.000000,0.000000,0.000000,0.000019
2025-10-26T22:37:58.189971,10.302,-1.995877,-0.499995,0.007817,-0.000000,0.003306,0.001333,0.999994,0.000009,0.006612,0.002665,0.000004,-0.000004,0.000000,0.000000,0.000000,0.000019
2025-10-26T22:37:58.289348,10.402,-1.995873,-0.499995,0.007844,0.000002,0.003311,0.001334,0.999994,0.000013,0.006623,0.002668,0.000034,-0.000011,0.000000,0.000000,0.000000,0.000018
2025-10-26T22:37:58.389601,10.502,-1.995871,-0.499995,0.007819,0.000012,0.003307,0.001335,0.999994,0.000034,0.006614,0.002670,0.000006,-0.000011,0.000000,0.000000,0.000000,0.000019
2025-10-26T22:37:58.489804,10.602,-1.995868,-0.499995,0.007839,0.000015,0.003308,0.001336,0.999994,0.000039,0.006615,0.002671,0.000023,-0.000010,0.000000,0.000000,0.000000,0.000019
2025-10-26T22:37:58.589618,10.702,-1.995866,-0.499995,0.007840,0.000013,0.003307,0.001336,0.999994,0.000035,0.006613,0.002673,0.000033,-0.000005,0.000000,0.000000,0.000000,0.000019
2025-10-26T22:37:58.689756,10.802,-1.995864,-0.499995,0.007818,0.000004,0.003304,0.001337,0.999994,0.000018,0.006608,0.002674,0.000005,-0.000007,0.000000,0.000000,0.000000,0.000019
2025-10-26T22:37:58.789725,10.902,-1.995861,-0.499995,0.007841,0.000003,0.003311,0.001338,0.999994,0.000015,0.006622,0.002676,0.000027,-0.000009,0.000000,0.000000,0.000000,0.000019
2025-10-26T22:37:58.891355,11.003,-1.995858,-0.499995,0.007817,0.000004,0.003309,0.001339,0.999994,0.000016,0.006617,0.002678,0.000006,-0.000009,0.000000,0.000000,0.000000,0.000019
2025-10-26T22:37:58.989602,11.102,-1.995855,-0.499995,0.007825,0.000005,0.003304,0.001340,0.999994,0.000020,0.006609,0.002680,0.000012,-0.000011,0.000000,0.000000,0.000000,0.000019
2025-10-26T22:37:59.089233,11.201,-1.995853,-0.499995,0.007841,0.000009,0.003306,0.001341,0.999994,0.000028,0.006611,0.002681,0.000029,-0.000009,0.000000,0.000000,0.000000,0.000019
2025-10-26T22:37:59.189536,11.302,-1.995853,-0.499995,0.007841,0.000009,0.003306,0.001341,0.999994,0.000028,0.006611,0.002681,0.000029,-0.000009,0.000000,0.000000,0.000000,0.000019
2025-10-26T22:37:59.289866,11.402,-1.995848,-0.499995,0.007819,0.000008,0.003309,0.001342,0.999994,0.000026,0.006618,0.002685,0.000009,-0.000009,0.000000,0.000000,0.000000,0.000019
2025-10-26T22:37:59.390453,11.502,-1.995845,-0.499995,0.007839,0.000002,0.003312,0.001343,0.999994,0.000012,0.006624,0.002686,0.000024,-0.000007,0.000000,0.000000,0.000000,0.000019
2025-10-26T22:37:59.489219,11.601,-1.995842,-0.499995,0.007818,-0.000002,0.003310,0.001344,0.999994,0.000005,0.006619,0.002688,0.000005,-0.000011,0.000000,0.000000,0.000000,0.000019
2025-10-26T22:37:59.589602,11.702,-1.995839,-0.499995,0.007838,0.000006,0.003310,0.001345,0.999994,0.000021,0.006619,0.002690,0.000022,-0.000011,0.000000,0.000000,0.000000,0.000019
2025-10-26T22:37:59.689929,11.802,-1.995837,-0.499995,0.007846,0.000011,0.003307,0.001346,0.999994,0.000030,0.006615,0.002692,0.000035,-0.000009,0.000000,0.000000,0.000000,0.000019
2025-10-26T22:37:59.789943,11.902,-1.995835,-0.499995,0.007815,0.000010,0.003306,0.001347,0.999994,0.000029,0.006611,0.002693,0.000004,-0.000008,0.000000,0.000000,0.000000,0.000019
2025-10-26T22:37:59.889650,12.002,-1.995832,-0.499995,0.007841,0.000008,0.003309,0.001347,0.999994,0.000025,0.006619,0.002695,0.000026,-0.000009,0.000000,0.000000,0.000000,0.000019
2025-10-26T22:37:59.989982,12.102,-1.995830,-0.499995,0.007828,0.000008,0.003306,0.001348,0.999994,0.000025,0.006611,0.002697,0.000019,-0.000009,0.000000,0.000000,0.000000,0.000018
2025-10-26T22:38:00.089451,12.202,-1.995827,-0.499995,0.007832,0.000010,0.003307,0.001349,0.999994,0.000028,0.006615,0.002698,0.000018,-0.000010,0.000000,0.000000,0.000000,0.000019
2025-10-26T22:38:00.190390,12.302,-1.995824,-0.499995,0.007823,0.000013,0.003303,0.001350,0.999994,0.000035,0.006606,0.002701,0.000013,-0.000010,0.000000,0.000000,0.000000,0.000018
2025-10-26T22:38:00.289402,12.402,-1.995821,-0.499995,0.007833,0.000013,0.003307,0.001351,0.999994,0.000035,0.006615,0.002702,0.000021,-0.000007,0.000000,0.000000,0.000000,0.000019
2025-10-26T22:38:00.389392,12.502,-1.995819,-0.499995,0.007845,0.000002,0.003309,0.001352,0.999994,0.000014,0.006619,0.002704,0.000035,-0.000006,0.000000,0.000000,0.000000,0.000019
2025-10-26T22:38:00.490114,12.602,-1.995816,-0.499995,0.007816,-0.000003,0.003308,0.001353,0.999994,0.000002,0.006616,0.002705,0.000005,-0.000007,0.000000,0.000000,0.000000,0.000019
2025-10-26T22:38:00.589606,12.702,-1.995813,-0.499995,0.007841,0.000006,0.003310,0.001354,0.999994,0.000021,0.006620,0.002708,0.000032,-0.000010,0.000000,0.000000,0.000000,0.000019
2025-10-26T22:38:00.689697,12.802,-1.995810,-0.499995,0.007840,0.000010,0.003303,0.001355,0.999994,0.000029,0.006607,0.002709,0.000031,-0.000008,0.000000,0.000000,0.000000,0.000019
2025-10-26T22:38:00.790793,12.903,-1.995808,-0.499995,0.007820,0.000005,0.003302,0.001355,0.999994,0.000020,0.006603,0.002711,0.000007,-0.000007,0.000000,0.000000,0.000000,0.000019
2025-10-26T22:38:00.890658,13.003,-1.995806,-0.499995,0.007828,0.000003,0.003306,0.001356,0.999994,0.000015,0.006613,0.002712,0.000018,-0.000010,0.000000,0.000000,0.000000,0.000019
2025-10-26T22:38:00.990183,13.102,-1.995804,-0.499995,0.007842,0.000005,0.003311,0.001357,0.999994,0.000018,0.006621,0.002713,0.000028,-0.000010,0.000000,0.000000,0.000000,0.000019
2025-10-26T22:38:01.090409,13.202,-1.995802,-0.499995,0.007841,0.000007,0.003310,0.001357,0.999994,0.000023,0.006620,0.002715,0.000033,-0.000008,0.000000,0.000000,0.000000,0.000019
2025-10-26T22:38:01.190124,13.302,-1.995800,-0.499995,0.007838,0.000006,0.003304,0.001358,0.999994,0.000022,0.006609,0.002716,0.000031,-0.000009,0.000000,0.000000,0.000000,0.000018
2025-10-26T22:38:01.289239,13.401,-1.995796,-0.499995,0.007827,0.000008,0.003305,0.001359,0.999994,0.000024,0.006610,0.002719,0.000016,-0.000008,0.000000,0.000000,0.000000,0.000019
2025-10-26T22:38:01.389616,13.502,-1.995793,-0.499995,0.007845,0.000000,0.003311,0.001360,0.999994,0.000009,0.006622,0.002720,0.000033,-0.000007,0.000000,0.000000,0.000000,0.000019
2025-10-26T22:38:01.489614,13.602,-1.995791,-0.499995,0.007815,-0.000001,0.003311,0.001361,0.999994,0.000006,0.006621,0.002722,0.000004,-0.000009,0.000000,0.000000,0.000000,0.000019
2025-10-26T22:38:01.590386,13.702,-1.995788,-0.499995,0.007837,0.000003,0.003313,0.001362,0.999994,0.000014,0.006626,0.002724,0.000025,-0.000009,0.000000,0.000000,0.000000,0.000019
2025-10-26T22:38:01.689500,13.802,-1.995786,-0.499995,0.007843,0.000007,0.003305,0.001363,0.999994,0.000023,0.006610,0.002725,0.000028,-0.000012,0.000000,0.000000,0.000000,0.000018
2025-10-26T22:38:01.790601,13.903,-1.995784,-0.499995,0.007845,0.000006,0.003301,0.001363,0.999994,0.000021,0.006601,0.002727,0.000031,-0.000005,0.000000,0.000000,0.000000,0.000019
2025-10-26T22:38:01.890317,14.002,-1.995783,-0.499995,0.007846,0.000001,0.003302,0.001364,0.999994,0.000011,0.006605,0.002727,0.000038,-0.000006,0.000000,0.000000,0.000000,0.000018
2025-10-26T22:38:01.989940,14.102,-1.995780,-0.499995,0.007814,-0.000003,0.003308,0.001364,0.999994,0.000003,0.006616,0.002729,0.000005,-0.000010,0.000000,0.000000,0.000000,0.000019
2025-10-26T22:38:02.089941,14.202,-1.995776,-0.499995,0.007840,0.000008,0.003313,0.001366,0.999994,0.000025,0.006626,0.002732,0.000026,-0.000011,0.000000,0.000000,0.000000,0.000019
2025-10-26T22:38:02.190517,14.302,-1.995774,-0.499995,0.007848,0.000011,0.003304,0.001367,0.999994,0.000032,0.006609,0.002733,0.000033,-0.000005,0.000000,0.000000,0.000000,0.000019
2025-10-26T22:38:02.289314,14.402,-1.995772,-0.499995,0.007843,-0.000004,0.003301,0.001367,0.999994,0.000002,0.006603,0.002735,0.000033,-0.000006,0.000000,0.000000,0.000000,0.000018
2025-10-26T22:38:02.389931,14.502,-1.995769,-0.499995,0.007829,-0.000001,0.003304,0.001368,0.999994,0.000008,0.006608,0.002736,0.000021,-0.000010,0.000000,0.000000,0.000000,0.000018
2025-10-26T22:38:02.490149,14.602,-1.995767,-0.499995,0.007825,0.000005,0.003312,0.001369,0.999994,0.000018,0.006623,0.002738,0.000016,-0.000009,0.000000,0.000000,0.000000,0.000019
2025-10-26T22:38:02.589689,14.702,-1.995764,-0.499995,0.007843,0.000007,0.003312,0.001370,0.999994,0.000022,0.006623,0.002739,0.000029,-0.000009,0.000000,0.000000,0.000000,0.000019
2025-10-26T22:38:02.689623,14.802,-1.995763,-0.499995,0.007843,0.000007,0.003310,0.001370,0.999994,0.000023,0.006619,0.002740,0.000035,-0.000009,0.000000,0.000000,0.000000,0.000018
2025-10-26T22:38:02.789559,14.902,-1.995758,-0.499995,0.007845,0.000011,0.003307,0.001372,0.999994,0.000032,0.006613,0.002743,0.000031,-0.000010,0.000000,0.000000,0.000000,0.000019
2025-10-26T22:38:02.889582,15.002,-1.995756,-0.499995,0.007826,0.000011,0.003304,0.001372,0.999994,0.000030,0.006608,0.002745,0.000015,-0.000007,0.000000,0.000000,0.000000,0.000019
2025-10-26T22:38:02.989283,15.102,-1.995753,-0.499995,0.007824,0.000004,0.003307,0.001373,0.999994,0.000018,0.006614,0.002747,0.000014,-0.000009,0.000000,0.000000,0.000000,0.000019
2025-10-26T22:38:03.089560,15.202,-1.995751,-0.499995,0.007845,0.000002,0.003312,0.001374,0.999994,0.000013,0.006624,0.002748,0.000034,-0.000008,0.000000,0.000000,0.000000,0.000018
2025-10-26T22:38:03.189625,15.302,-1.995749,-0.499995,0.007815,0.000003,0.003310,0.001375,0.999994,0.000016,0.006619,0.002750,0.000003,-0.000011,0.000000,0.000000,0.000000,0.000019
2025-10-26T22:38:03.289521,15.402,-1.995746,-0.499995,0.007832,0.000010,0.003307,0.001376,0.999994,0.000028,0.006615,0.002751,0.000019,-0.000010,0.000000,0.000000,0.000000,0.000019
2025-10-26T22:38:03.389926,15.502,-1.995744,-0.499995,0.007843,0.000008,0.003305,0.001376,0.999994,0.000025,0.006610,0.002753,0.000030,-0.000007,0.000000,0.000000,0.000000,0.000019
2025-10-26T22:38:03.490453,15.602,-1.995741,-0.499995,0.007847,0.000003,0.003305,0.001377,0.999994,0.000016,0.006611,0.002755,0.000036,-0.000009,0.000000,0.000000,0.000000,0.000018
2025-10-26T22:38:03.589985,15.702,-1.995739,-0.499995,0.007816,0.000005,0.003307,0.001378,0.999994,0.000020,0.006614,0.002756,0.000005,-0.000009,0.000000,0.000000,0.000000,0.000019
2025-10-26T22:38:03.690664,15.803,-1.995736,-0.499995,0.007834,0.000007,0.003311,0.001379,0.999994,0.000023,0.006622,0.002758,0.000022,-0.000010,0.000000,0.000000,0.000000,0.000019
2025-10-26T22:38:03.790000,15.902,-1.995734,-0.499995,0.007841,0.000007,0.003305,0.001380,0.999994,0.000023,0.006611,0.002759,0.000025,-0.000007,0.000000,0.000000,0.000000,0.000019
2025-10-26T22:38:03.890554,16.002,-1.995732,-0.499995,0.007843,0.000001,0.003304,0.001380,0.999994,0.000010,0.006608,0.002761,0.000034,-0.000004,0.000000,0.000000,0.000000,0.000019
2025-10-26T22:38:03.989271,16.101,-1.995729,-0.499995,0.007829,-0.000003,0.003304,0.001381,0.999994,0.000002,0.006608,0.002762,0.000020,-0.000008,0.000000,0.000000,0.000000,0.000018
2025-10-26T22:38:04.089680,16.202,-1.995726,-0.499995,0.007833,0.000008,0.003312,0.001382,0.999994,0.000026,0.006624,0.002765,0.000022,-0.000013,0.000000,0.000000,0.000000,0.000019
2025-10-26T22:38:04.189376,16.301,-1.995723,-0.499995,0.007843,0.000016,0.003308,0.001383,0.999994,0.000041,0.006616,0.002767,0.000034,-0.000011,0.000000,0.000000,0.000000,0.000018
2025-10-26T22:38:04.289944,16.402,-1.995721,-0.499995,0.007816,0.000014,0.003304,0.001384,0.999994,0.000037,0.006608,0.002768,0.000004,-0.000006,0.000000,0.000000,0.000000,0.000019
2025-10-26T22:38:04.389837,16.502,-1.995718,-0.499995,0.007835,0.000007,0.003306,0.001385,0.999994,0.000023,0.006612,0.002770,0.000022,-0.000009,0.000000,0.000000,0.000000,0.000019
2025-10-26T22:38:04.490724,16.603,-1.995716,-0.499995,0.007840,0.000008,0.003306,0.001386,0.999994,0.000024,0.006611,0.002771,0.000034,-0.000009,0.000000,0.000000,0.000000,0.000018
2025-10-26T22:38:04.589731,16.702,-1.995714,-0.499995,0.007823,0.000009,0.003306,0.001386,0.999994,0.000028,0.006613,0.002773,0.000013,-0.000010,0.000000,0.000000,0.000000,0.000019
2025-10-26T22:38:04.690009,16.802,-1.995711,-0.499995,0.007845,0.000012,0.003309,0.001387,0.999994,0.000033,0.006618,0.002775,0.000034,-0.000010,0.000000,0.000000,0.000000,0.000018
2025-10-26T22:38:04.789608,16.902,-1.995709,-0.499995,0.007816,0.000015,0.003306,0.001388,0.999994,0.000039,0.006611,0.002776,0.000005,-0.000010,0.000000,0.000000,0.000000,0.000019
2025-10-26T22:38:04.889133,17.001,-1.995705,-0.499995,0.007843,0.000007,0.003307,0.001389,0.999994,0.000024,0.006615,0.002778,0.000028,-0.000008,0.000000,0.000000,0.000000,0.000019
2025-10-26T22:38:04.989821,17.102,-1.995703,-0.499995,0.007844,0.000004,0.003308,0.001390,0.999994,0.000018,0.006615,0.002780,0.000036,-0.000008,0.000000,0.000000,0.000000,0.000018
2025-10-26T22:38:05.089561,17.202,-1.995700,-0.499995,0.007819,0.000005,0.003308,0.001391,0.999994,0.000018,0.006617,0.002782,0.000009,-0.000008,0.000000,0.000000,0.000000,0.000019
2025-10-26T22:38:05.190046,17.302,-1.995698,-0.499995,0.007839,0.000005,0.003312,0.001392,0.999994,0.000020,0.006625,0.002783,0.000028,-0.000008,0.000000,0.000000,0.000000,0.000019
2025-10-26T22:38:05.290080,17.402,-1.995694,-0.499995,0.007834,0.000009,0.003302,0.001393,0.999994,0.000027,0.006604,0.002786,0.000023,-0.000010,0.000000,0.000000,0.000000,0.000018
2025-10-26T22:38:05.389440,17.502,-1.995692,-0.499995,0.007820,0.000007,0.003302,0.001394,0.999994,0.000024,0.006604,0.002787,0.000009,-0.000008,0.000000,0.000000,0.000000,0.000019
2025-10-26T22:38:05.489936,17.602,-1.995689,-0.499995,0.007839,0.000007,0.003310,0.001394,0.999994,0.000024,0.006621,0.002789,0.000025,-0.000009,0.000000,0.000000,0.000000,0.000019
2025-10-26T22:38:05.590287,17.702,-1.995687,-0.499995,0.007839,0.000007,0.003310,0.001395,0.999994,0.000024,0.006621,0.002790,0.000033,-0.000010,0.000000,0.000000,0.000000,0.000018
2025-10-26T22:38:05.690356,17.802,-1.995685,-0.499995,0.007824,0.000009,0.003303,0.001396,0.999994,0.000027,0.006606,0.002792,0.000012,-0.000009,0.000000,0.000000,0.000000,0.000018
2025-10-26T22:38:05.791500,17.904,-1.995681,-0.499995,0.007836,0.000008,0.003308,0.001397,0.999994,0.000025,0.006615,0.002794,0.000022,-0.000007,0.000000,0.000000,0.000000,0.000019
2025-10-26T22:38:05.890382,18.002,-1.995678,-0.499995,0.007840,0.000003,0.003309,0.001398,0.999994,0.000015,0.006618,0.002796,0.000034,-0.000008,0.000000,0.000000,0.000000,0.000018
2025-10-26T22:38:05.989923,18.102,-1.995676,-0.499994,0.007823,0.000001,0.003311,0.001399,0.999994,0.000012,0.006622,0.002797,0.000014,-0.000009,0.000000,0.000000,0.000000,0.000019
2025-10-26T22:38:06.090016,18.202,-1.995674,-0.499994,0.007843,0.000002,0.003313,0.001400,0.999994,0.000014,0.006627,0.002799,0.000033,-0.000009,0.000000,0.000000,0.000000,0.000018
2025-10-26T22:38:06.190249,18.302,-1.995670,-0.499995,0.007830,0.000011,0.003309,0.001401,0.999994,0.000031,0.006617,0.002802,0.000016,-0.000011,0.000000,0.000000,0.000000,0.000019
2025-10-26T22:38:06.289472,18.402,-1.995668,-0.499995,0.007841,0.000010,0.003308,0.001402,0.999994,0.000029,0.006617,0.002803,0.000032,-0.000006,0.000000,0.000000,0.000000,0.000019
2025-10-26T22:38:06.390143,18.502,-1.995665,-0.499994,0.007836,0.000001,0.003306,0.001402,0.999994,0.000011,0.006613,0.002805,0.000029,-0.000007,0.000000,0.000000,0.000000,0.000018
2025-10-26T22:38:06.490194,18.602,-1.995663,-0.499994,0.007820,0.000001,0.003308,0.001403,0.999994,0.000010,0.006617,0.002806,0.000012,-0.000010,0.000000,0.000000,0.000000,0.000019
2025-10-26T22:38:06.589821,18.702,-1.995660,-0.499995,0.007840,0.000009,0.003312,0.001404,0.999994,0.000028,0.006623,0.002808,0.000031,-0.000010,0.000000,0.000000,0.000000,0.000019
2025-10-26T22:38:06.689894,18.802,-1.995657,-0.499995,0.007819,0.000007,0.003306,0.001405,0.999994,0.000023,0.006612,0.002810,0.000007,-0.000008,0.000000,0.000000,0.000000,0.000019
2025-10-26T22:38:06.789733,18.902,-1.995654,-0.499995,0.007843,0.000009,0.003307,0.001406,0.999994,0.000028,0.006614,0.002812,0.000027,-0.000011,0.000000,0.000000,0.000000,0.000019
2025-10-26T22:38:06.890179,19.002,-1.995652,-0.499995,0.007828,0.000015,0.003304,0.001407,0.999994,0.000039,0.006608,0.002814,0.000019,-0.000011,0.000000,0.000000,0.000000,0.000018
2025-10-26T22:38:06.989443,19.102,-1.995649,-0.499995,0.007823,0.000013,0.003308,0.001407,0.999994,0.000035,0.006617,0.002815,0.000014,-0.000007,0.000000,0.000000,0.000000,0.000020
2025-10-26T22:38:07.089210,19.201,-1.995647,-0.499994,0.007841,-0.000004,0.003310,0.001408,0.999994,0.000001,0.006620,0.002817,0.000027,-0.000004,0.000000,0.000000,0.000000,0.000019
2025-10-26T22:38:07.190796,19.303,-1.995643,-0.499995,0.007819,0.000008,0.003307,0.001409,0.999994,0.000025,0.006615,0.002819,0.000009,-0.000013,0.000000,0.000000,0.000000,0.000018
2025-10-26T22:38:07.290056,19.402,-1.995641,-0.499995,0.007828,0.000012,0.003308,0.001410,0.999994,0.000034,0.006616,0.002821,0.000015,-0.000011,0.000000,0.000000,0.000000,0.000019
2025-10-26T22:38:07.390098,19.502,-1.995639,-0.499995,0.007845,0.000015,0.003308,0.001411,0.999994,0.000039,0.006616,0.002822,0.000035,-0.000010,0.000000,0.000000,0.000000,0.000018
2025-10-26T22:38:07.489951,19.602,-1.995636,-0.499995,0.007821,0.000017,0.003306,0.001412,0.999994,0.000044,0.006613,0.002824,0.000010,-0.000008,0.000000,0.000000,0.000000,0.000020
2025-10-26T22:38:07.589652,19.702,-1.995634,-0.499994,0.007839,0.000007,0.003310,0.001413,0.999994,0.000024,0.006620,0.002825,0.000024,-0.000006,0.000000,0.000000,0.000000,0.000019
2025-10-26T22:38:07.691303,19.803,-1.995630,-0.499994,0.007816,-0.000002,0.003308,0.001414,0.999994,0.000005,0.006617,0.002828,0.000005,-0.000007,0.000000,0.000000,0.000000,0.000019
2025-10-26T22:38:07.789604,19.902,-1.995628,-0.499994,0.007842,0.000003,0.003313,0.001415,0.999994,0.000016,0.006625,0.002829,0.000027,-0.000012,0.000000,0.000000,0.000000,0.000018
2025-10-26T22:38:07.889492,20.002,-1.995625,-0.499994,0.007844,0.000009,0.003307,0.001415,0.999994,0.000028,0.006613,0.002831,0.000030,-0.000008,0.000000,0.000000,0.000000,0.000019
2025-10-26T22:38:07.989799,20.102,-1.995623,-0.499994,0.007838,0.000007,0.003304,0.001416,0.999994,0.000023,0.006608,0.002833,0.000030,-0.000005,0.000000,0.000000,0.000000,0.000019
2025-10-26T22:38:08.089293,20.201,-1.995620,-0.499994,0.007818,0.000002,0.003304,0.001417,0.999994,0.000013,0.006608,0.002834,0.000006,-0.000009,0.000000,0.000000,0.000000,0.000019
2025-10-26T22:38:08.189364,20.302,-1.995618,-0.499994,0.007839,0.000005,0.003312,0.001418,0.999994,0.000020,0.006624,0.002836,0.000025,-0.000010,0.000000,0.000000,0.000000,0.000019
2025-10-26T22:38:08.289878,20.402,-1.995614,-0.499994,0.007844,0.000007,0.003306,0.001419,0.999994,0.000023,0.006612,0.002838,0.000030,-0.000007,0.000000,0.000000,0.000000,0.000019
2025-10-26T22:38:08.389739,20.502,-1.995612,-0.499994,0.007843,0.000009,0.003303,0.001420,0.999994,0.000027,0.006605,0.002840,0.000034,-0.000012,0.000000,0.000000,0.000000,0.000018
2025-10-26T22:38:08.489479,20.602,-1.995610,-0.499994,0.007836,0.000010,0.003302,0.001421,0.999994,0.000029,0.006605,0.002841,0.000029,-0.000007,0.000000,0.000000,0.000000,0.000019
2025-10-26T22:38:08.589316,20.702,-1.995606,-0.499994,0.007834,0.000008,0.003313,0.001422,0.999994,0.000026,0.006626,0.002844,0.000023,-0.000011,0.000000,0.000000,0.000000,0.000019
2025-10-26T22:38:08.689215,20.801,-1.995603,-0.499994,0.007843,0.000006,0.003311,0.001423,0.999994,0.000022,0.006621,0.002845,0.000030,-0.000006,0.000000,0.000000,0.000000,0.000019
2025-10-26T22:38:08.789536,20.902,-1.995601,-0.499994,0.007835,0.000000,0.003305,0.001423,0.999994,0.000010,0.006610,0.002847,0.000026,-0.000010,0.000000,0.000000,0.000000,0.000018
2025-10-26T22:38:08.890042,21.002,-1.995599,-0.499994,0.007819,0.000003,0.003303,0.001424,0.999994,0.000015,0.006605,0.002848,0.000005,-0.000008,0.000000,0.000000,0.000000,0.000019
2025-10-26T22:38:08.989965,21.102,-1.995595,-0.499994,0.007845,0.000003,0.003308,0.001425,0.999994,0.000015,0.006617,0.002851,0.000035,-0.000009,0.000000,0.000000,0.000000,0.000018
2025-10-26T22:38:09.090045,21.202,-1.995593,-0.499994,0.007816,0.000007,0.003307,0.001426,0.999994,0.000024,0.006614,0.002852,0.000004,-0.000011,0.000000,0.000000,0.000000,0.000019
2025-10-26T22:38:09.189468,21.302,-1.995590,-0.499994,0.007842,0.000014,0.003312,0.001427,0.999993,0.000037,0.006624,0.002854,0.000028,-0.000011,0.000000,0.000000,0.000000,0.000019
2025-10-26T22:38:09.290480,21.402,-1.995587,-0.499994,0.007822,0.000012,0.003301,0.001428,0.999994,0.000033,0.006603,0.002856,0.000010,-0.000009,0.000000,0.000000,0.000000,0.000018
2025-10-26T22:38:09.389504,21.502,-1.995584,-0.499994,0.007818,0.000004,0.003302,0.001429,0.999994,0.000018,0.006604,0.002858,0.000005,-0.000006,0.000000,0.000000,0.000000,0.000019
2025-10-26T22:38:09.489564,21.602,-1.995582,-0.499994,0.007840,0.000002,0.003310,0.001430,0.999994,0.000014,0.006619,0.002860,0.000026,-0.000010,0.000000,0.000000,0.000000,0.000019
2025-10-26T22:38:09.589184,21.701,-1.995578,-0.499994,0.007837,0.000005,0.003309,0.001431,0.999994,0.000019,0.006618,0.002862,0.000031,-0.000010,0.000000,0.000000,0.000000,0.000018
2025-10-26T22:38:09.689707,21.802,-1.995576,-0.499994,0.007819,0.000006,0.003303,0.001432,0.999994,0.000021,0.006607,0.002864,0.000005,-0.000008,0.000000,0.000000,0.000000,0.000019
2025-10-26T22:38:09.789915,21.902,-1.995573,-0.499994,0.007830,0.000002,0.003305,0.001433,0.999994,0.000014,0.006610,0.002865,0.000018,-0.000007,0.000000,0.000000,0.000000,0.000019
2025-10-26T22:38:09.891132,22.003,-1.995571,-0.499994,0.007844,0.000005,0.003308,0.001433,0.999994,0.000019,0.006616,0.002867,0.000030,-0.000010,0.000000,0.000000,0.000000,0.000018
2025-10-26T22:38:09.990134,22.102,-1.995568,-0.499994,0.007823,0.000010,0.003308,0.001434,0.999994,0.000029,0.006616,0.002868,0.000014,-0.000010,0.000000,0.000000,0.000000,0.000018
2025-10-26T22:38:10.090552,22.202,-1.995566,-0.499994,0.007824,0.000005,0.003309,0.001435,0.999993,0.000020,0.006618,0.002870,0.000013,-0.000008,0.000000,0.000000,0.000000,0.000019
2025-10-26T22:38:10.189923,22.302,-1.995563,-0.499994,0.007845,0.000002,0.003311,0.001436,0.999993,0.000013,0.006623,0.002871,0.000034,-0.000008,0.000000,0.000000,0.000000,0.000018
2025-10-26T22:38:10.289330,22.402,-1.995561,-0.499994,0.007816,0.000002,0.003308,0.001436,0.999993,0.000013,0.006616,0.002873,0.000005,-0.000008,0.000000,0.000000,0.000000,0.000019
2025-10-26T22:38:10.388946,22.501,-1.995557,-0.499994,0.007845,0.000004,0.003311,0.001438,0.999993,0.000018,0.006623,0.002875,0.000035,-0.000009,0.000000,0.000000,0.000000,0.000018
2025-10-26T22:38:10.490412,22.602,-1.995555,-0.499994,0.007816,0.000007,0.003308,0.001438,0.999993,0.000024,0.006616,0.002877,0.000004,-0.000009,0.000000,0.000000,0.000000,0.000019
2025-10-26T22:38:10.590045,22.702,-1.995553,-0.499994,0.007834,0.000007,0.003309,0.001439,0.999993,0.000024,0.006618,0.002879,0.000020,-0.000007,0.000000,0.000000,0.000000,0.000019
2025-10-26T22:38:10.689229,22.802,-1.995550,-0.499994,0.007846,0.000004,0.003306,0.001440,0.999993,0.000017,0.006612,0.002880,0.000035,-0.000009,0.000000,0.000000,0.000000,0.000018
2025-10-26T22:38:10.790184,22.902,-1.995548,-0.499994,0.007819,0.000008,0.003303,0.001441,0.999994,0.000026,0.006605,0.002882,0.000009,-0.000011,0.000000,0.000000,0.000000,0.000019
2025-10-26T22:38:10.890230,23.002,-1.995544,-0.499994,0.007840,0.000017,0.003308,0.001442,0.999993,0.000044,0.006616,0.002884,0.000030,-0.000009,0.000000,0.000000,0.000000,0.000019
2025-10-26T22:38:10.991153,23.103,-1.995542,-0.499994,0.007846,0.000003,0.003305,0.001443,0.999993,0.000016,0.006610,0.002886,0.000033,-0.000003,0.000000,0.000000,0.000000,0.000019
2025-10-26T22:38:11.089691,23.202,-1.995539,-0.499994,0.007844,-0.000002,0.003305,0.001444,0.999993,0.000006,0.006609,0.002887,0.000037,-0.000011,0.000000,0.000000,0.000000,0.000018
2025-10-26T22:38:11.190041,23.302,-1.995537,-0.499994,0.007818,0.000012,0.003306,0.001444,0.999993,0.000034,0.006612,0.002889,0.000009,-0.000012,0.000000,0.000000,0.000000,0.000019
2025-10-26T22:38:11.291294,23.403,-1.995535,-0.499994,0.007821,0.000014,0.003305,0.001445,0.999993,0.000038,0.006610,0.002891,0.000009,-0.000006,0.000000,0.000000,0.000000,0.000020
2025-10-26T22:38:11.389679,23.502,-1.995532,-0.499994,0.007837,0.000004,0.003307,0.001446,0.999993,0.000018,0.006614,0.002892,0.000024,-0.000005,0.000000,0.000000,0.000000,0.000019
2025-10-26T22:38:11.491099,23.603,-1.995530,-0.499994,0.007840,0.000001,0.003306,0.001447,0.999993,0.000012,0.006611,0.002894,0.000027,-0.000009,0.000000,0.000000,0.000000,0.000019
2025-10-26T22:38:11.589553,23.702,-1.995527,-0.499994,0.007840,0.000007,0.003306,0.001448,0.999993,0.000024,0.006613,0.002895,0.000035,-0.000011,0.000000,0.000000,0.000000,0.000018
2025-10-26T22:38:11.689408,23.801,-1.995525,-0.499994,0.007818,0.000012,0.003307,0.001448,0.999993,0.000034,0.006613,0.002897,0.000006,-0.000008,0.000000,0.000000,0.000000,0.000019
2025-10-26T22:38:11.789769,23.902,-1.995522,-0.499994,0.007841,0.000008,0.003310,0.001449,0.999993,0.000025,0.006620,0.002899,0.000027,-0.000008,0.000000,0.000000,0.000000,0.000019
2025-10-26T22:38:11.891811,24.004,-1.995520,-0.499994,0.007828,0.000006,0.003306,0.001450,0.999993,0.000021,0.006612,0.002900,0.000019,-0.000008,0.000000,0.000000,0.000000,0.000018
2025-10-26T22:38:11.989612,24.102,-1.995518,-0.499994,0.007832,0.000006,0.003308,0.001451,0.999993,0.000021,0.006617,0.002902,0.000018,-0.000010,0.000000,0.000000,0.000000,0.000019
2025-10-26T22:38:12.089451,24.202,-1.995515,-0.499994,0.007843,0.000007,0.003308,0.001452,0.999993,0.000024,0.006615,0.002903,0.000035,-0.000009,0.000000,0.000000,0.000000,0.000018
2025-10-26T22:38:12.189289,24.302,-1.995513,-0.499994,0.007819,0.000010,0.003305,0.001452,0.999993,0.000029,0.006611,0.002905,0.000008,-0.000009,0.000000,0.000000,0.000000,0.000019
2025-10-26T22:38:12.289500,24.402,-1.995510,-0.499994,0.007845,0.000012,0.003307,0.001453,0.999993,0.000034,0.006615,0.002907,0.000031,-0.000010,0.000000,0.000000,0.000000,0.000019
2025-10-26T22:38:12.389748,24.502,-1.995508,-0.499994,0.007818,0.000014,0.003305,0.001454,0.999993,0.000038,0.006610,0.002908,0.000006,-0.000008,0.000000,0.000000,0.000000,0.000019
2025-10-26T22:38:12.489645,24.602,-1.995505,-0.499994,0.007832,0.000004,0.003310,0.001455,0.999993,0.000019,0.006619,0.002910,0.000019,-0.000007,0.000000,0.000000,0.000000,0.000019
2025-10-26T22:38:12.589652,24.702,-1.995503,-0.499994,0.007843,-0.000002,0.003311,0.001456,0.999993,0.000005,0.006622,0.002911,0.000036,-0.000007,0.000000,0.000000,0.000000,0.000018
2025-10-26T22:38:12.689699,24.802,-1.995501,-0.499994,0.007819,-0.000000,0.003310,0.001456,0.999993,0.000010,0.006620,0.002913,0.000009,-0.000011,0.000000,0.000000,0.000000,0.000019
2025-10-26T22:38:12.790041,24.902,-1.995498,-0.499994,0.007838,0.000009,0.003309,0.001457,0.999993,0.000027,0.006619,0.002915,0.000023,-0.000012,0.000000,0.000000,0.000000,0.000019
2025-10-26T22:38:12.889942,25.002,-1.995496,-0.499994,0.007847,0.000009,0.003304,0.001458,0.999993,0.000028,0.006609,0.002916,0.000034,-0.000008,0.000000,0.000000,0.000000,0.000019
2025-10-26T22:38:12.990537,25.102,-1.995493,-0.499994,0.007843,0.000004,0.003304,0.001459,0.999993,0.000017,0.006609,0.002918,0.000034,-0.000009,0.000000,0.000000,0.000000,0.000018
2025-10-26T22:38:13.089735,25.202,-1.995491,-0.499994,0.007817,0.000003,0.003304,0.001460,0.999993,0.000015,0.006608,0.002919,0.000007,-0.000010,0.000000,0.000000,0.000000,0.000019
2025-10-26T22:38:13.189481,25.302,-1.995488,-0.499994,0.007840,0.000005,0.003312,0.001460,0.999993,0.000020,0.006624,0.002921,0.000026,-0.000010,0.000000,0.000000,0.000000,0.000019
2025-10-26T22:38:13.290283,25.402,-1.995486,-0.499994,0.007841,0.000012,0.003310,0.001461,0.999993,0.000033,0.006620,0.002923,0.000032,-0.000012,0.000000,0.000000,0.000000,0.000018
2025-10-26T22:38:13.390686,25.503,-1.995484,-0.499994,0.007829,0.000012,0.003303,0.001462,0.999993,0.000033,0.006605,0.002924,0.000018,-0.000008,0.000000,0.000000,0.000000,0.000018
2025-10-26T22:38:13.491514,25.603,-1.995480,-0.499994,0.007825,0.000004,0.003306,0.001463,0.999993,0.000018,0.006612,0.002926,0.000014,-0.000008,0.000000,0.000000,0.000000,0.000019
2025-10-26T22:38:13.589680,25.701,-1.995478,-0.499994,0.007845,0.000002,0.003312,0.001464,0.999993,0.000013,0.006623,0.002928,0.000035,-0.000008,0.000000,0.000000,0.000000,0.000018
2025-10-26T22:38:13.690698,25.803,-1.995475,-0.499994,0.007815,0.000002,0.003310,0.001465,0.999993,0.000015,0.006620,0.002930,0.000003,-0.000010,0.000000,0.000000,0.000000,0.000019
2025-10-26T22:38:13.790135,25.902,-1.995473,-0.499994,0.007832,0.000009,0.003308,0.001466,0.999993,0.000027,0.006617,0.002931,0.000019,-0.000010,0.000000,0.000000,0.000000,0.000019
2025-10-26T22:38:13.889474,26.002,-1.995470,-0.499994,0.007846,0.000009,0.003305,0.001466,0.999993,0.000028,0.006609,0.002933,0.000031,-0.000010,0.000000,0.000000,0.000000,0.000019
2025-10-26T22:38:13.989518,26.102,-1.995468,-0.499994,0.007840,0.000008,0.003305,0.001467,0.999993,0.000025,0.006610,0.002934,0.000034,-0.000006,0.000000,0.000000,0.000000,0.000019
2025-10-26T22:38:14.090454,26.202,-1.995466,-0.499994,0.007818,0.000004,0.003304,0.001468,0.999993,0.000017,0.006609,0.002936,0.000007,-0.000009,0.000000,0.000000,0.000000,0.000019
2025-10-26T22:38:14.189595,26.302,-1.995463,-0.499994,0.007835,0.000006,0.003309,0.001469,0.999993,0.000021,0.006618,0.002938,0.000022,-0.000010,0.000000,0.000000,0.000000,0.000019
2025-10-26T22:38:14.289524,26.402,-1.995461,-0.499994,0.007840,0.000008,0.003309,0.001470,0.999993,0.000026,0.006618,0.002939,0.000034,-0.000010,0.000000,0.000000,0.000000,0.000018
2025-10-26T22:38:14.389525,26.502,-1.995457,-0.499994,0.007828,0.000004,0.003308,0.001471,0.999993,0.000018,0.006616,0.002942,0.000015,-0.000008,0.000000,0.000000,0.000000,0.000019
2025-10-26T22:38:14.490280,26.602,-1.995455,-0.499994,0.007845,0.000004,0.003309,0.001472,0.999993,0.000017,0.006617,0.002943,0.000032,-0.000010,0.000000,0.000000,0.000000,0.000018
2025-10-26T22:38:14.590851,26.702,-1.995452,-0.499994,0.007818,0.000006,0.003305,0.001472,0.999993,0.000022,0.006611,0.002945,0.000008,-0.000009,0.000000,0.000000,0.000000,0.000019
2025-10-26T22:38:14.689595,26.802,-1.995450,-0.499994,0.007839,0.000009,0.003310,0.001473,0.999993,0.000029,0.006620,0.002946,0.000024,-0.000010,0.000000,0.000000,0.000000,0.000019
2025-10-26T22:38:14.789173,26.901,-1.995447,-0.499994,0.007842,0.000011,0.003308,0.001474,0.999993,0.000031,0.006616,0.002948,0.000033,-0.000007,0.000000,0.000000,0.000000,0.000019
2025-10-26T22:38:14.889693,27.002,-1.995445,-0.499994,0.007820,0.000006,0.003302,0.001475,0.999993,0.000023,0.006604,0.002950,0.000008,-0.000009,0.000000,0.000000,0.000000,0.000019
2025-10-26T22:38:14.989663,27.102,-1.995443,-0.499994,0.007833,0.000011,0.003306,0.001476,0.999993,0.000031,0.006612,0.002951,0.000019,-0.000012,0.000000,0.000000,0.000000,0.000019
2025-10-26T22:38:15.089719,27.202,-1.995440,-0.499994,0.007839,0.000016,0.003308,0.001476,0.999993,0.000043,0.006615,0.002953,0.000033,-0.000009,0.000000,0.000000,0.000000,0.000019
2025-10-26T22:38:15.190104,27.302,-1.995438,-0.499994,0.007844,0.000003,0.003305,0.001477,0.999993,0.000017,0.006610,0.002954,0.000035,-0.000003,0.000000,0.000000,0.000000,0.000019
2025-10-26T22:38:15.289482,27.402,-1.995435,-0.499994,0.007819,-0.000003,0.003304,0.001478,0.999993,0.000005,0.006608,0.002956,0.000007,-0.000011,0.000000,0.000000,0.000000,0.000018
2025-10-26T22:38:15.389993,27.502,-1.995433,-0.499994,0.007817,0.000009,0.003305,0.001479,0.999993,0.000028,0.006610,0.002957,0.000005,-0.000012,0.000000,0.000000,0.000000,0.000019
2025-10-26T22:38:15.489497,27.602,-1.995430,-0.499994,0.007835,0.000011,0.003307,0.001479,0.999993,0.000032,0.006615,0.002959,0.000021,-0.000010,0.000000,0.000000,0.000000,0.000019
2025-10-26T22:38:15.589295,27.701,-1.995428,-0.499994,0.007840,0.000012,0.003306,0.001480,0.999993,0.000033,0.006612,0.002961,0.000034,-0.000009,0.000000,0.000000,0.000000,0.000018
2025-10-26T22:38:15.690012,27.802,-1.995426,-0.499994,0.007823,0.000014,0.003305,0.001481,0.999993,0.000037,0.006611,0.002962,0.000013,-0.000011,0.000000,0.000000,0.000000,0.000019
2025-10-26T22:38:15.790130,27.902,-1.995423,-0.499994,0.007842,0.000014,0.003308,0.001482,0.999993,0.000037,0.006617,0.002964,0.000033,-0.000007,0.000000,0.000000,0.000000,0.000019
2025-10-26T22:38:15.889831,28.002,-1.995421,-0.499994,0.007823,0.000003,0.003307,0.001483,0.999993,0.000015,0.006615,0.002965,0.000014,-0.000006,0.000000,0.000000,0.000000,0.000019
2025-10-26T22:38:15.989591,28.102,-1.995418,-0.499994,0.007842,-0.000002,0.003314,0.001483,0.999993,0.000005,0.006627,0.002967,0.000026,-0.000009,0.000000,0.000000,0.000000,0.000018
2025-10-26T22:38:16.089683,28.202,-1.995416,-0.499994,0.007837,0.000006,0.003310,0.001484,0.999993,0.000022,0.006619,0.002969,0.000030,-0.000011,0.000000,0.000000,0.000000,0.000018
2025-10-26T22:38:16.189611,28.302,-1.995414,-0.499994,0.007819,0.000012,0.003305,0.001485,0.999993,0.000035,0.006610,0.002970,0.000007,-0.000009,0.000000,0.000000,0.000000,0.000020
2025-10-26T22:38:16.290363,28.402,-1.995411,-0.499994,0.007841,0.000012,0.003306,0.001486,0.999993,0.000035,0.006611,0.002972,0.000030,-0.000007,0.000000,0.000000,0.000000,0.000019
2025-10-26T22:38:16.390352,28.502,-1.995409,-0.499994,0.007832,0.000004,0.003305,0.001487,0.999993,0.000017,0.006609,0.002973,0.000024,-0.000006,0.000000,0.000000,0.000000,0.000018
2025-10-26T22:38:16.489614,28.602,-1.995406,-0.499994,0.007830,0.000001,0.003309,0.001487,0.999993,0.000011,0.006618,0.002975,0.000018,-0.000009,0.000000,0.000000,0.000000,0.000019
2025-10-26T22:38:16.589764,28.702,-1.995404,-0.499994,0.007839,0.000006,0.003310,0.001488,0.999993,0.000023,0.006619,0.002977,0.000026,-0.000010,0.000000,0.000000,0.000000,0.000019
2025-10-26T22:38:16.689456,28.802,-1.995400,-0.499994,0.007839,0.000010,0.003304,0.001489,0.999993,0.000029,0.006607,0.002979,0.000031,-0.000009,0.000000,0.000000,0.000000,0.000018
2025-10-26T22:38:16.789714,28.902,-1.995398,-0.499994,0.007818,0.000007,0.003306,0.001490,0.999993,0.000024,0.006611,0.002981,0.000006,-0.000009,0.000000,0.000000,0.000000,0.000019
2025-10-26T22:38:16.891100,29.002,-1.995395,-0.499994,0.007844,0.000008,0.003313,0.001491,0.999993,0.000027,0.006626,0.002982,0.000032,-0.000009,0.000000,0.000000,0.000000,0.000019
2025-10-26T22:38:16.989876,29.102,-1.995393,-0.499994,0.007831,0.000009,0.003309,0.001492,0.999993,0.000027,0.006617,0.002984,0.000021,-0.000006,0.000000,0.000000,0.000000,0.000019
2025-10-26T22:38:17.089213,29.201,-1.995391,-0.499994,0.007828,0.000001,0.003306,0.001493,0.999993,0.000013,0.006613,0.002985,0.000015,-0.000008,0.000000,0.000000,0.000000,0.000019
2025-10-26T22:38:17.189403,29.302,-1.995388,-0.499994,0.007839,0.000005,0.003306,0.001493,0.999993,0.000019,0.006611,0.002987,0.000023,-0.000010,0.000000,0.000000,0.000000,0.000019
2025-10-26T22:38:17.290600,29.402,-1.995386,-0.499994,0.007842,0.000003,0.003307,0.001494,0.999993,0.000016,0.006613,0.002988,0.000030,-0.000008,0.000000,0.000000,0.000000,0.000019
2025-10-26T22:38:17.389611,29.502,-1.995383,-0.499994,0.007823,0.000002,0.003307,0.001495,0.999993,0.000015,0.006614,0.002990,0.000014,-0.000008,0.000000,0.000000,0.000000,0.000018
2025-10-26T22:38:17.490198,29.602,-1.995380,-0.499994,0.007833,0.000003,0.003311,0.001496,0.999993,0.000015,0.006621,0.002992,0.000020,-0.000008,0.000000,0.000000,0.000000,0.000019
2025-10-26T22:38:17.589707,29.702,-1.995377,-0.499994,0.007845,0.000005,0.003307,0.001497,0.999993,0.000020,0.006614,0.002994,0.000034,-0.000010,0.000000,0.000000,0.000000,0.000018
2025-10-26T22:38:17.689057,29.801,-1.995375,-0.499994,0.007819,0.000013,0.003302,0.001498,0.999993,0.000036,0.006604,0.002996,0.000008,-0.000011,0.000000,0.000000,0.000000,0.000019
2025-10-26T22:38:17.789492,29.902,-1.995372,-0.499994,0.007831,0.000013,0.003308,0.001499,0.999993,0.000037,0.006616,0.002997,0.000019,-0.000007,0.000000,0.000000,0.000000,0.000019
2025-10-26T22:38:17.889657,30.002,-1.995370,-0.499994,0.007843,0.000006,0.003310,0.001499,0.999993,0.000023,0.006621,0.002999,0.000036,-0.000007,0.000000,0.000000,0.000000,0.000018
2025-10-26T22:38:17.989118,30.101,-1.995367,-0.499994,0.007819,0.000003,0.003311,0.001500,0.999993,0.000016,0.006622,0.003000,0.000009,-0.000007,0.000000,0.000000,0.000000,0.000019
2025-10-26T22:38:18.091593,30.203,-1.995365,-0.499994,0.007828,0.000000,0.003306,0.001501,0.999993,0.000010,0.006612,0.003002,0.000015,-0.000009,0.000000,0.000000,0.000000,0.000019
2025-10-26T22:38:18.189851,30.302,-1.995363,-0.499994,0.007840,0.000007,0.003305,0.001502,0.999993,0.000024,0.006610,0.003004,0.000027,-0.000013,0.000000,0.000000,0.000000,0.000018
2025-10-26T22:38:18.291563,30.403,-1.995360,-0.499994,0.007824,0.000016,0.003305,0.001503,0.999993,0.000042,0.006609,0.003005,0.000015,-0.000010,0.000000,0.000000,0.000000,0.000019
2025-10-26T22:38:18.392519,30.505,-1.995357,-0.499994,0.007828,-0.000000,0.003308,0.001504,0.999993,0.000009,0.006616,0.003008,0.000016,-0.000006,0.000000,0.000000,0.000000,0.000019
2025-10-26T22:38:18.490878,30.603,-1.995354,-0.499994,0.007841,-0.000002,0.003311,0.001505,0.999993,0.000007,0.006622,0.003009,0.000032,-0.000011,0.000000,0.000000,0.000000,0.000018
2025-10-26T22:38:18.589781,30.702,-1.995352,-0.499994,0.007825,0.000013,0.003308,0.001505,0.999993,0.000036,0.006616,0.003011,0.000016,-0.000015,0.000000,0.000000,0.000000,0.000018
2025-10-26T22:38:18.689461,30.801,-1.995349,-0.499994,0.007841,0.000011,0.003313,0.001506,0.999993,0.000032,0.006626,0.003012,0.000025,-0.000005,0.000000,0.000000,0.000000,0.000019
2025-10-26T22:38:18.789526,30.902,-1.995347,-0.499993,0.007841,-0.000002,0.003308,0.001507,0.999993,0.000006,0.006616,0.003014,0.000028,-0.000006,0.000000,0.000000,0.000000,0.000019
2025-10-26T22:38:18.889714,31.002,-1.995345,-0.499994,0.007839,0.000004,0.003304,0.001508,0.999993,0.000017,0.006608,0.003016,0.000031,-0.000014,0.000000,0.000000,0.000000,0.000018
2025-10-26T22:38:18.989919,31.102,-1.995342,-0.499994,0.007826,0.000018,0.003306,0.001509,0.999993,0.000045,0.006613,0.003017,0.000015,-0.000012,0.000000,0.000000,0.000000,0.000019
2025-10-26T22:38:19.090099,31.202,-1.995340,-0.499994,0.007831,0.000013,0.003309,0.001509,0.999993,0.000035,0.006618,0.003019,0.000019,-0.000005,0.000000,0.000000,0.000000,0.000019
2025-10-26T22:38:19.189315,31.301,-1.995336,-0.499993,0.007823,-0.000003,0.003307,0.001511,0.999993,0.000005,0.006615,0.003021,0.000013,-0.000006,0.000000,0.000000,0.000000,0.000018
2025-10-26T22:38:19.289820,31.402,-1.995334,-0.499993,0.007823,-0.000000,0.003307,0.001511,0.999993,0.000010,0.006613,0.003023,0.000012,-0.000012,0.000000,0.000000,0.000000,0.000019
2025-10-26T22:38:19.389696,31.502,-1.995331,-0.499994,0.007829,0.000008,0.003304,0.001512,0.999993,0.000025,0.006607,0.003024,0.000016,-0.000011,0.000000,0.000000,0.000000,0.000019
2025-10-26T22:38:19.492898,31.605,-1.995328,-0.499994,0.007842,0.000010,0.003307,0.001513,0.999993,0.000031,0.006613,0.003027,0.000033,-0.000006,0.000000,0.000000,0.000000,0.000019
2025-10-26T22:38:19.589749,31.702,-1.995325,-0.499993,0.007837,-0.000001,0.003307,0.001514,0.999993,0.000008,0.006614,0.003028,0.000030,-0.000007,0.000000,0.000000,0.000000,0.000018
2025-10-26T22:38:19.693689,31.805,-1.995323,-0.499993,0.007828,0.000003,0.003311,0.001515,0.999993,0.000015,0.006623,0.003030,0.000017,-0.000012,0.000000,0.000000,0.000000,0.000019
2025-10-26T22:38:19.790445,31.902,-1.995322,-0.499994,0.007842,0.000008,0.003312,0.001515,0.999993,0.000025,0.006624,0.003031,0.000028,-0.000012,0.000000,0.000000,0.000000,0.000019
2025-10-26T22:38:19.889655,32.002,-1.995318,-0.499994,0.007817,0.000007,0.003308,0.001516,0.999993,0.000025,0.006616,0.003033,0.000005,-0.000007,0.000000,0.000000,0.000000,0.000019
2025-10-26T22:38:19.992668,32.105,-1.995315,-0.499993,0.007839,0.000002,0.003310,0.001517,0.999993,0.000014,0.006620,0.003035,0.000026,-0.000009,0.000000,0.000000,0.000000,0.000019
2025-10-26T22:38:20.089484,32.202,-1.995313,-0.499994,0.007847,0.000007,0.003306,0.001518,0.999993,0.000024,0.006611,0.003036,0.000033,-0.000011,0.000000,0.000000,0.000000,0.000018
2025-10-26T22:38:20.193459,32.305,-1.995311,-0.499994,0.007832,0.000012,0.003304,0.001519,0.999993,0.000034,0.006609,0.003038,0.000023,-0.000007,0.000000,0.000000,0.000000,0.000019
2025-10-26T22:38:20.289657,32.402,-1.995308,-0.499994,0.007828,0.000008,0.003309,0.001520,0.999993,0.000026,0.006617,0.003039,0.000017,-0.000009,0.000000,0.000000,0.000000,0.000019
2025-10-26T22:38:20.390035,32.502,-1.995306,-0.499994,0.007840,0.000005,0.003312,0.001520,0.999993,0.000021,0.006623,0.003041,0.000032,-0.000007,0.000000,0.000000,0.000000,0.000019
2025-10-26T22:38:20.489578,32.602,-1.995304,-0.499993,0.007841,0.000004,0.003305,0.001521,0.999993,0.000018,0.006610,0.003043,0.000033,-0.000009,0.000000,0.000000,0.000000,0.000018
2025-10-26T22:38:20.589785,32.702,-1.995301,-0.499994,0.007822,0.000007,0.003303,0.001522,0.999993,0.000025,0.006606,0.003044,0.000010,-0.000009,0.000000,0.000000,0.000000,0.000019
2025-10-26T22:38:20.690095,32.802,-1.995299,-0.499993,0.007833,0.000005,0.003307,0.001523,0.999993,0.000019,0.006615,0.003046,0.000020,-0.000009,0.000000,0.000000,0.000000,0.000019
2025-10-26T22:38:20.790258,32.902,-1.995295,-0.499993,0.007832,0.000004,0.003310,0.001524,0.999993,0.000018,0.006620,0.003048,0.000026,-0.000009,0.000000,0.000000,0.000000,0.000018
2025-10-26T22:38:20.894370,33.006,-1.995293,-0.499993,0.007817,0.000005,0.003304,0.001525,0.999993,0.000021,0.006608,0.003050,0.000004,-0.000009,0.000000,0.000000,0.000000,0.000019
2025-10-26T22:38:20.989573,33.102,-1.995290,-0.499994,0.007837,0.000011,0.003306,0.001526,0.999993,0.000032,0.006612,0.003051,0.000021,-0.000012,0.000000,0.000000,0.000000,0.000019
2025-10-26T22:38:21.091197,33.203,-1.995288,-0.499994,0.007835,0.000017,0.003307,0.001526,0.999993,0.000043,0.006613,0.003053,0.000030,-0.000008,0.000000,0.000000,0.000000,0.000019
2025-10-26T22:38:21.189512,33.302,-1.995285,-0.499993,0.007823,0.000005,0.003305,0.001527,0.999993,0.000020,0.006610,0.003055,0.000013,-0.000003,0.000000,0.000000,0.000000,0.000019
2025-10-26T22:38:21.291885,33.404,-1.995282,-0.499993,0.007836,0.000001,0.003310,0.001528,0.999993,0.000012,0.006619,0.003057,0.000023,-0.000013,0.000000,0.000000,0.000000,0.000018
2025-10-26T22:38:21.389988,33.502,-1.995279,-0.499994,0.007843,0.000012,0.003308,0.001529,0.999993,0.000033,0.006616,0.003059,0.000035,-0.000010,0.000000,0.000000,0.000000,0.000018
2025-10-26T22:38:21.489349,33.602,-1.995277,-0.499994,0.007819,0.000016,0.003305,0.001530,0.999993,0.000043,0.006610,0.003060,0.000008,-0.000010,0.000000,0.000000,0.000000,0.000019
2025-10-26T22:38:21.589681,33.702,-1.995274,-0.499994,0.007842,0.000010,0.003310,0.001531,0.999993,0.000031,0.006620,0.003062,0.000027,-0.000006,0.000000,0.000000,0.000000,0.000019
2025-10-26T22:38:21.690462,33.802,-1.995272,-0.499993,0.007828,0.000003,0.003308,0.001532,0.999993,0.000015,0.006615,0.003063,0.000019,-0.000007,0.000000,0.000000,0.000000,0.000018
2025-10-26T22:38:21.789428,33.902,-1.995268,-0.499993,0.007843,-0.000002,0.003313,0.001533,0.999993,0.000006,0.006626,0.003066,0.000029,-0.000008,0.000000,0.000000,0.000000,0.000019
2025-10-26T22:38:21.890468,34.002,-1.995266,-0.499993,0.007815,0.000001,0.003309,0.001534,0.999993,0.000012,0.006619,0.003067,0.000004,-0.000010,0.000000,0.000000,0.000000,0.000019
2025-10-26T22:38:21.989564,34.102,-1.995263,-0.499993,0.007841,0.000008,0.003311,0.001534,0.999993,0.000026,0.006622,0.003069,0.000026,-0.000011,0.000000,0.000000,0.000000,0.000019
2025-10-26T22:38:22.089754,34.202,-1.995261,-0.499994,0.007828,0.000014,0.003305,0.001535,0.999993,0.000038,0.006611,0.003071,0.000018,-0.000011,0.000000,0.000000,0.000000,0.000018
2025-10-26T22:38:22.189753,34.302,-1.995259,-0.499994,0.007829,0.000016,0.003307,0.001536,0.999993,0.000043,0.006614,0.003072,0.000018,-0.000008,0.000000,0.000000,0.000000,0.000019
2025-10-26T22:38:22.289797,34.402,-1.995256,-0.499993,0.007845,0.000007,0.003309,0.001537,0.999993,0.000025,0.006617,0.003074,0.000034,-0.000007,0.000000,0.000000,0.000000,0.000019
2025-10-26T22:38:22.389610,34.502,-1.995254,-0.499993,0.007816,0.000002,0.003305,0.001538,0.999993,0.000015,0.006611,0.003075,0.000005,-0.000007,0.000000,0.000000,0.000000,0.000019
2025-10-26T22:38:22.489364,34.602,-1.995250,-0.499993,0.007839,0.000005,0.003307,0.001539,0.999993,0.000020,0.006614,0.003078,0.000024,-0.000010,0.000000,0.000000,0.000000,0.000019
2025-10-26T22:38:22.590021,34.702,-1.995248,-0.499993,0.007844,0.000010,0.003306,0.001540,0.999993,0.000030,0.006612,0.003079,0.000031,-0.000008,0.000000,0.000000,0.000000,0.000019
2025-10-26T22:38:22.689859,34.802,-1.995245,-0.499993,0.007833,0.000009,0.003306,0.001540,0.999993,0.000027,0.006613,0.003081,0.000027,-0.000009,0.000000,0.000000,0.000000,0.000018
2025-10-26T22:38:22.791364,34.903,-1.995242,-0.499993,0.007828,-0.000001,0.003308,0.001542,0.999993,0.000008,0.006617,0.003083,0.000016,-0.000007,0.000000,0.000000,0.000000,0.000019
2025-10-26T22:38:22.891566,35.003,-1.995239,-0.499993,0.007843,0.000002,0.003312,0.001542,0.999993,0.000014,0.006623,0.003085,0.000035,-0.000011,0.000000,0.000000,0.000000,0.000018
2025-10-26T22:38:22.989147,35.101,-1.995237,-0.499993,0.007821,0.000008,0.003308,0.001543,0.999993,0.000026,0.006615,0.003086,0.000009,-0.000009,0.000000,0.000000,0.000000,0.000019
2025-10-26T22:38:23.089096,35.201,-1.995234,-0.499993,0.007835,0.000004,0.003308,0.001544,0.999993,0.000019,0.006616,0.003088,0.000020,-0.000009,0.000000,0.000000,0.000000,0.000019
2025-10-26T22:38:23.190063,35.302,-1.995231,-0.499993,0.007828,0.000010,0.003304,0.001545,0.999993,0.000030,0.006608,0.003090,0.000019,-0.000010,0.000000,0.000000,0.000000,0.000018
2025-10-26T22:38:23.290366,35.402,-1.995228,-0.499993,0.007832,0.000014,0.003307,0.001546,0.999993,0.000038,0.006613,0.003092,0.000018,-0.000011,0.000000,0.000000,0.000000,0.000019
2025-10-26T22:38:23.389238,35.502,-1.995226,-0.499993,0.007843,0.000012,0.003309,0.001547,0.999993,0.000035,0.006619,0.003094,0.000034,-0.000006,0.000000,0.000000,0.000000,0.000019
2025-10-26T22:38:23.489904,35.602,-1.995224,-0.499993,0.007816,0.000003,0.003308,0.001548,0.999993,0.000016,0.006616,0.003095,0.000005,-0.000006,0.000000,0.000000,0.000000,0.000019
2025-10-26T22:38:23.589439,35.702,-1.995220,-0.499993,0.007839,0.000001,0.003312,0.001549,0.999993,0.000012,0.006625,0.003097,0.000033,-0.000010,0.000000,0.000000,0.000000,0.000018
2025-10-26T22:38:23.689847,35.802,-1.995218,-0.499993,0.007817,0.000004,0.003308,0.001550,0.999993,0.000018,0.006616,0.003099,0.000004,-0.000009,0.000000,0.000000,0.000000,0.000019
2025-10-26T22:38:23.789310,35.902,-1.995215,-0.499993,0.007842,0.000008,0.003306,0.001550,0.999993,0.000027,0.006612,0.003101,0.000025,-0.000011,0.000000,0.000000,0.000000,0.000019
2025-10-26T22:38:23.889748,36.002,-1.995212,-0.499993,0.007828,0.000005,0.003304,0.001552,0.999993,0.000021,0.006609,0.003103,0.000019,-0.000007,0.000000,0.000000,0.000000,0.000018
2025-10-26T22:38:23.989858,36.102,-1.995209,-0.499993,0.007824,0.000007,0.003308,0.001552,0.999993,0.000024,0.006617,0.003105,0.000014,-0.000010,0.000000,0.000000,0.000000,0.000019
2025-10-26T22:38:24.090385,36.202,-1.995205,-0.499993,0.007845,0.000003,0.003312,0.001553,0.999993,0.000017,0.006623,0.003107,0.000035,-0.000007,0.000000,0.000000,0.000000,0.000019
2025-10-26T22:38:24.189915,36.302,-1.995203,-0.499993,0.007816,-0.000001,0.003309,0.001554,0.999993,0.000009,0.006618,0.003109,0.000004,-0.000007,0.000000,0.000000,0.000000,0.000019
2025-10-26T22:38:24.289496,36.402,-1.995201,-0.499993,0.007843,-0.000002,0.003313,0.001555,0.999993,0.000006,0.006626,0.003110,0.000029,-0.000009,0.000000,0.000000,0.000000,0.000019
2025-10-26T22:38:24.389542,36.502,-1.995197,-0.499993,0.007819,0.000000,0.003310,0.001556,0.999993,0.000011,0.006620,0.003113,0.000008,-0.000009,0.000000,0.000000,0.000000,0.000019
2025-10-26T22:38:24.490749,36.602,-1.995194,-0.499993,0.007845,0.000003,0.003313,0.001557,0.999993,0.000016,0.006625,0.003114,0.000031,-0.000010,0.000000,0.000000,0.000000,0.000019
2025-10-26T22:38:24.589826,36.702,-1.995192,-0.499993,0.007818,0.000007,0.003308,0.001558,0.999993,0.000024,0.006617,0.003116,0.000008,-0.000010,0.000000,0.000000,0.000000,0.000019
2025-10-26T22:38:24.689694,36.802,-1.995189,-0.499993,0.007837,0.000002,0.003307,0.001559,0.999993,0.000014,0.006613,0.003118,0.000021,-0.000010,0.000000,0.000000,0.000000,0.000019
2025-10-26T22:38:24.790117,36.902,-1.995186,-0.499993,0.007846,0.000007,0.003307,0.001560,0.999993,0.000025,0.006614,0.003120,0.000035,-0.000011,0.000000,0.000000,0.000000,0.000018
2025-10-26T22:38:24.889630,37.002,-1.995182,-0.499993,0.007825,0.000016,0.003307,0.001561,0.999993,0.000043,0.006613,0.003122,0.000014,-0.000010,0.000000,0.000000,0.000000,0.000019
2025-10-26T22:38:24.990368,37.102,-1.995180,-0.499993,0.007832,0.000001,0.003305,0.001562,0.999993,0.000012,0.006610,0.003124,0.000018,-0.000004,0.000000,0.000000,0.000000,0.000019
2025-10-26T22:38:25.089729,37.202,-1.995178,-0.499993,0.007847,-0.000002,0.003308,0.001563,0.999993,0.000006,0.006616,0.003125,0.000030,-0.000011,0.000000,0.000000,0.000000,0.000018
2025-10-26T22:38:25.189551,37.302,-1.995174,-0.499993,0.007840,0.000016,0.003309,0.001564,0.999993,0.000041,0.006617,0.003128,0.000033,-0.000008,0.000000,0.000000,0.000000,0.000019
2025-10-26T22:38:25.289246,37.401,-1.995172,-0.499993,0.007823,0.000007,0.003302,0.001565,0.999993,0.000025,0.006604,0.003129,0.000011,-0.000007,0.000000,0.000000,0.000000,0.000019
2025-10-26T22:38:25.390000,37.502,-1.995168,-0.499993,0.007833,0.000000,0.003306,0.001566,0.999993,0.000011,0.006612,0.003132,0.000020,-0.000010,0.000000,0.000000,0.000000,0.000019
2025-10-26T22:38:25.489239,37.601,-1.995165,-0.499993,0.007843,0.000003,0.003310,0.001567,0.999993,0.000016,0.006620,0.003133,0.000036,-0.000009,0.000000,0.000000,0.000000,0.000018
2025-10-26T22:38:25.589867,37.702,-1.995163,-0.499993,0.007816,0.000005,0.003309,0.001567,0.999993,0.000020,0.006618,0.003135,0.000004,-0.000009,0.000000,0.000000,0.000000,0.000019
2025-10-26T22:38:25.689611,37.802,-1.995160,-0.499993,0.007832,0.000004,0.003304,0.001569,0.999993,0.000018,0.006607,0.003137,0.000017,-0.000008,0.000000,0.000000,0.000000,0.000019
2025-10-26T22:38:25.789468,37.902,-1.995157,-0.499993,0.007843,0.000002,0.003306,0.001569,0.999993,0.000014,0.006612,0.003139,0.000032,-0.000010,0.000000,0.000000,0.000000,0.000018
2025-10-26T22:38:25.889730,38.002,-1.995155,-0.499993,0.007818,0.000005,0.003307,0.001570,0.999993,0.000021,0.006615,0.003140,0.000010,-0.000010,0.000000,0.000000,0.000000,0.000019
2025-10-26T22:38:25.990044,38.102,-1.995151,-0.499993,0.007826,0.000009,0.003305,0.001571,0.999993,0.000028,0.006611,0.003143,0.000014,-0.000009,0.000000,0.000000,0.000000,0.000019
2025-10-26T22:38:26.089576,38.202,-1.995149,-0.499993,0.007842,0.000007,0.003304,0.001572,0.999993,0.000024,0.006608,0.003144,0.000026,-0.000009,0.000000,0.000000,0.000000,0.000019
2025-10-26T22:38:26.189574,38.302,-1.995146,-0.499993,0.007843,0.000004,0.003306,0.001573,0.999993,0.000018,0.006613,0.003146,0.000033,-0.000008,0.000000,0.000000,0.000000,0.000019
2025-10-26T22:38:26.292087,38.404,-1.995142,-0.499993,0.007817,0.000001,0.003311,0.001574,0.999993,0.000013,0.006621,0.003148,0.000006,-0.000008,0.000000,0.000000,0.000000,0.000019
2025-10-26T22:38:26.389904,38.502,-1.995140,-0.499993,0.007826,0.000000,0.003308,0.001575,0.999993,0.000011,0.006616,0.003150,0.000014,-0.000008,0.000000,0.000000,0.000000,0.000019
2025-10-26T22:38:26.490088,38.602,-1.995138,-0.499993,0.007832,0.000003,0.003303,0.001576,0.999993,0.000017,0.006605,0.003152,0.000017,-0.000008,0.000000,0.000000,0.000000,0.000019
2025-10-26T22:38:26.589263,38.701,-1.995135,-0.499993,0.007846,0.000003,0.003305,0.001577,0.999993,0.000015,0.006611,0.003153,0.000036,-0.000009,0.000000,0.000000,0.000000,0.000018
2025-10-26T22:38:26.689902,38.802,-1.995133,-0.499993,0.007831,0.000006,0.003308,0.001577,0.999993,0.000022,0.006615,0.003155,0.000023,-0.000007,0.000000,0.000000,0.000000,0.000019
2025-10-26T22:38:26.789361,38.901,-1.995129,-0.499993,0.007841,0.000001,0.003314,0.001579,0.999993,0.000012,0.006628,0.003157,0.000027,-0.000009,0.000000,0.000000,0.000000,0.000019
2025-10-26T22:38:26.889187,39.001,-1.995128,-0.499993,0.007840,0.000002,0.003311,0.001579,0.999993,0.000014,0.006623,0.003158,0.000031,-0.000011,0.000000,0.000000,0.000000,0.000018
2025-10-26T22:38:26.989536,39.102,-1.995124,-0.499993,0.007828,0.000011,0.003306,0.001580,0.999993,0.000033,0.006612,0.003160,0.000015,-0.000011,0.000000,0.000000,0.000000,0.000019
2025-10-26T22:38:27.090404,39.202,-1.995122,-0.499993,0.007843,0.000011,0.003307,0.001581,0.999993,0.000032,0.006614,0.003162,0.000031,-0.000006,0.000000,0.000000,0.000000,0.000019
2025-10-26T22:38:27.190097,39.302,-1.995120,-0.499993,0.007820,0.000005,0.003307,0.001582,0.999993,0.000021,0.006614,0.003164,0.000012,-0.000009,0.000000,0.000000,0.000000,0.000018
2025-10-26T22:38:27.290743,39.402,-1.995117,-0.499993,0.007826,0.000005,0.003310,0.001583,0.999993,0.000021,0.006619,0.003165,0.000015,-0.000009,0.000000,0.000000,0.000000,0.000019
2025-10-26T22:38:27.389978,39.502,-1.995115,-0.499993,0.007843,0.000007,0.003307,0.001583,0.999993,0.000024,0.006614,0.003167,0.000027,-0.000009,0.000000,0.000000,0.000000,0.000019
2025-10-26T22:38:27.489917,39.602,-1.995111,-0.499993,0.007838,0.000002,0.003305,0.001585,0.999993,0.000014,0.006610,0.003169,0.000032,-0.000010,0.000000,0.000000,0.000000,0.000018
2025-10-26T22:38:27.589690,39.702,-1.995109,-0.499993,0.007819,0.000006,0.003307,0.001585,0.999993,0.000023,0.006615,0.003171,0.000009,-0.000009,0.000000,0.000000,0.000000,0.000019
2025-10-26T22:38:27.691001,39.803,-1.995106,-0.499993,0.007838,0.000007,0.003312,0.001586,0.999993,0.000025,0.006624,0.003172,0.000024,-0.000007,0.000000,0.000000,0.000000,0.000019
2025-10-26T22:38:27.789981,39.902,-1.995104,-0.499993,0.007835,0.000002,0.003310,0.001587,0.999993,0.000015,0.006620,0.003174,0.000028,-0.000007,0.000000,0.000000,0.000000,0.000018
2025-10-26T22:38:27.889696,40.002,-1.995100,-0.499993,0.007841,-0.000000,0.003313,0.001588,0.999993,0.000010,0.006626,0.003176,0.000027,-0.000009,0.000000,0.000000,0.000000,0.000019
2025-10-26T22:38:27.989429,40.102,-1.995098,-0.499993,0.007828,0.000001,0.003310,0.001589,0.999993,0.000013,0.006620,0.003178,0.000019,-0.000009,0.000000,0.000000,0.000000,0.000018
2025-10-26T22:38:28.089529,40.202,-1.995095,-0.499993,0.007832,0.000004,0.003312,0.001590,0.999993,0.000018,0.006625,0.003179,0.000018,-0.000010,0.000000,0.000000,0.000000,0.000019
2025-10-26T22:38:28.189605,40.302,-1.995093,-0.499993,0.007846,0.000006,0.003309,0.001590,0.999993,0.000022,0.006618,0.003181,0.000030,-0.000010,0.000000,0.000000,0.000000,0.000018
2025-10-26T22:38:28.289767,40.402,-1.995091,-0.499993,0.007822,0.000010,0.003302,0.001591,0.999993,0.000030,0.006604,0.003183,0.000011,-0.000012,0.000000,0.000000,0.000000,0.000018
2025-10-26T22:38:28.390019,40.502,-1.995088,-0.499993,0.007824,0.000008,0.003306,0.001592,0.999993,0.000026,0.006612,0.003184,0.000014,-0.000008,0.000000,0.000000,0.000000,0.000019
2025-10-26T22:38:28.490797,40.602,-1.995086,-0.499993,0.007845,0.000003,0.003310,0.001593,0.999993,0.000017,0.006620,0.003186,0.000034,-0.000008,0.000000,0.000000,0.000000,0.000018
2025-10-26T22:38:28.589868,40.702,-1.995082,-0.499993,0.007828,0.000002,0.003312,0.001594,0.999993,0.000014,0.006623,0.003188,0.000016,-0.000010,0.000000,0.000000,0.000000,0.000019
2025-10-26T22:38:28.689941,40.802,-1.995080,-0.499993,0.007841,0.000002,0.003311,0.001595,0.999993,0.000015,0.006623,0.003190,0.000028,-0.000010,0.000000,0.000000,0.000000,0.000019
2025-10-26T22:38:28.789393,40.902,-1.995077,-0.499993,0.007843,0.000006,0.003304,0.001596,0.999993,0.000022,0.006608,0.003191,0.000030,-0.000010,0.000000,0.000000,0.000000,0.000019
2025-10-26T22:38:28.890491,41.002,-1.995075,-0.499993,0.007839,0.000002,0.003301,0.001596,0.999993,0.000014,0.006602,0.003193,0.000031,-0.000007,0.000000,0.000000,0.000000,0.000018
2025-10-26T22:38:28.989498,41.102,-1.995072,-0.499993,0.007818,-0.000001,0.003306,0.001597,0.999993,0.000009,0.006611,0.003194,0.000007,-0.000009,0.000000,0.000000,0.000000,0.000019
2025-10-26T22:38:29.089819,41.202,-1.995070,-0.499993,0.007838,0.000005,0.003312,0.001598,0.999993,0.000020,0.006625,0.003196,0.000027,-0.000012,0.000000,0.000000,0.000000,0.000018
2025-10-26T22:38:29.189765,41.302,-1.995068,-0.499993,0.007844,0.000011,0.003308,0.001599,0.999993,0.000032,0.006616,0.003198,0.000030,-0.000008,0.000000,0.000000,0.000000,0.000019
2025-10-26T22:38:29.289303,41.402,-1.995065,-0.499993,0.007826,0.000009,0.003303,0.001600,0.999993,0.000029,0.006605,0.003199,0.000015,-0.000008,0.000000,0.000000,0.000000,0.000018
2025-10-26T22:38:29.389546,41.502,-1.995063,-0.499993,0.007818,0.000003,0.003305,0.001600,0.999993,0.000017,0.006609,0.003201,0.000005,-0.000007,0.000000,0.000000,0.000000,0.000019
2025-10-26T22:38:29.490244,41.602,-1.995060,-0.499993,0.007843,0.000001,0.003312,0.001601,0.999993,0.000013,0.006625,0.003202,0.000030,-0.000009,0.000000,0.000000,0.000000,0.000019
2025-10-26T22:38:29.589127,41.701,-1.995057,-0.499993,0.007816,0.000006,0.003308,0.001602,0.999993,0.000022,0.006617,0.003205,0.000003,-0.000011,0.000000,0.000000,0.000000,0.000019
2025-10-26T22:38:29.690227,41.802,-1.995054,-0.499993,0.007834,0.000009,0.003306,0.001603,0.999993,0.000029,0.006612,0.003207,0.000020,-0.000009,0.000000,0.000000,0.000000,0.000019
2025-10-26T22:38:29.789543,41.902,-1.995052,-0.499993,0.007846,0.000006,0.003305,0.001604,0.999993,0.000023,0.006611,0.003208,0.000031,-0.000009,0.000000,0.000000,0.000000,0.000019
2025-10-26T22:38:29.889447,42.002,-1.995048,-0.499993,0.007816,0.000014,0.003305,0.001605,0.999993,0.000038,0.006610,0.003211,0.000005,-0.000010,0.000000,0.000000,0.000000,0.000019
2025-10-26T22:38:29.989576,42.102,-1.995046,-0.499993,0.007836,0.000012,0.003307,0.001606,0.999993,0.000035,0.006615,0.003212,0.000021,-0.000008,0.000000,0.000000,0.000000,0.000019
2025-10-26T22:38:30.089944,42.202,-1.995043,-0.499993,0.007840,0.000008,0.003305,0.001607,0.999993,0.000026,0.006611,0.003214,0.000033,-0.000008,0.000000,0.000000,0.000000,0.000018
2025-10-26T22:38:30.190088,42.302,-1.995041,-0.499993,0.007817,0.000010,0.003304,0.001608,0.999993,0.000032,0.006608,0.003215,0.000005,-0.000010,0.000000,0.000000,0.000000,0.000019
2025-10-26T22:38:30.289553,42.402,-1.995038,-0.499993,0.007843,0.000014,0.003309,0.001608,0.999993,0.000038,0.006619,0.003217,0.000029,-0.000010,0.000000,0.000000,0.000000,0.000019
2025-10-26T22:38:30.390392,42.502,-1.995036,-0.499993,0.007840,0.000010,0.003305,0.001609,0.999993,0.000030,0.006611,0.003219,0.000033,-0.000007,0.000000,0.000000,0.000000,0.000019
2025-10-26T22:38:30.489822,42.602,-1.995034,-0.499993,0.007822,0.000007,0.003306,0.001610,0.999993,0.000024,0.006612,0.003220,0.000012,-0.000009,0.000000,0.000000,0.000000,0.000019
2025-10-26T22:38:30.589442,42.702,-1.995031,-0.499993,0.007833,0.000005,0.003308,0.001611,0.999993,0.000020,0.006616,0.003222,0.000021,-0.000008,0.000000,0.000000,0.000000,0.000019
2025-10-26T22:38:30.689135,42.801,-1.995029,-0.499993,0.007845,0.000006,0.003307,0.001612,0.999993,0.000022,0.006615,0.003223,0.000035,-0.000009,0.000000,0.000000,0.000000,0.000018
2025-10-26T22:38:30.789162,42.901,-1.995025,-0.499993,0.007832,0.000009,0.003307,0.001613,0.999993,0.000030,0.006615,0.003226,0.000019,-0.000010,0.000000,0.000000,0.000000,0.000019
2025-10-26T22:38:30.889014,43.001,-1.995023,-0.499993,0.007843,0.000012,0.003307,0.001614,0.999993,0.000035,0.006614,0.003227,0.000035,-0.000010,0.000000,0.000000,0.000000,0.000018
2025-10-26T22:38:30.989598,43.102,-1.995020,-0.499993,0.007819,0.000016,0.003305,0.001614,0.999993,0.000042,0.006610,0.003229,0.000008,-0.000009,0.000000,0.000000,0.000000,0.000019
2025-10-26T22:38:31.089707,43.202,-1.995018,-0.499993,0.007841,0.000016,0.003309,0.001615,0.999993,0.000044,0.006619,0.003231,0.000031,-0.000007,0.000000,0.000000,0.000000,0.000019
2025-10-26T22:38:31.189469,43.302,-1.995016,-0.499993,0.007843,0.000001,0.003308,0.001616,0.999993,0.000013,0.006617,0.003232,0.000035,-0.000003,0.000000,0.000000,0.000000,0.000019
2025-10-26T22:38:31.290011,43.402,-1.995013,-0.499992,0.007818,-0.000008,0.003308,0.001617,0.999993,-0.000005,0.006615,0.003233,0.000006,-0.000009,0.000000,0.000000,0.000000,0.000019
2025-10-26T22:38:31.390409,43.502,-1.995009,-0.499993,0.007845,0.000009,0.003309,0.001618,0.999993,0.000029,0.006618,0.003236,0.000032,-0.000012,0.000000,0.000000,0.000000,0.000018
2025-10-26T22:38:31.489565,43.602,-1.995007,-0.499993,0.007843,0.000009,0.003307,0.001619,0.999993,0.000028,0.006613,0.003238,0.000033,-0.000005,0.000000,0.000000,0.000000,0.000019
2025-10-26T22:38:31.589257,43.701,-1.995005,-0.499993,0.007831,0.000003,0.003303,0.001620,0.999993,0.000018,0.006606,0.003239,0.000021,-0.000007,0.000000,0.000000,0.000000,0.000018
2025-10-26T22:38:31.691166,43.803,-1.995002,-0.499993,0.007818,0.000001,0.003304,0.001620,0.999993,0.000014,0.006607,0.003241,0.000006,-0.000008,0.000000,0.000000,0.000000,0.000019
2025-10-26T22:38:31.789655,43.902,-1.994999,-0.499993,0.007839,0.000008,0.003308,0.001622,0.999993,0.000026,0.006615,0.003243,0.000024,-0.000011,0.000000,0.000000,0.000000,0.000019
2025-10-26T22:38:31.889964,44.002,-1.994996,-0.499993,0.007835,0.000013,0.003307,0.001622,0.999993,0.000037,0.006614,0.003245,0.000029,-0.000010,0.000000,0.000000,0.000000,0.000018
2025-10-26T22:38:31.989696,44.102,-1.994994,-0.499993,0.007817,0.000011,0.003304,0.001623,0.999993,0.000033,0.006609,0.003246,0.000004,-0.000007,0.000000,0.000000,0.000000,0.000019
2025-10-26T22:38:32.090267,44.202,-1.994991,-0.499993,0.007838,0.000008,0.003306,0.001624,0.999993,0.000027,0.006613,0.003248,0.000024,-0.000010,0.000000,0.000000,0.000000,0.000019
2025-10-26T22:38:32.189741,44.302,-1.994989,-0.499993,0.007835,0.000011,0.003305,0.001625,0.999993,0.000033,0.006610,0.003250,0.000029,-0.000010,0.000000,0.000000,0.000000,0.000018
2025-10-26T22:38:32.289587,44.401,-1.994985,-0.499993,0.007835,0.000015,0.003307,0.001626,0.999993,0.000042,0.006615,0.003252,0.000022,-0.000009,0.000000,0.000000,0.000000,0.000019
2025-10-26T22:38:32.389310,44.501,-1.994983,-0.499992,0.007841,0.000002,0.003305,0.001627,0.999993,0.000015,0.006610,0.003253,0.000026,-0.000002,0.000000,0.000000,0.000000,0.000019
2025-10-26T22:38:32.489519,44.602,-1.994980,-0.499992,0.007851,-0.000004,0.003306,0.001627,0.999993,0.000002,0.006612,0.003255,0.000037,-0.000010,0.000000,0.000000,0.000000,0.000018
2025-10-26T22:38:32.591160,44.703,-1.994977,-0.499993,0.007837,0.000015,0.003307,0.001629,0.999993,0.000040,0.006614,0.003258,0.000030,-0.000010,0.000000,0.000000,0.000000,0.000019
2025-10-26T22:38:32.690383,44.802,-1.994974,-0.499993,0.007816,0.000010,0.003303,0.001630,0.999993,0.000030,0.006605,0.003259,0.000004,-0.000006,0.000000,0.000000,0.000000,0.000019
2025-10-26T22:38:32.789705,44.902,-1.994972,-0.499992,0.007834,0.000004,0.003308,0.001630,0.999993,0.000019,0.006615,0.003261,0.000022,-0.000007,0.000000,0.000000,0.000000,0.000019
2025-10-26T22:38:32.890862,45.003,-1.994970,-0.499992,0.007845,0.000002,0.003310,0.001631,0.999993,0.000015,0.006620,0.003262,0.000036,-0.000008,0.000000,0.000000,0.000000,0.000018
2025-10-26T22:38:32.989451,45.102,-1.994967,-0.499992,0.007816,0.000002,0.003310,0.001632,0.999993,0.000016,0.006620,0.003264,0.000005,-0.000009,0.000000,0.000000,0.000000,0.000019
2025-10-26T22:38:33.089525,45.202,-1.994964,-0.499992,0.007839,0.000004,0.003306,0.001633,0.999993,0.000018,0.006613,0.003266,0.000023,-0.000010,0.000000,0.000000,0.000000,0.000019
2025-10-26T22:38:33.189654,45.302,-1.994961,-0.499993,0.007846,0.000012,0.003305,0.001634,0.999993,0.000035,0.006609,0.003268,0.000036,-0.000011,0.000000,0.000000,0.000000,0.000018
2025-10-26T22:38:33.289748,45.402,-1.994959,-0.499992,0.007818,0.000008,0.003308,0.001635,0.999993,0.000026,0.006616,0.003269,0.000006,-0.000005,0.000000,0.000000,0.000000,0.000020
2025-10-26T22:38:33.389595,45.502,-1.994956,-0.499992,0.007824,-0.000004,0.003309,0.001635,0.999993,0.000002,0.006618,0.003271,0.000014,-0.000007,0.000000,0.000000,0.000000,0.000019
2025-10-26T22:38:33.489192,45.601,-1.994954,-0.499992,0.007844,0.000003,0.003310,0.001636,0.999993,0.000017,0.006621,0.003273,0.000030,-0.000013,0.000000,0.000000,0.000000,0.000018
2025-10-26T22:38:33.589464,45.702,-1.994951,-0.499993,0.007832,0.000014,0.003307,0.001637,0.999993,0.000038,0.006613,0.003274,0.000026,-0.000007,0.000000,0.000000,0.000000,0.000019
2025-10-26T22:38:33.689513,45.802,-1.994949,-0.499992,0.007819,0.000003,0.003302,0.001638,0.999993,0.000018,0.006604,0.003276,0.000006,-0.000007,0.000000,0.000000,0.000000,0.000019
2025-10-26T22:38:33.789140,45.901,-1.994947,-0.499992,0.007828,0.000005,0.003305,0.001639,0.999993,0.000022,0.006610,0.003277,0.000017,-0.000011,0.000000,0.000000,0.000000,0.000019
2025-10-26T22:38:33.890297,46.002,-1.994944,-0.499992,0.007839,0.000008,0.003308,0.001639,0.999993,0.000027,0.006616,0.003279,0.000025,-0.000009,0.000000,0.000000,0.000000,0.000019
2025-10-26T22:38:33.991225,46.102,-1.994942,-0.499992,0.007835,0.000006,0.003307,0.001640,0.999993,0.000024,0.006615,0.003281,0.000029,-0.000009,0.000000,0.000000,0.000000,0.000018
2025-10-26T22:38:34.089722,46.202,-1.994938,-0.499992,0.007835,0.000007,0.003311,0.001641,0.999993,0.000025,0.006622,0.003283,0.000023,-0.000008,0.000000,0.000000,0.000000,0.000019
2025-10-26T22:38:34.189912,46.302,-1.994936,-0.499992,0.007843,-0.000001,0.003309,0.001642,0.999993,0.000009,0.006617,0.003284,0.000035,-0.000007,0.000000,0.000000,0.000000,0.000018
2025-10-26T22:38:34.289504,46.402,-1.994933,-0.499992,0.007817,-0.000000,0.003306,0.001643,0.999993,0.000010,0.006611,0.003286,0.000005,-0.000009,0.000000,0.000000,0.000000,0.000019
2025-10-26T22:38:34.389935,46.502,-1.994931,-0.499992,0.007841,0.000002,0.003311,0.001644,0.999993,0.000015,0.006621,0.003288,0.000027,-0.000010,0.000000,0.000000,0.000000,0.000019
2025-10-26T22:38:34.489953,46.602,-1.994927,-0.499992,0.007816,0.000007,0.003308,0.001645,0.999993,0.000025,0.006616,0.003290,0.000004,-0.000009,0.000000,0.000000,0.000000,0.000019
2025-10-26T22:38:34.589787,46.702,-1.994925,-0.499992,0.007836,0.000005,0.003309,0.001646,0.999993,0.000021,0.006617,0.003292,0.000020,-0.000007,0.000000,0.000000,0.000000,0.000019
2025-10-26T22:38:34.689783,46.802,-1.994922,-0.499992,0.007846,0.000004,0.003307,0.001647,0.999993,0.000018,0.006614,0.003293,0.000035,-0.000009,0.000000,0.000000,0.000000,0.000018
2025-10-26T22:38:34.789689,46.902,-1.994920,-0.499992,0.007832,0.000008,0.003304,0.001647,0.999993,0.000026,0.006609,0.003295,0.000022,-0.000007,0.000000,0.000000,0.000000,0.000019
2025-10-26T22:38:34.889696,47.002,-1.994918,-0.499992,0.007823,0.000005,0.003302,0.001648,0.999993,0.000020,0.006604,0.003296,0.000011,-0.000008,0.000000,0.000000,0.000000,0.000019
2025-10-26T22:38:34.991497,47.103,-1.994914,-0.499992,0.007839,0.000007,0.003308,0.001649,0.999993,0.000025,0.006617,0.003299,0.000025,-0.000011,0.000000,0.000000,0.000000,0.000019
2025-10-26T22:38:35.089909,47.202,-1.994911,-0.499992,0.007842,0.000009,0.003310,0.001650,0.999993,0.000030,0.006620,0.003300,0.000034,-0.000007,0.000000,0.000000,0.000000,0.000019
2025-10-26T22:38:35.190782,47.302,-1.994909,-0.499992,0.007816,0.000004,0.003308,0.001651,0.999993,0.000020,0.006615,0.003302,0.000004,-0.000007,0.000000,0.000000,0.000000,0.000019
2025-10-26T22:38:35.290368,47.402,-1.994907,-0.499992,0.007843,0.000002,0.003312,0.001652,0.999993,0.000015,0.006624,0.003304,0.000029,-0.000009,0.000000,0.000000,0.000000,0.000019
2025-10-26T22:38:35.389794,47.502,-1.994903,-0.499992,0.007819,0.000003,0.003310,0.001653,0.999993,0.000017,0.006619,0.003306,0.000008,-0.000008,0.000000,0.000000,0.000000,0.000019
2025-10-26T22:38:35.490312,47.602,-1.994900,-0.499992,0.007845,0.000005,0.003313,0.001654,0.999993,0.000021,0.006625,0.003308,0.000031,-0.000010,0.000000,0.000000,0.000000,0.000019
2025-10-26T22:38:35.589772,47.702,-1.994898,-0.499992,0.007835,0.000000,0.003307,0.001655,0.999993,0.000012,0.006613,0.003309,0.000027,-0.000006,0.000000,0.000000,0.000000,0.000018
2025-10-26T22:38:35.689442,47.802,-1.994896,-0.499992,0.007820,0.000000,0.003305,0.001655,0.999993,0.000011,0.006610,0.003311,0.000006,-0.000010,0.000000,0.000000,0.000000,0.000019
2025-10-26T22:38:35.789611,47.902,-1.994893,-0.499992,0.007841,0.000007,0.003309,0.001656,0.999993,0.000025,0.006619,0.003312,0.000027,-0.000011,0.000000,0.000000,0.000000,0.000019
2025-10-26T22:38:35.890167,48.002,-1.994891,-0.499992,0.007840,0.000012,0.003308,0.001657,0.999993,0.000034,0.006616,0.003314,0.000033,-0.000007,0.000000,0.000000,0.000000,0.000019
2025-10-26T22:38:35.989895,48.102,-1.994887,-0.499992,0.007835,0.000006,0.003307,0.001658,0.999993,0.000023,0.006614,0.003316,0.000021,-0.000009,0.000000,0.000000,0.000000,0.000019
2025-10-26T22:38:36.089113,48.201,-1.994885,-0.499992,0.007845,0.000010,0.003307,0.001659,0.999993,0.000031,0.006615,0.003318,0.000035,-0.000010,0.000000,0.000000,0.000000,0.000018
2025-10-26T22:38:36.191145,48.302,-1.994882,-0.499992,0.007816,0.000014,0.003305,0.001660,0.999993,0.000039,0.006611,0.003320,0.000004,-0.000010,0.000000,0.000000,0.000000,0.000019
2025-10-26T22:38:36.289919,48.402,-1.994880,-0.499992,0.007822,0.000009,0.003303,0.001661,0.999993,0.000030,0.006607,0.003321,0.000010,-0.000003,0.000000,0.000000,0.000000,0.000020
2025-10-26T22:38:36.393133,48.505,-1.994878,-0.499992,0.007834,-0.000004,0.003305,0.001661,0.999993,0.000003,0.006610,0.003323,0.000019,-0.000007,0.000000,0.000000,0.000000,0.000019
2025-10-26T22:38:36.491462,48.603,-1.994876,-0.499992,0.007833,-0.000003,0.003307,0.001662,0.999993,0.000005,0.006614,0.003323,0.000021,-0.000011,0.000000,0.000000,0.000000,0.000018
2025-10-26T22:38:36.589688,48.702,-1.994874,-0.499992,0.007841,0.000006,0.003309,0.001662,0.999993,0.000023,0.006618,0.003325,0.000035,-0.000011,0.000000,0.000000,0.000000,0.000018
2025-10-26T22:38:36.690101,48.802,-1.994871,-0.499992,0.007829,0.000014,0.003313,0.001663,0.999993,0.000039,0.006625,0.003327,0.000017,-0.000011,0.000000,0.000000,0.000000,0.000019
2025-10-26T22:38:36.790443,48.902,-1.994869,-0.499992,0.007840,0.000009,0.003311,0.001664,0.999993,0.000029,0.006622,0.003328,0.000025,-0.000005,0.000000,0.000000,0.000000,0.000019
2025-10-26T22:38:36.891089,49.003,-1.994866,-0.499992,0.007823,0.000001,0.003303,0.001665,0.999993,0.000012,0.006606,0.003331,0.000011,-0.000010,0.000000,0.000000,0.000000,0.000018
2025-10-26T22:38:36.990526,49.102,-1.994863,-0.499992,0.007820,0.000006,0.003303,0.001666,0.999993,0.000022,0.006606,0.003332,0.000007,-0.000010,0.000000,0.000000,0.000000,0.000019
2025-10-26T22:38:37.089848,49.202,-1.994861,-0.499992,0.007835,0.000009,0.003309,0.001667,0.999993,0.000030,0.006618,0.003334,0.000022,-0.000011,0.000000,0.000000,0.000000,0.000019
2025-10-26T22:38:37.190241,49.302,-1.994858,-0.499992,0.007843,0.000011,0.003310,0.001668,0.999993,0.000033,0.006620,0.003336,0.000033,-0.000007,0.000000,0.000000,0.000000,0.000019
2025-10-26T22:38:37.290892,49.403,-1.994855,-0.499992,0.007828,0.000003,0.003309,0.001669,0.999993,0.000018,0.006617,0.003338,0.000016,-0.000009,0.000000,0.000000,0.000000,0.000019
2025-10-26T22:38:37.389879,49.502,-1.994852,-0.499992,0.007845,0.000002,0.003309,0.001670,0.999993,0.000015,0.006618,0.003339,0.000035,-0.000009,0.000000,0.000000,0.000000,0.000018
2025-10-26T22:38:37.489760,49.602,-1.994850,-0.499992,0.007816,0.000003,0.003306,0.001670,0.999993,0.000017,0.006611,0.003341,0.000004,-0.000009,0.000000,0.000000,0.000000,0.000019
2025-10-26T22:38:37.590032,49.702,-1.994847,-0.499992,0.007843,0.000005,0.003309,0.001671,0.999993,0.000020,0.006618,0.003343,0.000029,-0.000010,0.000000,0.000000,0.000000,0.000019
2025-10-26T22:38:37.689807,49.802,-1.994844,-0.499992,0.007819,0.000009,0.003305,0.001672,0.999993,0.000030,0.006610,0.003345,0.000008,-0.000009,0.000000,0.000000,0.000000,0.000019
2025-10-26T22:38:37.791060,49.903,-1.994841,-0.499992,0.007845,0.000012,0.003307,0.001673,0.999993,0.000036,0.006614,0.003347,0.000031,-0.000010,0.000000,0.000000,0.000000,0.000019
2025-10-26T22:38:37.889788,50.002,-1.994839,-0.499992,0.007826,0.000012,0.003305,0.001674,0.999993,0.000035,0.006610,0.003348,0.000015,-0.000007,0.000000,0.000000,0.000000,0.000019
2025-10-26T22:38:37.990527,50.102,-1.994836,-0.499992,0.007832,0.000002,0.003309,0.001675,0.999993,0.000015,0.006619,0.003350,0.000019,-0.000007,0.000000,0.000000,0.000000,0.000019
2025-10-26T22:38:38.090165,50.202,-1.994833,-0.499992,0.007818,-0.000005,0.003308,0.001676,0.999993,0.000002,0.006616,0.003352,0.000009,-0.000009,0.000000,0.000000,0.000000,0.000018
2025-10-26T22:38:38.189458,50.302,-1.994830,-0.499992,0.007829,0.000004,0.003310,0.001677,0.999993,0.000019,0.006621,0.003354,0.000017,-0.000011,0.000000,0.000000,0.000000,0.000019
2025-10-26T22:38:38.289383,50.402,-1.994828,-0.499992,0.007836,0.000008,0.003305,0.001678,0.999993,0.000027,0.006609,0.003355,0.000021,-0.000010,0.000000,0.000000,0.000000,0.000019
2025-10-26T22:38:38.390291,50.502,-1.994826,-0.499992,0.007843,0.000011,0.003304,0.001678,0.999993,0.000034,0.006608,0.003357,0.000034,-0.000008,0.000000,0.000000,0.000000,0.000019
2025-10-26T22:38:38.492350,50.604,-1.994822,-0.499992,0.007823,0.000004,0.003307,0.001680,0.999993,0.000018,0.006614,0.003359,0.000014,-0.000009,0.000000,0.000000,0.000000,0.000019
2025-10-26T22:38:38.589611,50.702,-1.994819,-0.499992,0.007845,0.000001,0.003311,0.001680,0.999993,0.000014,0.006623,0.003361,0.000034,-0.000008,0.000000,0.000000,0.000000,0.000018
2025-10-26T22:38:38.689294,50.801,-1.994817,-0.499992,0.007816,0.000002,0.003310,0.001681,0.999993,0.000014,0.006620,0.003362,0.000005,-0.000008,0.000000,0.000000,0.000000,0.000019
2025-10-26T22:38:38.789316,50.902,-1.994815,-0.499992,0.007820,0.000002,0.003305,0.001682,0.999993,0.000014,0.006610,0.003364,0.000007,-0.000009,0.000000,0.000000,0.000000,0.000019
2025-10-26T22:38:38.889851,51.002,-1.994812,-0.499992,0.007837,0.000008,0.003304,0.001683,0.999993,0.000027,0.006607,0.003366,0.000022,-0.000013,0.000000,0.000000,0.000000,0.000018
2025-10-26T22:38:38.989491,51.102,-1.994810,-0.499992,0.007839,0.000009,0.003304,0.001684,0.999993,0.000029,0.006608,0.003367,0.000025,-0.000006,0.000000,0.000000,0.000000,0.000019
2025-10-26T22:38:39.089277,51.201,-1.994807,-0.499992,0.007844,0.000004,0.003308,0.001684,0.999993,0.000019,0.006616,0.003369,0.000037,-0.000008,0.000000,0.000000,0.000000,0.000018
2025-10-26T22:38:39.189665,51.302,-1.994805,-0.499992,0.007816,0.000003,0.003309,0.001685,0.999993,0.000017,0.006619,0.003370,0.000005,-0.000008,0.000000,0.000000,0.000000,0.000019
2025-10-26T22:38:39.289570,51.402,-1.994803,-0.499992,0.007822,0.000002,0.003306,0.001686,0.999993,0.000016,0.006613,0.003372,0.000011,-0.000008,0.000000,0.000000,0.000000,0.000019
2025-10-26T22:38:39.391056,51.503,-1.994800,-0.499992,0.007828,0.000005,0.003302,0.001687,0.999993,0.000022,0.006603,0.003374,0.000015,-0.000008,0.000000,0.000000,0.000000,0.000019
2025-10-26T22:38:39.489454,51.602,-1.994798,-0.499992,0.007836,-0.000001,0.003303,0.001688,0.999993,0.000009,0.006607,0.003375,0.000022,-0.000007,0.000000,0.000000,0.000000,0.000019
2025-10-26T22:38:39.589571,51.702,-1.994795,-0.499992,0.007843,0.000000,0.003309,0.001688,0.999993,0.000012,0.006618,0.003377,0.000033,-0.000011,0.000000,0.000000,0.000000,0.000018
2025-10-26T22:38:39.689856,51.802,-1.994793,-0.499992,0.007840,0.000005,0.003310,0.001689,0.999993,0.000022,0.006619,0.003378,0.000033,-0.000011,0.000000,0.000000,0.000000,0.000018
2025-10-26T22:38:39.789906,51.902,-1.994791,-0.499992,0.007837,0.000009,0.003304,0.001690,0.999993,0.000029,0.006609,0.003380,0.000028,-0.000007,0.000000,0.000000,0.000000,0.000019
2025-10-26T22:38:39.890218,52.002,-1.994788,-0.499992,0.007820,0.000005,0.003303,0.001691,0.999993,0.000022,0.006605,0.003382,0.000007,-0.000006,0.000000,0.000000,0.000000,0.000019
2025-10-26T22:38:39.989520,52.102,-1.994786,-0.499992,0.007832,-0.000002,0.003308,0.001692,0.999993,0.000008,0.006617,0.003383,0.000020,-0.000008,0.000000,0.000000,0.000000,0.000019
2025-10-26T22:38:40.089178,52.201,-1.994783,-0.499992,0.007843,-0.000000,0.003311,0.001692,0.999993,0.000011,0.006622,0.003385,0.000027,-0.000010,0.000000,0.000000,0.000000,0.000019
2025-10-26T22:38:40.189373,52.302,-1.994781,-0.499992,0.007818,0.000009,0.003308,0.001693,0.999993,0.000029,0.006615,0.003386,0.000008,-0.000011,0.000000,0.000000,0.000000,0.000019
2025-10-26T22:38:40.289436,52.402,-1.994778,-0.499992,0.007828,0.000011,0.003307,0.001694,0.999993,0.000033,0.006615,0.003388,0.000015,-0.000009,0.000000,0.000000,0.000000,0.000019
2025-10-26T22:38:40.389838,52.502,-1.994776,-0.499992,0.007847,0.000009,0.003306,0.001695,0.999993,0.000030,0.006612,0.003390,0.000035,-0.000009,0.000000,0.000000,0.000000,0.000018
2025-10-26T22:38:40.489939,52.602,-1.994772,-0.499992,0.007816,0.000002,0.003306,0.001696,0.999993,0.000015,0.006612,0.003392,0.000005,-0.000006,0.000000,0.000000,0.000000,0.000019
2025-10-26T22:38:40.589031,52.701,-1.994770,-0.499992,0.007843,-0.000003,0.003312,0.001697,0.999993,0.000005,0.006624,0.003393,0.000030,-0.000008,0.000000,0.000000,0.000000,0.000019
2025-10-26T22:38:40.689956,52.802,-1.994767,-0.499992,0.007823,0.000001,0.003309,0.001697,0.999993,0.000013,0.006619,0.003395,0.000014,-0.000011,0.000000,0.000000,0.000000,0.000018
2025-10-26T22:38:40.789678,52.902,-1.994765,-0.499992,0.007818,0.000008,0.003304,0.001698,0.999993,0.000027,0.006608,0.003397,0.000004,-0.000011,0.000000,0.000000,0.000000,0.000019
2025-10-26T22:38:40.889877,53.002,-1.994763,-0.499992,0.007836,0.000007,0.003306,0.001699,0.999993,0.000025,0.006612,0.003398,0.000021,-0.000008,0.000000,0.000000,0.000000,0.000019
2025-10-26T22:38:40.989439,53.102,-1.994760,-0.499992,0.007846,0.000003,0.003309,0.001700,0.999993,0.000017,0.006617,0.003400,0.000033,-0.000008,0.000000,0.000000,0.000000,0.000019
2025-10-26T22:38:41.089359,53.202,-1.994758,-0.499992,0.007818,0.000002,0.003308,0.001701,0.999993,0.000016,0.006616,0.003401,0.000009,-0.000008,0.000000,0.000000,0.000000,0.000019
2025-10-26T22:38:41.189652,53.302,-1.994755,-0.499992,0.007827,0.000002,0.003311,0.001701,0.999993,0.000016,0.006621,0.003403,0.000016,-0.000010,0.000000,0.000000,0.000000,0.000019
2025-10-26T22:38:41.290586,53.402,-1.994753,-0.499992,0.007844,0.000004,0.003307,0.001702,0.999993,0.000019,0.006614,0.003405,0.000028,-0.000010,0.000000,0.000000,0.000000,0.000019
2025-10-26T22:38:41.389406,53.502,-1.994751,-0.499992,0.007835,0.000011,0.003303,0.001703,0.999993,0.000034,0.006606,0.003406,0.000028,-0.000011,0.000000,0.000000,0.000000,0.000018
2025-10-26T22:38:41.489908,53.602,-1.994747,-0.499992,0.007835,0.000005,0.003310,0.001704,0.999993,0.000020,0.006621,0.003409,0.000022,-0.000008,0.000000,0.000000,0.000000,0.000019
2025-10-26T22:38:41.590387,53.702,-1.994744,-0.499992,0.007840,0.000001,0.003311,0.001705,0.999993,0.000013,0.006622,0.003410,0.000034,-0.000008,0.000000,0.000000,0.000000,0.000018
2025-10-26T22:38:41.690039,53.802,-1.994741,-0.499992,0.007840,0.000002,0.003311,0.001706,0.999993,0.000016,0.006623,0.003413,0.000024,-0.000010,0.000000,0.000000,0.000000,0.000019
2025-10-26T22:38:41.789834,53.902,-1.994738,-0.499992,0.007836,0.000008,0.003307,0.001707,0.999993,0.000027,0.006613,0.003414,0.000028,-0.000008,0.000000,0.000000,0.000000,0.000019
2025-10-26T22:38:41.889317,54.002,-1.994736,-0.499992,0.007817,0.000008,0.003305,0.001708,0.999993,0.000027,0.006609,0.003416,0.000004,-0.000009,0.000000,0.000000,0.000000,0.000019
2025-10-26T22:38:41.989790,54.102,-1.994734,-0.499992,0.007843,0.000007,0.003311,0.001709,0.999993,0.000026,0.006623,0.003417,0.000029,-0.000009,0.000000,0.000000,0.000000,0.000019
2025-10-26T22:38:42.089529,54.202,-1.994731,-0.499992,0.007822,0.000010,0.003308,0.001709,0.999993,0.000031,0.006616,0.003419,0.000013,-0.000009,0.000000,0.000000,0.000000,0.000018
2025-10-26T22:38:42.190357,54.302,-1.994728,-0.499992,0.007832,0.000004,0.003304,0.001711,0.999993,0.000019,0.006609,0.003421,0.000018,-0.000009,0.000000,0.000000,0.000000,0.000019
2025-10-26T22:38:42.289998,54.402,-1.994725,-0.499992,0.007847,0.000010,0.003306,0.001711,0.999993,0.000031,0.006612,0.003423,0.000034,-0.000011,0.000000,0.000000,0.000000,0.000018
2025-10-26T22:38:42.391013,54.503,-1.994723,-0.499992,0.007843,0.000009,0.003309,0.001712,0.999993,0.000029,0.006617,0.003425,0.000035,-0.000004,0.000000,0.000000,0.000000,0.000019
2025-10-26T22:38:42.493020,54.605,-1.994719,-0.499992,0.007820,-0.000000,0.003305,0.001713,0.999993,0.000011,0.006610,0.003427,0.000008,-0.000012,0.000000,0.000000,0.000000,0.000018
2025-10-26T22:38:42.589541,54.702,-1.994717,-0.499992,0.007820,0.000010,0.003303,0.001714,0.999993,0.000031,0.006607,0.003429,0.000005,-0.000010,0.000000,0.000000,0.000000,0.000019
2025-10-26T22:38:42.689193,54.801,-1.994714,-0.499992,0.007842,0.000010,0.003306,0.001715,0.999993,0.000031,0.006612,0.003430,0.000026,-0.000010,0.000000,0.000000,0.000000,0.000019
2025-10-26T22:38:42.789880,54.902,-1.994712,-0.499992,0.007842,0.000008,0.003309,0.001716,0.999993,0.000028,0.006618,0.003432,0.000036,-0.000008,0.000000,0.000000,0.000000,0.000018
2025-10-26T22:38:42.890469,55.002,-1.994708,-0.499992,0.007827,0.000006,0.003309,0.001717,0.999993,0.000023,0.006619,0.003434,0.000015,-0.000007,0.000000,0.000000,0.000000,0.000019
2025-10-26T22:38:42.989422,55.102,-1.994706,-0.499991,0.007842,-0.000001,0.003308,0.001718,0.999993,0.000010,0.006616,0.003436,0.000031,-0.000009,0.000000,0.000000,0.000000,0.000018
2025-10-26T22:38:43.090194,55.202,-1.994703,-0.499992,0.007830,0.000002,0.003305,0.001719,0.999993,0.000016,0.006611,0.003437,0.000020,-0.000011,0.000000,0.000000,0.000000,0.000018
2025-10-26T22:38:43.189042,55.301,-1.994700,-0.499992,0.007834,0.000009,0.003310,0.001720,0.999993,0.000030,0.006620,0.003440,0.000021,-0.000008,0.000000,0.000000,0.000000,0.000019
2025-10-26T22:38:43.289971,55.402,-1.994697,-0.499992,0.007840,0.000005,0.003308,0.001721,0.999993,0.000021,0.006617,0.003441,0.000033,-0.000008,0.000000,0.000000,0.000000,0.000018
2025-10-26T22:38:43.390060,55.502,-1.994695,-0.499992,0.007823,0.000004,0.003307,0.001721,0.999993,0.000019,0.006615,0.003443,0.000013,-0.000009,0.000000,0.000000,0.000000,0.000019
2025-10-26T22:38:43.489895,55.602,-1.994693,-0.499992,0.007845,0.000004,0.003308,0.001722,0.999993,0.000020,0.006617,0.003444,0.000033,-0.000009,0.000000,0.000000,0.000000,0.000018
2025-10-26T22:38:43.589895,55.702,-1.994689,-0.499992,0.007828,0.000008,0.003306,0.001723,0.999993,0.000027,0.006611,0.003447,0.000015,-0.000010,0.000000,0.000000,0.000000,0.000019
2025-10-26T22:38:43.690246,55.802,-1.994686,-0.499992,0.007847,0.000011,0.003307,0.001724,0.999993,0.000033,0.006613,0.003449,0.000035,-0.000010,0.000000,0.000000,0.000000,0.000018
2025-10-26T22:38:43.791241,55.903,-1.994684,-0.499992,0.007818,0.000010,0.003305,0.001725,0.999993,0.000032,0.006609,0.003450,0.000009,-0.000008,0.000000,0.000000,0.000000,0.000019
2025-10-26T22:38:43.890680,56.003,-1.994680,-0.499992,0.007840,0.000010,0.003310,0.001726,0.999993,0.000031,0.006619,0.003452,0.000030,-0.000008,0.000000,0.000000,0.000000,0.000019
2025-10-26T22:38:43.989961,56.102,-1.994678,-0.499991,0.007834,0.000002,0.003306,0.001727,0.999993,0.000016,0.006612,0.003454,0.000026,-0.000008,0.000000,0.000000,0.000000,0.000018
2025-10-26T22:38:44.090134,56.202,-1.994676,-0.499991,0.007824,0.000002,0.003306,0.001728,0.999993,0.000016,0.006613,0.003456,0.000013,-0.000010,0.000000,0.000000,0.000000,0.000019
2025-10-26T22:38:44.189830,56.302,-1.994672,-0.499992,0.007842,0.000008,0.003309,0.001729,0.999993,0.000027,0.006618,0.003458,0.000031,-0.000008,0.000000,0.000000,0.000000,0.000019
2025-10-26T22:38:44.289983,56.402,-1.994670,-0.499991,0.007844,0.000005,0.003307,0.001730,0.999993,0.000022,0.006614,0.003460,0.000035,-0.000007,0.000000,0.000000,0.000000,0.000019
2025-10-26T22:38:44.389661,56.502,-1.994667,-0.499991,0.007817,0.000003,0.003305,0.001731,0.999993,0.000018,0.006609,0.003461,0.000005,-0.000009,0.000000,0.000000,0.000000,0.000019
2025-10-26T22:38:44.490309,56.602,-1.994665,-0.499991,0.007841,0.000005,0.003311,0.001731,0.999993,0.000021,0.006622,0.003463,0.000027,-0.000010,0.000000,0.000000,0.000000,0.000019
2025-10-26T22:38:44.590032,56.702,-1.994662,-0.499991,0.007840,0.000006,0.003310,0.001732,0.999993,0.000023,0.006619,0.003464,0.000033,-0.000006,0.000000,0.000000,0.000000,0.000019
2025-10-26T22:38:44.689673,56.802,-1.994660,-0.499991,0.007819,-0.000001,0.003307,0.001733,0.999993,0.000010,0.006613,0.003466,0.000006,-0.000008,0.000000,0.000000,0.000000,0.000019
2025-10-26T22:38:44.789435,56.902,-1.994656,-0.499991,0.007845,0.000003,0.003310,0.001734,0.999993,0.000017,0.006620,0.003468,0.000035,-0.000010,0.000000,0.000000,0.000000,0.000018
2025-10-26T22:38:44.889977,57.002,-1.994654,-0.499991,0.007816,0.000006,0.003308,0.001735,0.999993,0.000024,0.006616,0.003470,0.000004,-0.000009,0.000000,0.000000,0.000000,0.000019
2025-10-26T22:38:44.991263,57.103,-1.994651,-0.499991,0.007836,0.000004,0.003309,0.001736,0.999993,0.000019,0.006618,0.003472,0.000021,-0.000007,0.000000,0.000000,0.000000,0.000019
2025-10-26T22:38:45.089544,57.202,-1.994649,-0.499991,0.007846,0.000001,0.003307,0.001736,0.999993,0.000014,0.006614,0.003473,0.000035,-0.000009,0.000000,0.000000,0.000000,0.000018
2025-10-26T22:38:45.189184,57.301,-1.994647,-0.499991,0.007820,0.000006,0.003304,0.001737,0.999993,0.000023,0.006608,0.003475,0.000009,-0.000011,0.000000,0.000000,0.000000,0.000018
2025-10-26T22:38:45.290508,57.402,-1.994643,-0.499991,0.007818,0.000004,0.003302,0.001738,0.999993,0.000019,0.006605,0.003477,0.000005,-0.000008,0.000000,0.000000,0.000000,0.000019
2025-10-26T22:38:45.391603,57.504,-1.994640,-0.499991,0.007840,0.000005,0.003308,0.001739,0.999993,0.000022,0.006617,0.003479,0.000025,-0.000011,0.000000,0.000000,0.000000,0.000019
2025-10-26T22:38:45.490053,57.602,-1.994638,-0.499991,0.007842,0.000008,0.003310,0.001740,0.999993,0.000028,0.006620,0.003480,0.000034,-0.000007,0.000000,0.000000,0.000000,0.000019
2025-10-26T22:38:45.591644,57.704,-1.994637,-0.499991,0.007828,0.000005,0.003308,0.001740,0.999993,0.000022,0.006616,0.003481,0.000019,-0.000007,0.000000,0.000000,0.000000,0.000019
2025-10-26T22:38:45.689835,57.802,-1.994634,-0.499991,0.007832,0.000002,0.003312,0.001741,0.999993,0.000015,0.006623,0.003483,0.000019,-0.000009,0.000000,0.000000,0.000000,0.000019
2025-10-26T22:38:45.789398,57.901,-1.994632,-0.499991,0.007843,0.000001,0.003312,0.001742,0.999993,0.000014,0.006624,0.003484,0.000035,-0.000009,0.000000,0.000000,0.000000,0.000018
2025-10-26T22:38:45.889502,58.002,-1.994628,-0.499991,0.007824,0.000002,0.003308,0.001743,0.999993,0.000016,0.006617,0.003487,0.000012,-0.000010,0.000000,0.000000,0.000000,0.000019
2025-10-26T22:38:45.989545,58.102,-1.994626,-0.499991,0.007845,0.000005,0.003308,0.001744,0.999993,0.000022,0.006615,0.003488,0.000033,-0.000010,0.000000,0.000000,0.000000,0.000018
2025-10-26T22:38:46.089837,58.202,-1.994624,-0.499991,0.007823,0.000013,0.003303,0.001745,0.999993,0.000037,0.006606,0.003490,0.000013,-0.000011,0.000000,0.000000,0.000000,0.000018
2025-10-26T22:38:46.189819,58.302,-1.994621,-0.499991,0.007827,0.000013,0.003308,0.001746,0.999993,0.000038,0.006616,0.003492,0.000017,-0.000007,0.000000,0.000000,0.000000,0.000020
2025-10-26T22:38:46.289613,58.402,-1.994619,-0.499991,0.007838,0.000001,0.003309,0.001746,0.999993,0.000014,0.006617,0.003493,0.000025,-0.000006,0.000000,0.000000,0.000000,0.000019
2025-10-26T22:38:46.390151,58.502,-1.994616,-0.499991,0.007838,-0.000005,0.003309,0.001747,0.999993,0.000001,0.006619,0.003494,0.000032,-0.000008,0.000000,0.000000,0.000000,0.000018
2025-10-26T22:38:46.489262,58.601,-1.994614,-0.499991,0.007827,0.000001,0.003312,0.001748,0.999993,0.000014,0.006624,0.003496,0.000016,-0.000012,0.000000,0.000000,0.000000,0.000019
2025-10-26T22:38:46.589765,58.702,-1.994611,-0.499991,0.007839,0.000007,0.003309,0.001749,0.999993,0.000025,0.006618,0.003498,0.000024,-0.000009,0.000000,0.000000,0.000000,0.000019
2025-10-26T22:38:46.690795,58.803,-1.994608,-0.499991,0.007841,0.000010,0.003303,0.001750,0.999993,0.000032,0.006605,0.003500,0.000034,-0.000011,0.000000,0.000000,0.000000,0.000018
2025-10-26T22:38:46.790197,58.902,-1.994605,-0.499991,0.007816,0.000009,0.003304,0.001751,0.999993,0.000030,0.006608,0.003502,0.000005,-0.000006,0.000000,0.000000,0.000000,0.000020
2025-10-26T22:38:46.890833,59.002,-1.994603,-0.499991,0.007843,0.000002,0.003311,0.001752,0.999993,0.000016,0.006621,0.003503,0.000030,-0.000007,0.000000,0.000000,0.000000,0.000019
2025-10-26T22:38:46.990060,59.102,-1.994599,-0.499991,0.007827,0.000001,0.003313,0.001753,0.999993,0.000013,0.006626,0.003506,0.000016,-0.000011,0.000000,0.000000,0.000000,0.000019
2025-10-26T22:38:47.089773,59.202,-1.994597,-0.499991,0.007841,0.000005,0.003311,0.001754,0.999993,0.000022,0.006621,0.003507,0.000028,-0.000011,0.000000,0.000000,0.000000,0.000019
2025-10-26T22:38:47.190258,59.302,-1.994595,-0.499991,0.007847,0.000005,0.003303,0.001754,0.999993,0.000022,0.006606,0.003509,0.000034,-0.000009,0.000000,0.000000,0.000000,0.000018
2025-10-26T22:38:47.289413,59.401,-1.994592,-0.499991,0.007834,0.000003,0.003302,0.001755,0.999993,0.000018,0.006605,0.003510,0.000027,-0.000008,0.000000,0.000000,0.000000,0.000018
2025-10-26T22:38:47.389801,59.502,-1.994590,-0.499991,0.007818,0.000004,0.003304,0.001756,0.999993,0.000020,0.006607,0.003512,0.000007,-0.000010,0.000000,0.000000,0.000000,0.000019
2025-10-26T22:38:47.489808,59.602,-1.994587,-0.499991,0.007840,0.000007,0.003312,0.001757,0.999993,0.000025,0.006625,0.003514,0.000027,-0.000010,0.000000,0.000000,0.000000,0.000019
2025-10-26T22:38:47.590188,59.702,-1.994585,-0.499991,0.007840,0.000009,0.003311,0.001758,0.999993,0.000029,0.006621,0.003515,0.000032,-0.000007,0.000000,0.000000,0.000000,0.000019
2025-10-26T22:38:47.688969,59.801,-1.994582,-0.499991,0.007819,0.000003,0.003306,0.001758,0.999993,0.000017,0.006613,0.003517,0.000007,-0.000007,0.000000,0.000000,0.000000,0.000020
2025-10-26T22:38:47.790519,59.902,-1.994579,-0.499991,0.007845,0.000005,0.003307,0.001760,0.999993,0.000022,0.006614,0.003519,0.000035,-0.000010,0.000000,0.000000,0.000000,0.000018
2025-10-26T22:38:47.889706,60.002,-1.994576,-0.499991,0.007816,0.000009,0.003304,0.001760,0.999993,0.000030,0.006608,0.003521,0.000004,-0.000010,0.000000,0.000000,0.000000,0.000019
2025-10-26T22:38:47.989146,60.101,-1.994574,-0.499991,0.007843,0.000012,0.003307,0.001761,0.999993,0.000037,0.006615,0.003523,0.000029,-0.000010,0.000000,0.000000,0.000000,0.000019
2025-10-26T22:38:48.089139,60.201,-1.994572,-0.499991,0.007831,0.000012,0.003307,0.001762,0.999993,0.000036,0.006613,0.003524,0.000023,-0.000005,0.000000,0.000000,0.000000,0.000019
2025-10-26T22:38:48.189326,60.302,-1.994569,-0.499991,0.007828,0.000002,0.003310,0.001763,0.999993,0.000016,0.006620,0.003526,0.000016,-0.000007,0.000000,0.000000,0.000000,0.000019
2025-10-26T22:38:48.290867,60.403,-1.994567,-0.499991,0.007845,-0.000003,0.003312,0.001764,0.999993,0.000006,0.006624,0.003527,0.000037,-0.000009,0.000000,0.000000,0.000000,0.000018
2025-10-26T22:38:48.389249,60.501,-1.994564,-0.499991,0.007818,0.000003,0.003308,0.001764,0.999993,0.000018,0.006616,0.003529,0.000006,-0.000011,0.000000,0.000000,0.000000,0.000019
2025-10-26T22:38:48.490035,60.602,-1.994562,-0.499991,0.007830,0.000009,0.003306,0.001765,0.999993,0.000029,0.006611,0.003530,0.000016,-0.000011,0.000000,0.000000,0.000000,0.000019
2025-10-26T22:38:48.589569,60.702,-1.994559,-0.499991,0.007843,0.000005,0.003307,0.001766,0.999993,0.000022,0.006614,0.003532,0.000029,-0.000008,0.000000,0.000000,0.000000,0.000019
2025-10-26T22:38:48.689627,60.802,-1.994557,-0.499991,0.007844,0.000001,0.003308,0.001767,0.999993,0.000014,0.006616,0.003534,0.000036,-0.000008,0.000000,0.000000,0.000000,0.000018
2025-10-26T22:38:48.789615,60.902,-1.994555,-0.499991,0.007819,0.000001,0.003310,0.001768,0.999993,0.000013,0.006619,0.003535,0.000009,-0.000008,0.000000,0.000000,0.000000,0.000019
2025-10-26T22:38:48.889466,61.002,-1.994552,-0.499991,0.007837,0.000001,0.003312,0.001768,0.999993,0.000013,0.006625,0.003537,0.000024,-0.000010,0.000000,0.000000,0.000000,0.000019
2025-10-26T22:38:48.991459,61.104,-1.994549,-0.499991,0.007841,0.000006,0.003304,0.001770,0.999993,0.000024,0.006609,0.003539,0.000033,-0.000011,0.000000,0.000000,0.000000,0.000018
2025-10-26T22:38:49.089139,61.201,-1.994547,-0.499991,0.007819,0.000010,0.003302,0.001770,0.999993,0.000032,0.006603,0.003540,0.000008,-0.000011,0.000000,0.000000,0.000000,0.000019
2025-10-26T22:38:49.189965,61.302,-1.994545,-0.499991,0.007831,0.000011,0.003307,0.001771,0.999993,0.000033,0.006613,0.003542,0.000019,-0.000007,0.000000,0.000000,0.000000,0.000019
2025-10-26T22:38:49.290431,61.402,-1.994543,-0.499991,0.007843,0.000004,0.003308,0.001772,0.999993,0.000019,0.006617,0.003543,0.000036,-0.000007,0.000000,0.000000,0.000000,0.000018
2025-10-26T22:38:49.389698,61.502,-1.994540,-0.499991,0.007819,0.000001,0.003308,0.001772,0.999993,0.000013,0.006617,0.003545,0.000009,-0.000007,0.000000,0.000000,0.000000,0.000019
2025-10-26T22:38:49.489720,61.602,-1.994538,-0.499991,0.007845,-0.000000,0.003313,0.001773,0.999993,0.000011,0.006626,0.003546,0.000032,-0.000009,0.000000,0.000000,0.000000,0.000019
2025-10-26T22:38:49.590060,61.702,-1.994535,-0.499991,0.007818,0.000001,0.003310,0.001774,0.999993,0.000014,0.006620,0.003548,0.000008,-0.000009,0.000000,0.000000,0.000000,0.000019
2025-10-26T22:38:49.691985,61.804,-1.994532,-0.499991,0.007825,0.000006,0.003303,0.001775,0.999993,0.000024,0.006605,0.003550,0.000012,-0.000012,0.000000,0.000000,0.000000,0.000019
2025-10-26T22:38:49.789627,61.902,-1.994529,-0.499991,0.007838,0.000011,0.003306,0.001776,0.999993,0.000035,0.006612,0.003552,0.000025,-0.000008,0.000000,0.000000,0.000000,0.000019
2025-10-26T22:38:49.889751,62.002,-1.994527,-0.499991,0.007835,0.000008,0.003306,0.001777,0.999993,0.000028,0.006613,0.003554,0.000029,-0.000008,0.000000,0.000000,0.000000,0.000018
2025-10-26T22:38:49.989787,62.102,-1.994524,-0.499991,0.007828,0.000008,0.003310,0.001777,0.999993,0.000027,0.006621,0.003555,0.000017,-0.000010,0.000000,0.000000,0.000000,0.000019
2025-10-26T22:38:50.090118,62.202,-1.994522,-0.499991,0.007844,-0.000000,0.003311,0.001778,0.999993,0.000011,0.006621,0.003557,0.000029,-0.000006,0.000000,0.000000,0.000000,0.000019
2025-10-26T22:38:50.189657,62.302,-1.994520,-0.499991,0.007830,-0.000002,0.003307,0.001779,0.999993,0.000008,0.006614,0.003558,0.000021,-0.000011,0.000000,0.000000,0.000000,0.000018
2025-10-26T22:38:50.289870,62.402,-1.994517,-0.499991,0.007821,0.000009,0.003308,0.001780,0.999993,0.000029,0.006615,0.003560,0.000010,-0.000010,0.000000,0.000000,0.000000,0.000019
2025-10-26T22:38:50.389549,62.502,-1.994515,-0.499991,0.007844,0.000009,0.003309,0.001781,0.999993,0.000029,0.006617,0.003561,0.000029,-0.000009,0.000000,0.000000,0.000000,0.000019
2025-10-26T22:38:50.489559,62.602,-1.994512,-0.499991,0.007823,0.000010,0.003303,0.001781,0.999993,0.000031,0.006606,0.003563,0.000013,-0.000009,0.000000,0.000000,0.000000,0.000018
2025-10-26T22:38:50.589792,62.702,-1.994510,-0.499991,0.007833,0.000009,0.003307,0.001782,0.999993,0.000030,0.006613,0.003565,0.000021,-0.000007,0.000000,0.000000,0.000000,0.000019
2025-10-26T22:38:50.689841,62.802,-1.994507,-0.499991,0.007846,0.000002,0.003310,0.001783,0.999993,0.000015,0.006619,0.003566,0.000032,-0.000008,0.000000,0.000000,0.000000,0.000019
2025-10-26T22:38:50.789748,62.902,-1.994505,-0.499991,0.007818,-0.000001,0.003309,0.001784,0.999993,0.000010,0.006618,0.003568,0.000009,-0.000008,0.000000,0.000000,0.000000,0.000019
2025-10-26T22:38:50.889435,63.002,-1.994501,-0.499991,0.007841,0.000005,0.003312,0.001785,0.999993,0.000023,0.006623,0.003570,0.000030,-0.000011,0.000000,0.000000,0.000000,0.000019
2025-10-26T22:38:50.990158,63.102,-1.994499,-0.499991,0.007831,0.000008,0.003303,0.001786,0.999993,0.000028,0.006607,0.003572,0.000020,-0.000008,0.000000,0.000000,0.000000,0.000019
2025-10-26T22:38:51.089531,63.202,-1.994497,-0.499991,0.007819,0.000003,0.003302,0.001787,0.999993,0.000017,0.006605,0.003573,0.000006,-0.000006,0.000000,0.000000,0.000000,0.000019
2025-10-26T22:38:51.189665,63.302,-1.994494,-0.499991,0.007829,0.000000,0.003306,0.001787,0.999993,0.000013,0.006612,0.003575,0.000017,-0.000010,0.000000,0.000000,0.000000,0.000019
2025-10-26T22:38:51.289195,63.401,-1.994490,-0.499991,0.007828,0.000005,0.003311,0.001789,0.999993,0.000022,0.006622,0.003577,0.000022,-0.000008,0.000000,0.000000,0.000000,0.000019
2025-10-26T22:38:51.391722,63.503,-1.994488,-0.499991,0.007820,0.000007,0.003305,0.001789,0.999993,0.000026,0.006611,0.003579,0.000007,-0.000010,0.000000,0.000000,0.000000,0.000019
2025-10-26T22:38:51.489729,63.602,-1.994486,-0.499991,0.007820,0.000005,0.003301,0.001790,0.999993,0.000022,0.006603,0.003581,0.000007,-0.000008,0.000000,0.000000,0.000000,0.000019
2025-10-26T22:38:51.590677,63.702,-1.994318,-0.499990,0.007835,0.000003,0.003301,0.001791,0.999993,0.000018,0.006603,0.003581,0.005021,-0.000006,0.000000,0.000000,0.000000,0.000006
2025-10-26T22:38:51.690165,63.802,-1.993470,-0.499987,0.007848,0.000004,0.003302,0.001791,0.999993,0.000021,0.006604,0.003583,0.010035,-0.000012,0.000000,0.000000,0.000000,0.000013
2025-10-26T22:38:51.789136,63.901,-1.992453,-0.499984,0.007842,0.000010,0.003303,0.001792,0.999993,0.000031,0.006605,0.003583,0.015033,-0.000007,0.000000,0.000000,0.000000,0.000014
2025-10-26T22:38:51.888993,64.001,-1.991096,-0.499979,0.007828,0.000000,0.003302,0.001792,0.999993,0.000012,0.006603,0.003584,0.020008,-0.000006,0.000000,0.000000,0.000000,0.000015
2025-10-26T22:38:51.989564,64.102,-1.988547,-0.499970,0.007819,0.000007,0.003301,0.001793,0.999993,0.000026,0.006601,0.003585,0.025005,-0.000013,0.000000,0.000000,0.000000,0.000016
2025-10-26T22:38:52.089424,64.202,-1.986510,-0.499962,0.007819,0.000007,0.003299,0.001793,0.999993,0.000026,0.006599,0.003586,0.029996,-0.000007,0.000000,0.000000,0.000000,0.000016
2025-10-26T22:38:52.189577,64.302,-1.984468,-0.499955,0.007832,0.000000,0.003307,0.001794,0.999993,0.000012,0.006614,0.003588,0.030021,-0.000008,0.000000,0.000000,0.000000,0.000019
2025-10-26T22:38:52.290177,64.402,-1.982425,-0.499948,0.007842,-0.000002,0.003312,0.001795,0.999993,0.000008,0.006624,0.003589,0.030037,-0.000010,0.000000,0.000000,0.000000,0.000018
2025-10-26T22:38:52.389142,64.501,-1.979027,-0.499936,0.007833,0.000006,0.003306,0.001795,0.999993,0.000024,0.006612,0.003591,0.035016,-0.000011,0.000000,0.000000,0.000000,0.000015
2025-10-26T22:38:52.489961,64.602,-1.976310,-0.499926,0.007839,0.000004,0.003296,0.001796,0.999993,0.000021,0.006592,0.003591,0.040022,-0.000006,0.000000,0.000000,0.000000,0.000015
2025-10-26T22:38:52.589903,64.702,-1.973587,-0.499916,0.007851,0.000000,0.003302,0.001796,0.999993,0.000012,0.006603,0.003593,0.040040,-0.000010,0.000000,0.000000,0.000000,0.000018
2025-10-26T22:38:52.689844,64.802,-1.970700,-0.499906,0.007817,0.000008,0.003309,0.001797,0.999993,0.000027,0.006617,0.003594,0.044976,-0.000012,0.000000,0.000000,0.000000,0.000007
2025-10-26T22:38:52.789914,64.902,-1.965772,-0.499888,0.007843,0.000011,0.003304,0.001798,0.999993,0.000035,0.006609,0.003595,0.050027,-0.000006,0.000000,0.000000,0.000000,0.000015
2025-10-26T22:38:52.889874,65.002,-1.962369,-0.499876,0.007843,-0.000001,0.003303,0.001798,0.999993,0.000011,0.006605,0.003597,0.050035,-0.000006,0.000000,0.000000,0.000000,0.000018
2025-10-26T22:38:52.990008,65.102,-1.957266,-0.499857,0.007826,0.000003,0.003310,0.001799,0.999993,0.000019,0.006620,0.003599,0.050016,-0.000011,0.000000,0.000000,0.000000,0.000019
2025-10-26T22:38:53.089424,65.202,-1.953698,-0.499845,0.007838,0.000011,0.003308,0.001800,0.999993,0.000033,0.006616,0.003600,0.055023,-0.000009,0.000000,0.000000,0.000000,0.000005
2025-10-26T22:38:53.189388,65.302,-1.949791,-0.499831,0.007838,0.000007,0.003300,0.001800,0.999993,0.000026,0.006600,0.003601,0.060014,-0.000006,0.000000,0.000000,0.000000,0.000005
2025-10-26T22:38:53.289536,65.402,-1.945709,-0.499816,0.007822,-0.000007,0.003298,0.001801,0.999993,-0.000002,0.006595,0.003602,0.060009,-0.000006,0.000000,0.000000,0.000000,0.000018
2025-10-26T22:38:53.389544,65.502,-1.939420,-0.499793,0.007845,0.000008,0.003311,0.001802,0.999993,0.000029,0.006622,0.003604,0.065033,-0.000016,0.000000,0.000000,0.000000,0.000006
2025-10-26T22:38:53.489805,65.602,-1.934998,-0.499778,0.007837,0.000016,0.003308,0.001802,0.999993,0.000044,0.006615,0.003605,0.065029,-0.000003,0.000000,0.000000,0.000000,0.000018
2025-10-26T22:38:53.589511,65.702,-1.930241,-0.499760,0.007831,-0.000008,0.003297,0.001803,0.999993,-0.000005,0.006593,0.003605,0.070008,-0.000003,0.000000,0.000000,0.000000,0.000016
2025-10-26T22:38:53.690436,65.802,-1.923097,-0.499734,0.007821,-0.000004,0.003302,0.001804,0.999993,0.000004,0.006605,0.003608,0.070010,-0.000016,0.000000,0.000000,0.000000,0.000018
2025-10-26T22:38:53.789363,65.902,-1.918335,-0.499718,0.007820,0.000017,0.003309,0.001805,0.999993,0.000046,0.006617,0.003610,0.070010,-0.000011,0.000000,0.000000,0.000000,0.000020
2025-10-26T22:38:53.890377,66.002,-1.913573,-0.499700,0.007819,0.000003,0.003303,0.001805,0.999993,0.000017,0.006605,0.003611,0.070007,-0.000001,0.000000,0.000000,0.000000,0.000020
2025-10-26T22:38:53.990238,66.102,-1.908810,-0.499683,0.007825,-0.000007,0.003304,0.001806,0.999993,-0.000002,0.006607,0.003613,0.070014,-0.000011,0.000000,0.000000,0.000000,0.000019
2025-10-26T22:38:54.090447,66.202,-1.904048,-0.499666,0.007828,0.000006,0.003306,0.001807,0.999993,0.000024,0.006612,0.003614,0.070017,-0.000014,0.000000,0.000000,0.000000,0.000019
2025-10-26T22:38:54.189970,66.302,-1.899285,-0.499649,0.007844,0.000010,0.003308,0.001808,0.999993,0.000032,0.006616,0.003616,0.070029,-0.000010,0.000000,0.000000,0.000000,0.000019
2025-10-26T22:38:54.289444,66.402,-1.892142,-0.499623,0.007819,0.000013,0.003306,0.001809,0.999993,0.000039,0.006612,0.003618,0.070008,-0.000009,0.000000,0.000000,0.000000,0.000019
2025-10-26T22:38:54.390529,66.502,-1.887379,-0.499606,0.007839,0.000015,0.003308,0.001810,0.999993,0.000042,0.006615,0.003620,0.070027,-0.000009,0.000000,0.000000,0.000000,0.000019
2025-10-26T22:38:54.490263,66.602,-1.882617,-0.499588,0.007844,0.000004,0.003306,0.001811,0.999993,0.000020,0.006611,0.003621,0.070035,-0.000006,0.000000,0.000000,0.000000,0.000019
2025-10-26T22:38:54.589505,66.702,-1.875473,-0.499562,0.007820,0.000002,0.003308,0.001812,0.999993,0.000016,0.006615,0.003624,0.070010,-0.000009,0.000000,0.000000,0.000000,0.000019
2025-10-26T22:38:54.689205,66.801,-1.870711,-0.499545,0.007832,0.000005,0.003308,0.001813,0.999993,0.000021,0.006617,0.003625,0.070020,-0.000009,0.000000,0.000000,0.000000,0.000019
2025-10-26T22:38:54.789070,66.901,-1.865949,-0.499528,0.007844,0.000001,0.003307,0.001813,0.999993,0.000014,0.006614,0.003627,0.070028,-0.000008,0.000000,0.000000,0.000000,0.000019
2025-10-26T22:38:54.889881,67.002,-1.858805,-0.499502,0.007837,0.000001,0.003304,0.001815,0.999993,0.000014,0.006608,0.003629,0.070029,-0.000010,0.000000,0.000000,0.000000,0.000018
2025-10-26T22:38:54.990444,67.102,-1.854043,-0.499485,0.007828,0.000007,0.003309,0.001815,0.999993,0.000025,0.006617,0.003631,0.070017,-0.000012,0.000000,0.000000,0.000000,0.000019
2025-10-26T22:38:55.089771,67.202,-1.849280,-0.499468,0.007842,0.000009,0.003311,0.001816,0.999993,0.000030,0.006622,0.003633,0.070029,-0.000008,0.000000,0.000000,0.000000,0.000019
2025-10-26T22:38:55.190155,67.302,-1.844518,-0.499450,0.007823,0.000004,0.003307,0.001817,0.999993,0.000020,0.006614,0.003634,0.070013,-0.000008,0.000000,0.000000,0.000000,0.000019
2025-10-26T22:38:55.289878,67.402,-1.839755,-0.499433,0.007835,0.000002,0.003310,0.001818,0.999993,0.000016,0.006621,0.003636,0.070021,-0.000009,0.000000,0.000000,0.000000,0.000019
2025-10-26T22:38:55.389547,67.502,-1.832612,-0.499407,0.007818,0.000003,0.003306,0.001819,0.999993,0.000018,0.006612,0.003638,0.070008,-0.000009,0.000000,0.000000,0.000000,0.000019
2025-10-26T22:38:55.489843,67.602,-1.827849,-0.499390,0.007839,0.000005,0.003310,0.001820,0.999993,0.000023,0.006619,0.003640,0.070024,-0.000010,0.000000,0.000000,0.000000,0.000019
2025-10-26T22:38:55.591385,67.702,-1.823087,-0.499373,0.007835,0.000008,0.003307,0.001821,0.999993,0.000028,0.006613,0.003641,0.070028,-0.000010,0.000000,0.000000,0.000000,0.000018
2025-10-26T22:38:55.690621,67.803,-1.818325,-0.499355,0.007828,0.000012,0.003307,0.001821,0.999993,0.000035,0.006614,0.003643,0.070016,-0.000011,0.000000,0.000000,0.000000,0.000019
2025-10-26T22:38:55.791686,67.903,-1.813562,-0.499338,0.007845,0.000015,0.003307,0.001822,0.999993,0.000042,0.006614,0.003645,0.070035,-0.000011,0.000000,0.000000,0.000000,0.000018
2025-10-26T22:38:55.890871,68.002,-1.808800,-0.499321,0.007819,0.000010,0.003305,0.001823,0.999993,0.000033,0.006611,0.003646,0.070009,-0.000005,0.000000,0.000000,0.000000,0.000019
2025-10-26T22:38:55.989798,68.102,-1.804038,-0.499303,0.007839,0.000001,0.003311,0.001824,0.999993,0.000014,0.006623,0.003648,0.070024,-0.000007,0.000000,0.000000,0.000000,0.000019
2025-10-26T22:38:56.089717,68.202,-1.799275,-0.499286,0.007835,-0.000004,0.003311,0.001825,0.999993,0.000005,0.006621,0.003649,0.070029,-0.000008,0.000000,0.000000,0.000000,0.000018
2025-10-26T22:38:56.190537,68.302,-1.794513,-0.499268,0.007828,0.000001,0.003311,0.001825,0.999993,0.000015,0.006623,0.003651,0.070016,-0.000013,0.000000,0.000000,0.000000,0.000019
2025-10-26T22:38:56.289138,68.401,-1.789750,-0.499251,0.007835,0.000007,0.003306,0.001826,0.999993,0.000026,0.006613,0.003653,0.070020,-0.000009,0.000000,0.000000,0.000000,0.000019
2025-10-26T22:38:56.389527,68.502,-1.784988,-0.499234,0.007847,0.000011,0.003304,0.001827,0.999993,0.000033,0.006608,0.003654,0.070035,-0.000011,0.000000,0.000000,0.000000,0.000018
2025-10-26T22:38:56.489305,68.601,-1.780226,-0.499216,0.007828,0.000007,0.003304,0.001828,0.999993,0.000026,0.006607,0.003656,0.070020,-0.000007,0.000000,0.000000,0.000000,0.000018
2025-10-26T22:38:56.589819,68.702,-1.775463,-0.499199,0.007832,0.000003,0.003309,0.001829,0.999993,0.000018,0.006618,0.003657,0.070019,-0.000009,0.000000,0.000000,0.000000,0.000019
2025-10-26T22:38:56.689469,68.802,-1.770701,-0.499182,0.007843,0.000001,0.003312,0.001829,0.999993,0.000015,0.006623,0.003659,0.070036,-0.000009,0.000000,0.000000,0.000000,0.000018
2025-10-26T22:38:56.790346,68.902,-1.763557,-0.499155,0.007817,0.000001,0.003303,0.001831,0.999993,0.000014,0.006607,0.003661,0.070003,-0.000009,0.000000,0.000000,0.000000,0.000019
2025-10-26T22:38:56.889294,69.002,-1.758795,-0.499138,0.007830,0.000008,0.003303,0.001831,0.999993,0.000027,0.006605,0.003663,0.070016,-0.000014,0.000000,0.000000,0.000000,0.000019
2025-10-26T22:38:56.990016,69.102,-1.754033,-0.499121,0.007832,0.000008,0.003304,0.001832,0.999993,0.000027,0.006607,0.003664,0.070020,-0.000007,0.000000,0.000000,0.000000,0.000019
2025-10-26T22:38:57.090490,69.203,-1.746889,-0.499094,0.007835,0.000003,0.003311,0.001833,0.999993,0.000019,0.006621,0.003667,0.070030,-0.000009,0.000000,0.000000,0.000000,0.000018
2025-10-26T22:38:57.189595,69.302,-1.744508,-0.499086,0.007820,0.000002,0.003310,0.001834,0.999993,0.000017,0.006620,0.003668,0.070012,-0.000009,0.000000,0.000000,0.000000,0.000019
2025-10-26T22:38:57.289635,69.402,-1.739745,-0.499068,0.007817,0.000001,0.003306,0.001835,0.999993,0.000015,0.006611,0.003669,0.070003,-0.000009,0.000000,0.000000,0.000000,0.000019
2025-10-26T22:38:57.389985,69.502,-1.732602,-0.499042,0.007834,0.000011,0.003302,0.001836,0.999993,0.000034,0.006605,0.003672,0.070020,-0.000012,0.000000,0.000000,0.000000,0.000019
2025-10-26T22:38:57.494966,69.607,-1.727839,-0.499025,0.007842,0.000006,0.003306,0.001837,0.999993,0.000024,0.006611,0.003673,0.070028,-0.000007,0.000000,0.000000,0.000000,0.000019
2025-10-26T22:38:57.589571,69.702,-1.725458,-0.499016,0.007846,0.000004,0.003308,0.001837,0.999993,0.000021,0.006616,0.003674,0.070033,-0.000009,0.000000,0.000000,0.000000,0.000019
2025-10-26T22:38:57.689773,69.802,-1.718315,-0.498990,0.007817,0.000003,0.003309,0.001838,0.999993,0.000018,0.006619,0.003676,0.070005,-0.000009,0.000000,0.000000,0.000000,0.000019
2025-10-26T22:38:57.789421,69.902,-1.713552,-0.498972,0.007820,0.000002,0.003305,0.001839,0.999993,0.000017,0.006609,0.003678,0.070007,-0.000009,0.000000,0.000000,0.000000,0.000019
2025-10-26T22:38:57.889646,70.002,-1.708790,-0.498955,0.007837,0.000009,0.003304,0.001840,0.999993,0.000030,0.006607,0.003680,0.070022,-0.000014,0.000000,0.000000,0.000000,0.000018
2025-10-26T22:38:57.989556,70.102,-1.704028,-0.498937,0.007839,0.000009,0.003304,0.001841,0.999993,0.000030,0.006607,0.003681,0.070025,-0.000006,0.000000,0.000000,0.000000,0.000019
2025-10-26T22:38:58.089540,70.202,-1.699265,-0.498920,0.007845,0.000002,0.003307,0.001841,0.999993,0.000017,0.006614,0.003683,0.070037,-0.000009,0.000000,0.000000,0.000000,0.000018
2025-10-26T22:38:58.189849,70.302,-1.692121,-0.498893,0.007824,0.000002,0.003312,0.001843,0.999993,0.000016,0.006624,0.003685,0.070014,-0.000010,0.000000,0.000000,0.000000,0.000019
2025-10-26T22:38:58.290053,70.402,-1.687359,-0.498876,0.007832,0.000002,0.003308,0.001843,0.999993,0.000016,0.006616,0.003687,0.070018,-0.000011,0.000000,0.000000,0.000000,0.000019
2025-10-26T22:38:58.389412,70.502,-1.682597,-0.498858,0.007847,0.000007,0.003305,0.001844,0.999993,0.000027,0.006610,0.003688,0.070033,-0.000012,0.000000,0.000000,0.000000,0.000018
2025-10-26T22:38:58.489765,70.602,-1.675453,-0.498832,0.007819,0.000007,0.003305,0.001845,0.999993,0.000027,0.006610,0.003691,0.070009,-0.000006,0.000000,0.000000,0.000000,0.000020
2025-10-26T22:38:58.589423,70.702,-1.670691,-0.498814,0.007845,0.000002,0.003309,0.001846,0.999993,0.000016,0.006619,0.003692,0.070032,-0.000008,0.000000,0.000000,0.000000,0.000019
2025-10-26T22:38:58.689229,70.801,-1.665928,-0.498797,0.007818,-0.000000,0.003307,0.001847,0.999993,0.000012,0.006613,0.003694,0.070008,-0.000008,0.000000,0.000000,0.000000,0.000019
2025-10-26T22:38:58.790041,70.902,-1.658785,-0.498771,0.007845,0.000001,0.003312,0.001848,0.999993,0.000013,0.006625,0.003696,0.070034,-0.000010,0.000000,0.000000,0.000000,0.000018
2025-10-26T22:38:58.889655,71.002,-1.654022,-0.498753,0.007816,0.000003,0.003310,0.001849,0.999993,0.000018,0.006619,0.003698,0.070005,-0.000009,0.000000,0.000000,0.000000,0.000019
2025-10-26T22:38:58.989604,71.102,-1.649260,-0.498735,0.007827,0.000003,0.003306,0.001850,0.999993,0.000019,0.006611,0.003699,0.070013,-0.000009,0.000000,0.000000,0.000000,0.000019
2025-10-26T22:38:59.089548,71.202,-1.644498,-0.498718,0.007836,-0.000001,0.003304,0.001850,0.999993,0.000011,0.006607,0.003701,0.070021,-0.000008,0.000000,0.000000,0.000000,0.000019
2025-10-26T22:38:59.193640,71.302,-1.639735,-0.498700,0.007843,0.000002,0.003306,0.001851,0.999993,0.000017,0.006612,0.003703,0.070032,-0.000012,0.000000,0.000000,0.000000,0.000018
2025-10-26T22:38:59.290189,71.402,-1.634973,-0.498683,0.007818,0.000010,0.003307,0.001852,0.999993,0.000033,0.006614,0.003704,0.070010,-0.000011,0.000000,0.000000,0.000000,0.000019
2025-10-26T22:38:59.389041,71.501,-1.630210,-0.498665,0.007816,0.000004,0.003306,0.001853,0.999993,0.000020,0.006612,0.003706,0.070004,-0.000005,0.000000,0.000000,0.000000,0.000020
2025-10-26T22:38:59.489846,71.602,-1.623067,-0.498638,0.007841,-0.000002,0.003309,0.001854,0.999993,0.000008,0.006617,0.003708,0.070033,-0.000012,0.000000,0.000000,0.000000,0.000018
2025-10-26T22:38:59.589106,71.701,-1.618305,-0.498621,0.007827,0.000009,0.003305,0.001855,0.999993,0.000031,0.006610,0.003710,0.070018,-0.000012,0.000000,0.000000,0.000000,0.000018
2025-10-26T22:38:59.689576,71.802,-1.613542,-0.498603,0.007824,0.000006,0.003308,0.001856,0.999993,0.000024,0.006615,0.003711,0.070013,-0.000008,0.000000,0.000000,0.000000,0.000019
2025-10-26T22:38:59.789422,71.902,-1.608780,-0.498586,0.007845,0.000001,0.003310,0.001856,0.999993,0.000014,0.006620,0.003713,0.070034,-0.000008,0.000000,0.000000,0.000000,0.000018
2025-10-26T22:38:59.889091,72.001,-1.604017,-0.498568,0.007816,-0.000001,0.003306,0.001857,0.999993,0.000011,0.006613,0.003715,0.070005,-0.000008,0.000000,0.000000,0.000000,0.000019
2025-10-26T22:38:59.989886,72.102,-1.599255,-0.498550,0.007841,-0.000001,0.003311,0.001858,0.999993,0.000011,0.006621,0.003716,0.070027,-0.000010,0.000000,0.000000,0.000000,0.000019
2025-10-26T22:39:00.089425,72.202,-1.594493,-0.498533,0.007828,0.000001,0.003307,0.001859,0.999993,0.000015,0.006615,0.003718,0.070019,-0.000010,0.000000,0.000000,0.000000,0.000018
2025-10-26T22:39:00.189491,72.301,-1.589730,-0.498515,0.007832,0.000004,0.003310,0.001860,0.999993,0.000021,0.006619,0.003719,0.070018,-0.000011,0.000000,0.000000,0.000000,0.000019
2025-10-26T22:39:00.289833,72.402,-1.584968,-0.498497,0.007843,0.000008,0.003309,0.001860,0.999993,0.000028,0.006618,0.003721,0.070035,-0.000010,0.000000,0.000000,0.000000,0.000018
2025-10-26T22:39:00.390075,72.502,-1.580205,-0.498480,0.007819,0.000012,0.003307,0.001861,0.999993,0.000036,0.006613,0.003723,0.070008,-0.000010,0.000000,0.000000,0.000000,0.000019
2025-10-26T22:39:00.489471,72.602,-1.575443,-0.498462,0.007838,0.000012,0.003307,0.001862,0.999993,0.000037,0.006614,0.003724,0.070023,-0.000008,0.000000,0.000000,0.000000,0.000019
2025-10-26T22:39:00.589224,72.702,-1.570681,-0.498444,0.007842,0.000001,0.003305,0.001863,0.999993,0.000015,0.006610,0.003726,0.070033,-0.000008,0.000000,0.000000,0.000000,0.000018
2025-10-26T22:39:00.689740,72.802,-1.565918,-0.498426,0.007832,0.000002,0.003304,0.001864,0.999993,0.000016,0.006608,0.003727,0.070024,-0.000009,0.000000,0.000000,0.000000,0.000018
2025-10-26T22:39:00.790596,72.902,-1.561156,-0.498409,0.007830,0.000005,0.003308,0.001864,0.999993,0.000021,0.006616,0.003729,0.070018,-0.000011,0.000000,0.000000,0.000000,0.000019
2025-10-26T22:39:00.889951,73.002,-1.556393,-0.498391,0.007844,0.000010,0.003311,0.001865,0.999993,0.000033,0.006621,0.003731,0.070036,-0.000011,0.000000,0.000000,0.000000,0.000018
2025-10-26T22:39:00.989678,73.102,-1.551631,-0.498373,0.007816,0.000008,0.003309,0.001866,0.999993,0.000028,0.006618,0.003732,0.070005,-0.000006,0.000000,0.000000,0.000000,0.000019
2025-10-26T22:39:01.089847,73.202,-1.546869,-0.498355,0.007832,-0.000001,0.003308,0.001867,0.999993,0.000010,0.006617,0.003734,0.070018,-0.000008,0.000000,0.000000,0.000000,0.000019
2025-10-26T22:39:01.189907,73.302,-1.542106,-0.498338,0.007840,0.000001,0.003307,0.001868,0.999993,0.000014,0.006614,0.003735,0.070026,-0.000010,0.000000,0.000000,0.000000,0.000019
2025-10-26T22:39:01.290054,73.402,-1.537344,-0.498320,0.007843,0.000008,0.003305,0.001868,0.999993,0.000029,0.006610,0.003737,0.070029,-0.000009,0.000000,0.000000,0.000000,0.000019
2025-10-26T22:39:01.389898,73.502,-1.532582,-0.498302,0.007839,0.000009,0.003307,0.001869,0.999993,0.000030,0.006614,0.003739,0.070033,-0.000008,0.000000,0.000000,0.000000,0.000019
2025-10-26T22:39:01.490002,73.602,-1.527819,-0.498284,0.007828,0.000007,0.003310,0.001870,0.999993,0.000026,0.006620,0.003740,0.070016,-0.000010,0.000000,0.000000,0.000000,0.000019
2025-10-26T22:39:01.590089,73.702,-1.523057,-0.498267,0.007844,0.000001,0.003310,0.001871,0.999993,0.000014,0.006621,0.003742,0.070029,-0.000006,0.000000,0.000000,0.000000,0.000019
2025-10-26T22:39:01.689913,73.802,-1.518294,-0.498249,0.007830,-0.000002,0.003306,0.001872,0.999993,0.000008,0.006612,0.003743,0.070021,-0.000011,0.000000,0.000000,0.000000,0.000018
2025-10-26T22:39:01.789885,73.902,-1.513532,-0.498231,0.007817,0.000010,0.003305,0.001872,0.999993,0.000032,0.006610,0.003745,0.070004,-0.000013,0.000000,0.000000,0.000000,0.000019
2025-10-26T22:39:01.890160,74.002,-1.508770,-0.498213,0.007838,0.000013,0.003310,0.001873,0.999993,0.000039,0.006620,0.003747,0.070024,-0.000008,0.000000,0.000000,0.000000,0.000019
2025-10-26T22:39:01.990053,74.102,-1.504007,-0.498195,0.007847,0.000002,0.003307,0.001874,0.999993,0.000016,0.006615,0.003748,0.070031,-0.000007,0.000000,0.000000,0.000000,0.000019
2025-10-26T22:39:02.090116,74.202,-1.499245,-0.498177,0.007840,0.000000,0.003306,0.001875,0.999993,0.000013,0.006613,0.003750,0.070033,-0.000009,0.000000,0.000000,0.000000,0.000018
2025-10-26T22:39:02.189315,74.302,-1.492101,-0.498151,0.007828,0.000008,0.003308,0.001876,0.999993,0.000028,0.006615,0.003752,0.070016,-0.000012,0.000000,0.000000,0.000000,0.000019
2025-10-26T22:39:02.291715,74.404,-1.487339,-0.498133,0.007840,0.000012,0.003309,0.001877,0.999993,0.000037,0.006618,0.003754,0.070032,-0.000009,0.000000,0.000000,0.000000,0.000019
2025-10-26T22:39:02.391579,74.503,-1.482577,-0.498115,0.007823,0.000007,0.003304,0.001878,0.999993,0.000027,0.006608,0.003755,0.070013,-0.000008,0.000000,0.000000,0.000000,0.000019
2025-10-26T22:39:02.490450,74.603,-1.477814,-0.498097,0.007829,0.000007,0.003305,0.001878,0.999993,0.000027,0.006611,0.003757,0.070016,-0.000011,0.000000,0.000000,0.000000,0.000019
2025-10-26T22:39:02.589910,74.702,-1.473052,-0.498079,0.007845,0.000010,0.003307,0.001879,0.999993,0.000033,0.006614,0.003758,0.070035,-0.000010,0.000000,0.000000,0.000000,0.000018
2025-10-26T22:39:02.691655,74.804,-1.468289,-0.498062,0.007816,0.000014,0.003305,0.001880,0.999993,0.000040,0.006609,0.003760,0.070004,-0.000010,0.000000,0.000000,0.000000,0.000019
2025-10-26T22:39:02.789079,74.901,-1.463527,-0.498044,0.007834,0.000014,0.003306,0.001881,0.999993,0.000041,0.006612,0.003762,0.070020,-0.000008,0.000000,0.000000,0.000000,0.000019
2025-10-26T22:39:02.889452,75.002,-1.458765,-0.498026,0.007843,0.000003,0.003306,0.001882,0.999993,0.000018,0.006612,0.003763,0.070032,-0.000008,0.000000,0.000000,0.000000,0.000018
2025-10-26T22:39:02.989141,75.101,-1.454002,-0.498008,0.007822,0.000001,0.003306,0.001882,0.999993,0.000015,0.006611,0.003765,0.070012,-0.000010,0.000000,0.000000,0.000000,0.000018
2025-10-26T22:39:03.089729,75.202,-1.449240,-0.497990,0.007817,0.000004,0.003304,0.001883,0.999993,0.000020,0.006608,0.003766,0.070004,-0.000010,0.000000,0.000000,0.000000,0.000019
2025-10-26T22:39:03.190427,75.302,-1.444477,-0.497972,0.007837,0.000005,0.003308,0.001884,0.999993,0.000023,0.006615,0.003768,0.070024,-0.000008,0.000000,0.000000,0.000000,0.000019
2025-10-26T22:39:03.290553,75.402,-1.439715,-0.497954,0.007837,0.000006,0.003308,0.001885,0.999993,0.000024,0.006617,0.003770,0.070032,-0.000009,0.000000,0.000000,0.000000,0.000018
2025-10-26T22:39:03.389384,75.502,-1.434953,-0.497936,0.007826,0.000010,0.003312,0.001886,0.999993,0.000032,0.006623,0.003771,0.070015,-0.000011,0.000000,0.000000,0.000000,0.000019
2025-10-26T22:39:03.489346,75.601,-1.430190,-0.497918,0.007842,0.000010,0.003310,0.001886,0.999993,0.000033,0.006619,0.003773,0.070028,-0.000007,0.000000,0.000000,0.000000,0.000019
2025-10-26T22:39:03.589697,75.702,-1.425428,-0.497900,0.007837,0.000006,0.003303,0.001887,0.999993,0.000025,0.006606,0.003774,0.070028,-0.000009,0.000000,0.000000,0.000000,0.000018
2025-10-26T22:39:03.689901,75.802,-1.418284,-0.497873,0.007828,0.000003,0.003307,0.001888,0.999993,0.000018,0.006614,0.003777,0.070017,-0.000008,0.000000,0.000000,0.000000,0.000019
2025-10-26T22:39:03.789366,75.901,-1.413522,-0.497855,0.007845,-0.000003,0.003311,0.001889,0.999993,0.000007,0.006622,0.003778,0.070036,-0.000008,0.000000,0.000000,0.000000,0.000018
2025-10-26T22:39:03.889434,76.002,-1.408759,-0.497837,0.007822,-0.000001,0.003312,0.001890,0.999993,0.000011,0.006624,0.003780,0.070013,-0.000011,0.000000,0.000000,0.000000,0.000019
2025-10-26T22:39:03.989765,76.102,-1.401616,-0.497810,0.007847,0.000004,0.003307,0.001891,0.999993,0.000021,0.006615,0.003782,0.070031,-0.000009,0.000000,0.000000,0.000000,0.000019
2025-10-26T22:39:04.089642,76.202,-1.399235,-0.497801,0.007840,0.000005,0.003304,0.001891,0.999993,0.000023,0.006608,0.003783,0.070031,-0.000008,0.000000,0.000000,0.000000,0.000019
2025-10-26T22:39:04.189787,76.302,-1.394473,-0.497783,0.007838,0.000003,0.003301,0.001892,0.999993,0.000018,0.006602,0.003785,0.070029,-0.000010,0.000000,0.000000,0.000000,0.000018
2025-10-26T22:39:04.289700,76.402,-1.389710,-0.497765,0.007826,0.000007,0.003306,0.001893,0.999993,0.000028,0.006612,0.003786,0.070016,-0.000011,0.000000,0.000000,0.000000,0.000019
2025-10-26T22:39:04.390520,76.502,-1.382566,-0.497738,0.007845,0.000008,0.003311,0.001894,0.999993,0.000029,0.006622,0.003789,0.070034,-0.000009,0.000000,0.000000,0.000000,0.000019
2025-10-26T22:39:04.489921,76.602,-1.377804,-0.497720,0.007828,0.000001,0.003306,0.001895,0.999993,0.000015,0.006611,0.003790,0.070018,-0.000006,0.000000,0.000000,0.000000,0.000018
2025-10-26T22:39:04.589968,76.702,-1.373042,-0.497702,0.007824,-0.000000,0.003306,0.001896,0.999993,0.000012,0.006613,0.003792,0.070013,-0.000010,0.000000,0.000000,0.000000,0.000019
2025-10-26T22:39:04.689510,76.802,-1.368279,-0.497684,0.007844,0.000005,0.003311,0.001897,0.999993,0.000023,0.006622,0.003793,0.070030,-0.000011,0.000000,0.000000,0.000000,0.000019
2025-10-26T22:39:04.789378,76.902,-1.363517,-0.497666,0.007840,0.000006,0.003310,0.001897,0.999993,0.000024,0.006619,0.003795,0.070034,-0.000007,0.000000,0.000000,0.000000,0.000019
2025-10-26T22:39:04.889634,77.002,-1.358754,-0.497648,0.007823,0.000002,0.003309,0.001898,0.999993,0.000017,0.006618,0.003797,0.070013,-0.000009,0.000000,0.000000,0.000000,0.000019
2025-10-26T22:39:04.989767,77.102,-1.353992,-0.497630,0.007845,0.000001,0.003310,0.001899,0.999993,0.000014,0.006621,0.003798,0.070033,-0.000009,0.000000,0.000000,0.000000,0.000018
2025-10-26T22:39:05.090472,77.202,-1.349230,-0.497612,0.007816,0.000002,0.003306,0.001900,0.999993,0.000016,0.006612,0.003800,0.070004,-0.000009,0.000000,0.000000,0.000000,0.000019
2025-10-26T22:39:05.190280,77.302,-1.344133,-0.497593,0.007836,0.000008,0.003303,0.001900,0.999993,0.000028,0.006606,0.003801,0.075020,-0.000012,0.000000,0.000000,0.000000,0.000013
2025-10-26T22:39:05.289822,77.402,-1.335809,-0.497561,0.007843,-0.000007,0.003298,0.001901,0.999993,-0.000001,0.006595,0.003801,0.085026,-0.000004,0.000000,0.000000,0.000000,0.000006
2025-10-26T22:39:05.389882,77.502,-1.329862,-0.497538,0.007840,-0.000008,0.003298,0.001901,0.999993,-0.000004,0.006596,0.003802,0.090027,-0.000012,0.000000,0.000000,0.000000,0.000007
2025-10-26T22:39:05.489476,77.602,-1.323575,-0.497515,0.007846,0.000011,0.003301,0.001901,0.999993,0.000034,0.006603,0.003803,0.095032,-0.000016,0.000000,0.000000,0.000000,0.000004
2025-10-26T22:39:05.590101,77.702,-1.313547,-0.497477,0.007845,0.000008,0.003302,0.001902,0.999993,0.000028,0.006605,0.003804,0.100034,-0.000000,0.000000,0.000000,0.000000,0.000016
2025-10-26T22:39:05.689830,77.802,-1.306410,-0.497449,0.007844,-0.000008,0.003298,0.001902,0.999993,-0.000004,0.006596,0.003804,0.105033,-0.000009,0.000000,0.000000,0.000000,0.000014
2025-10-26T22:39:05.789531,77.902,-1.298933,-0.497421,0.007844,0.000003,0.003296,0.001903,0.999993,0.000018,0.006593,0.003805,0.110034,-0.000016,0.000000,0.000000,0.000000,0.000012
2025-10-26T22:39:05.889122,78.001,-1.291450,-0.497393,0.007833,0.000016,0.003305,0.001903,0.999993,0.000045,0.006611,0.003807,0.110030,-0.000008,0.000000,0.000000,0.000000,0.000018
2025-10-26T22:39:05.990592,78.103,-1.279557,-0.497347,0.007831,-0.000003,0.003301,0.001904,0.999993,0.000007,0.006602,0.003807,0.119971,-0.000007,0.000000,0.000000,0.000000,0.000005
2025-10-26T22:39:06.090053,78.202,-1.271395,-0.497316,0.007821,0.000002,0.003300,0.001904,0.999993,0.000016,0.006599,0.003809,0.120008,-0.000012,0.000000,0.000000,0.000000,0.000016
2025-10-26T22:39:06.190130,78.302,-1.263067,-0.497285,0.007845,0.000012,0.003306,0.001905,0.999993,0.000037,0.006613,0.003810,0.125029,-0.000011,0.000000,0.000000,0.000000,0.000005
2025-10-26T22:39:06.290183,78.402,-1.254400,-0.497252,0.007848,0.000007,0.003304,0.001905,0.999993,0.000026,0.006608,0.003810,0.130034,-0.000007,0.000000,0.000000,0.000000,0.000006
2025-10-26T22:39:06.389573,78.502,-1.245558,-0.497218,0.007844,-0.000006,0.003304,0.001906,0.999993,0.000000,0.006607,0.003811,0.130034,-0.000008,0.000000,0.000000,0.000000,0.000018
2025-10-26T22:39:06.489771,78.602,-1.231625,-0.497165,0.007838,0.000007,0.003300,0.001906,0.999993,0.000027,0.006600,0.003813,0.140006,-0.000014,0.000000,0.000000,0.000000,0.000003
2025-10-26T22:39:06.590451,78.703,-1.222102,-0.497129,0.007821,0.000015,0.003303,0.001907,0.999993,0.000042,0.006605,0.003814,0.140009,-0.000007,0.000000,0.000000,0.000000,0.000018
2025-10-26T22:39:06.688828,78.801,-1.207149,-0.497072,0.007837,-0.000006,0.003304,0.001907,0.999993,0.000002,0.006607,0.003814,0.150022,-0.000008,0.000000,0.000000,0.000000,0.000006
2025-10-26T22:39:06.789690,78.902,-1.196947,-0.497033,0.007844,0.000001,0.003305,0.001908,0.999993,0.000015,0.006611,0.003816,0.150028,-0.000013,0.000000,0.000000,0.000000,0.000016
2025-10-26T22:39:06.890433,79.002,-1.186745,-0.496994,0.007828,0.000012,0.003307,0.001909,0.999993,0.000036,0.006614,0.003817,0.150022,-0.000011,0.000000,0.000000,0.000000,0.000018
2025-10-26T22:39:06.991247,79.103,-1.171441,-0.496936,0.007824,0.000001,0.003306,0.001910,0.999993,0.000014,0.006612,0.003820,0.150013,-0.000007,0.000000,0.000000,0.000000,0.000019
2025-10-26T22:39:07.089559,79.202,-1.161239,-0.496897,0.007838,-0.000001,0.003309,0.001911,0.999993,0.000011,0.006617,0.003821,0.150025,-0.000011,0.000000,0.000000,0.000000,0.000019
2025-10-26T22:39:07.190218,79.302,-1.151036,-0.496858,0.007835,0.000004,0.003310,0.001911,0.999993,0.000021,0.006620,0.003823,0.150029,-0.000011,0.000000,0.000000,0.000000,0.000018
2025-10-26T22:39:07.290363,79.402,-1.140834,-0.496819,0.007818,0.000007,0.003306,0.001912,0.999993,0.000026,0.006611,0.003825,0.150006,-0.000011,0.000000,0.000000,0.000000,0.000019
2025-10-26T22:39:07.389531,79.502,-1.125530,-0.496761,0.007845,0.000007,0.003309,0.001913,0.999993,0.000027,0.006618,0.003827,0.150031,-0.000009,0.000000,0.000000,0.000000,0.000019
2025-10-26T22:39:07.489793,79.602,-1.115328,-0.496721,0.007839,0.000006,0.003307,0.001914,0.999993,0.000025,0.006615,0.003829,0.150032,-0.000008,0.000000,0.000000,0.000000,0.000019
2025-10-26T22:39:07.589722,79.702,-1.105126,-0.496682,0.007817,0.000005,0.003306,0.001915,0.999993,0.000022,0.006611,0.003830,0.150005,-0.000011,0.000000,0.000000,0.000000,0.000019
2025-10-26T22:39:07.690149,79.802,-1.094923,-0.496643,0.007844,0.000008,0.003310,0.001916,0.999993,0.000028,0.006619,0.003832,0.150031,-0.000011,0.000000,0.000000,0.000000,0.000019
2025-10-26T22:39:07.790973,79.903,-1.084722,-0.496604,0.007844,0.000006,0.003308,0.002186,0.999992,0.000026,0.006616,0.004372,0.149984,-0.000017,0.000000,0.000000,0.000000,0.027752
2025-10-26T22:39:07.889347,80.001,-1.074526,-0.496546,0.007824,-0.000006,0.003303,0.003788,0.999987,0.000013,0.006607,0.007577,0.149880,-0.000010,0.000000,0.000000,0.000000,0.073287
2025-10-26T22:39:07.990034,80.102,-1.064335,-0.496441,0.007829,-0.000013,0.003308,0.006743,0.999972,0.000018,0.006615,0.013486,0.149836,-0.000038,0.000000,0.000000,0.000000,0.094454
2025-10-26T22:39:08.089045,80.201,-1.054150,-0.496266,0.007840,-0.000022,0.003311,0.010904,0.999935,0.000027,0.006621,0.021809,0.149768,-0.000051,0.000000,0.000000,0.000000,0.138572
2025-10-26T22:39:08.190052,80.302,-1.043973,-0.495990,0.007823,-0.000045,0.003306,0.016663,0.999856,0.000019,0.006614,0.033329,0.149654,-0.000057,0.000000,0.000000,0.000000,0.187166
2025-10-26T22:39:08.289213,80.401,-1.033804,-0.495588,0.007835,-0.000067,0.003309,0.023227,0.999725,0.000020,0.006619,0.046458,0.149642,-0.000075,0.000000,0.000000,0.000000,0.196357
2025-10-26T22:39:08.389431,80.502,-1.023646,-0.495045,0.007840,-0.000088,0.003306,0.030805,0.999520,0.000028,0.006614,0.061619,0.149571,-0.000097,0.000000,0.000000,0.000000,0.238336
2025-10-26T22:39:08.490234,80.602,-1.008440,-0.493907,0.007836,-0.000126,0.003305,0.044875,0.998987,0.000045,0.006615,0.089781,0.149446,-0.000127,0.000000,0.000000,0.000000,0.292891
2025-10-26T22:39:08.589207,80.701,-0.998329,-0.492901,0.007843,-0.000162,0.003303,0.055177,0.998471,0.000040,0.006615,0.110410,0.149388,-0.000152,0.000000,0.000000,0.000000,0.324791
2025-10-26T22:39:08.691685,80.804,-0.983225,-0.490966,0.007829,-0.000221,0.003298,0.073297,0.997305,0.000043,0.006610,0.146726,0.149292,-0.000070,0.000000,0.000000,0.000000,0.385399
2025-10-26T22:39:08.790150,80.902,-0.973203,-0.489347,0.007844,-0.000275,0.003294,0.086562,0.996241,0.000022,0.006612,0.173341,0.149291,-0.000026,0.000000,0.000000,0.000000,0.394795
2025-10-26T22:39:08.890960,81.003,-0.963229,-0.487459,0.007845,-0.000320,0.003291,0.099966,0.994985,0.000022,0.006613,0.200267,0.149298,-0.000024,0.000000,0.000000,0.000000,0.396637
2025-10-26T22:39:08.990410,81.102,-0.953308,-0.485302,0.007819,-0.000355,0.003289,0.113382,0.993546,0.000041,0.006615,0.227254,0.149276,-0.000037,0.000000,0.000000,0.000000,0.396999
2025-10-26T22:39:09.089601,81.202,-0.938546,-0.481564,0.007823,-0.000427,0.003275,0.133479,0.991046,0.000028,0.006605,0.267758,0.149292,-0.000007,0.000000,0.000000,0.000000,0.397135
2025-10-26T22:39:09.190220,81.302,-0.928792,-0.478741,0.007834,-0.000477,0.003269,0.146849,0.989153,0.000017,0.006608,0.294766,0.149318,0.000016,0.000000,0.000000,0.000000,0.397178
2025-10-26T22:39:09.289472,81.402,-0.919119,-0.475654,0.007841,-0.000510,0.003267,0.160194,0.987080,0.000041,0.006614,0.321777,0.149338,0.000031,0.000000,0.000000,0.000000,0.397225
2025-10-26T22:39:09.389872,81.502,-0.909531,-0.472307,0.007844,-0.000557,0.003260,0.173511,0.984826,0.000034,0.006614,0.348790,0.149350,0.000038,0.000000,0.000000,0.000000,0.397263
2025-10-26T22:39:09.489607,81.602,-0.895327,-0.466802,0.007820,-0.000628,0.003244,0.193428,0.981109,0.000023,0.006608,0.389313,0.149315,-0.000035,0.000000,0.000000,0.000000,0.397304
2025-10-26T22:39:09.589661,81.702,-0.885986,-0.462814,0.007839,-0.000670,0.003238,0.206664,0.978406,0.000028,0.006613,0.416330,0.149372,0.000038,0.000000,0.000000,0.000000,0.397317
2025-10-26T22:39:09.689989,81.802,-0.876755,-0.458575,0.007840,-0.000708,0.003230,0.219862,0.975525,0.000040,0.006613,0.443349,0.149383,0.000018,0.000000,0.000000,0.000000,0.397349
2025-10-26T22:39:09.789714,81.902,-0.867641,-0.454088,0.007819,-0.000748,0.003220,0.233021,0.972466,0.000045,0.006611,0.470369,0.149371,0.000000,0.000000,0.000000,0.000000,0.397336
2025-10-26T22:39:09.889163,82.001,-0.858651,-0.449356,0.007840,-0.000793,0.003210,0.246138,0.969229,0.000043,0.006613,0.497389,0.149408,0.000041,0.000000,0.000000,0.000000,0.397350
2025-10-26T22:39:09.990003,82.102,-0.845412,-0.441807,0.007842,-0.000868,0.003189,0.265727,0.964043,0.000021,0.006610,0.537919,0.149423,0.000016,0.000000,0.000000,0.000000,0.397347
2025-10-26T22:39:10.089759,82.202,-0.836760,-0.436478,0.007841,-0.000908,0.003178,0.278726,0.960365,0.000027,0.006610,0.564938,0.149428,-0.000003,0.000000,0.000000,0.000000,0.397328
2025-10-26T22:39:10.189474,82.301,-0.824058,-0.428053,0.007823,-0.000968,0.003159,0.298127,0.954521,0.000035,0.006607,0.605463,0.149395,-0.000073,0.000000,0.000000,0.000000,0.397283
2025-10-26T22:39:10.289218,82.401,-0.815784,-0.422153,0.007819,-0.001018,0.003144,0.310992,0.950407,0.000021,0.006610,0.632476,0.149427,-0.000039,0.000000,0.000000,0.000000,0.397214
2025-10-26T22:39:10.389371,82.502,-0.807670,-0.416033,0.007836,-0.001058,0.003134,0.323798,0.946120,0.000027,0.006616,0.659486,0.149089,-0.000187,0.000000,0.000000,0.000000,0.397124
2025-10-26T22:39:10.489440,82.602,-0.795860,-0.406511,0.007823,-0.001113,0.003112,0.342858,0.939382,0.000043,0.006609,0.699919,0.148781,-0.000206,0.000000,0.000000,0.000000,0.396553
2025-10-26T22:39:10.590099,82.702,-0.788203,-0.399897,0.007829,-0.001153,0.003097,0.355494,0.934673,0.000046,0.006610,0.726890,0.148786,-0.000180,0.000000,0.000000,0.000000,0.396678
2025-10-26T22:39:10.689599,82.802,-0.780728,-0.393078,0.007841,-0.001209,0.003078,0.368069,0.929792,0.000017,0.006613,0.753868,0.148795,-0.000167,0.000000,0.000000,0.000000,0.396764
2025-10-26T22:39:10.789980,82.902,-0.769869,-0.382478,0.007843,-0.001265,0.003053,0.386809,0.922154,0.000028,0.006610,0.794341,0.148796,-0.000160,0.000000,0.000000,0.000000,0.396814
2025-10-26T22:39:10.889733,83.002,-0.762872,-0.375171,0.007820,-0.001299,0.003038,0.399215,0.916852,0.000044,0.006607,0.821325,0.148760,-0.000172,0.000000,0.000000,0.000000,0.396834
2025-10-26T22:39:10.989675,83.102,-0.756075,-0.367676,0.007819,-0.001345,0.003017,0.411549,0.911382,0.000032,0.006607,0.848310,0.148759,-0.000158,0.000000,0.000000,0.000000,0.396848
2025-10-26T22:39:11.090103,83.202,-0.746266,-0.356096,0.007845,-0.001412,0.002993,0.429909,0.902866,0.000025,0.006619,0.888789,0.148806,-0.000127,0.000000,0.000000,0.000000,0.396870
2025-10-26T22:39:11.189080,83.301,-0.739990,-0.348163,0.007825,-0.001442,0.002974,0.442052,0.896983,0.000042,0.006611,0.915776,0.148500,-0.000587,0.000000,0.000000,0.000000,0.396383
2025-10-26T22:39:11.289970,83.402,-0.733903,-0.340027,0.007820,-0.001485,0.002947,0.454105,0.890942,0.000030,0.006599,0.942739,0.149410,-0.000226,0.000000,0.000000,0.000000,0.396653
2025-10-26T22:39:11.389550,83.502,-0.728037,-0.331726,0.007827,-0.001531,0.002928,0.466079,0.884737,0.000020,0.006607,0.969714,0.149446,-0.000175,0.000000,0.000000,0.000000,0.396685
2025-10-26T22:39:11.489943,83.602,-0.722397,-0.323272,0.007843,-0.001572,0.002912,0.477970,0.878370,0.000022,0.006619,0.996689,0.149452,-0.000178,0.000000,0.000000,0.000000,0.396666
2025-10-26T22:39:11.589517,83.702,-0.716986,-0.314669,0.007843,-0.001609,0.002892,0.489771,0.871845,0.000028,0.006619,1.023661,0.149449,-0.000191,0.000000,0.000000,0.000000,0.396632
2025-10-26T22:39:11.689634,83.802,-0.709310,-0.301501,0.007824,-0.001660,0.002859,0.507304,0.861761,0.000039,0.006611,1.064114,0.149415,-0.000213,0.000000,0.000000,0.000000,0.396532
2025-10-26T22:39:11.789566,83.902,-0.704490,-0.292555,0.007842,-0.001696,0.002839,0.518876,0.854843,0.000046,0.006614,1.091077,0.149423,-0.000202,0.000000,0.000000,0.000000,0.396500
2025-10-26T22:39:11.891078,84.003,-0.699914,-0.283483,0.007843,-0.001748,0.002806,0.530352,0.847771,0.000013,0.006611,1.118038,0.149416,-0.000203,0.000000,0.000000,0.000000,0.396464
2025-10-26T22:39:11.990030,84.102,-0.695584,-0.274292,0.007829,-0.001786,0.002782,0.541731,0.840546,0.000012,0.006612,1.144996,0.149373,-0.000276,0.000000,0.000000,0.000000,0.396433
2025-10-26T22:39:12.089965,84.202,-0.691503,-0.264989,0.007825,-0.001818,0.002765,0.553010,0.833168,0.000030,0.006619,1.171952,0.149376,-0.000229,0.000000,0.000000,0.000000,0.396368
2025-10-26T22:39:12.189720,84.302,-0.687674,-0.255579,0.007839,-0.001854,0.002739,0.564187,0.825640,0.000029,0.006615,1.198905,0.149373,-0.000222,0.000000,0.000000,0.000000,0.396349
2025-10-26T22:39:12.289952,84.402,-0.684100,-0.246071,0.007840,-0.001886,0.002714,0.575262,0.817963,0.000038,0.006609,1.225857,0.149370,-0.000237,0.000000,0.000000,0.000000,0.396344
2025-10-26T22:39:12.389977,84.502,-0.679224,-0.231638,0.007825,-0.001939,0.002679,0.591677,0.806169,0.000044,0.006614,1.266282,0.149336,-0.000227,0.000000,0.000000,0.000000,0.396304
2025-10-26T22:39:12.490124,84.602,-0.676300,-0.221913,0.007839,-0.001982,0.002650,0.602486,0.798123,0.000030,0.006617,1.293232,0.149333,-0.000215,0.000000,0.000000,0.000000,0.396313
2025-10-26T22:39:12.589587,84.702,-0.672408,-0.207187,0.007816,-0.002029,0.002607,0.618494,0.785783,0.000035,0.006607,1.333658,0.149276,-0.000285,0.000000,0.000000,0.000000,0.396336
2025-10-26T22:39:12.690359,84.802,-0.670146,-0.197289,0.007835,-0.002063,0.002586,0.629026,0.777377,0.000046,0.006616,1.360610,0.149305,-0.000206,0.000000,0.000000,0.000000,0.396346
2025-10-26T22:39:12.789920,84.902,-0.667256,-0.182337,0.007843,-0.002123,0.002535,0.644612,0.764503,0.000023,0.006613,1.401040,0.149305,-0.000200,0.000000,0.000000,0.000000,0.396415
2025-10-26T22:39:12.889685,85.002,-0.665667,-0.172310,0.007829,-0.002151,0.002506,0.654858,0.755745,0.000032,0.006605,1.427998,0.149263,-0.000250,0.000000,0.000000,0.000000,0.396467
2025-10-26T22:39:12.989494,85.102,-0.664352,-0.162249,0.007823,-0.002186,0.002479,0.664994,0.746842,0.000033,0.006610,1.454980,0.149181,-0.000070,0.000000,0.000000,0.000000,0.397912
2025-10-26T22:39:13.090010,85.202,-0.663314,-0.152155,0.007843,-0.002227,0.002451,0.675058,0.737757,0.000023,0.006623,1.482096,0.149234,-0.000073,0.000000,0.000000,0.000000,0.399108
2025-10-26T22:39:13.189425,85.301,-0.662270,-0.136969,0.007831,-0.002272,0.002403,0.689927,0.723872,0.000025,0.006614,1.522787,0.149227,-0.000091,0.000000,0.000000,0.000000,0.398593
2025-10-26T22:39:13.289530,85.402,-0.661917,-0.126826,0.007820,-0.002301,0.002369,0.699665,0.714463,0.000027,0.006605,1.549868,0.149232,-0.000109,0.000000,0.000000,0.000000,0.397904
2025-10-26T22:39:13.389716,85.502,-0.661837,-0.116677,0.007840,-0.002330,0.002345,0.709258,0.704941,0.000042,0.006612,1.576901,0.149261,-0.000112,0.000000,0.000000,0.000000,0.397154
2025-10-26T22:39:13.489515,85.602,-0.662030,-0.106529,0.007831,-0.002370,0.002308,0.718702,0.695310,0.000022,0.006617,1.603880,0.149245,-0.000122,0.000000,0.000000,0.000000,0.396366
2025-10-26T22:39:13.589866,85.702,-0.662831,-0.091326,0.007817,-0.002411,0.002259,0.732587,0.680665,0.000027,0.006608,1.644242,0.149214,-0.000150,0.000000,0.000000,0.000000,0.395066
2025-10-26T22:39:13.689775,85.802,-0.663705,-0.081215,0.007837,-0.002439,0.002231,0.741654,0.670774,0.000038,0.006611,1.671078,0.149240,-0.000152,0.000000,0.000000,0.000000,0.394218
2025-10-26T22:39:13.789968,85.902,-0.664848,-0.071131,0.007846,-0.002467,0.002201,0.750569,0.660784,0.000044,0.006612,1.697857,0.149276,-0.000271,0.000000,0.000000,0.000000,0.393351
2025-10-26T22:39:13.889165,86.001,-0.667076,-0.056074,0.007817,-0.002514,0.002146,0.763749,0.645504,0.000032,0.006611,1.738217,0.149238,-0.000121,0.000000,0.000000,0.000000,0.397187
2025-10-26T22:39:13.990412,86.102,-0.668903,-0.046088,0.007843,-0.002545,0.002114,0.772403,0.635124,0.000033,0.006617,1.765246,0.149287,-0.000052,0.000000,0.000000,0.000000,0.397673
2025-10-26T22:39:14.089178,86.201,-0.670999,-0.036156,0.007820,-0.002566,0.002083,0.780922,0.624620,0.000049,0.006610,1.792296,0.149244,-0.000134,0.000000,0.000000,0.000000,0.397884
2025-10-26T22:39:14.190164,86.302,-0.673364,-0.026283,0.007819,-0.002596,0.002043,0.789302,0.613996,0.000037,0.006607,1.819357,0.149251,-0.000122,0.000000,0.000000,0.000000,0.398029
2025-10-26T22:39:14.292113,86.404,-0.677406,-0.011598,0.007828,-0.002640,0.001988,0.801105,0.598514,0.000025,0.006609,1.858294,0.149374,-0.000033,0.000000,0.000000,0.000000,0.358935
2025-10-26T22:39:14.389489,86.502,-0.680404,-0.001891,0.007839,-0.002661,0.001968,0.808097,0.589040,0.000046,0.006619,1.881844,0.149448,0.000015,0.000000,0.000000,0.000000,0.324412
2025-10-26T22:39:14.489701,86.602,-0.683619,0.007751,0.007838,-0.002681,0.001936,0.814296,0.580440,0.000041,0.006613,1.903047,0.149493,-0.000016,0.000000,0.000000,0.000000,0.304498
2025-10-26T22:39:14.589491,86.702,-0.687035,0.017326,0.007844,-0.002705,0.001897,0.820211,0.572052,0.000018,0.006608,1.923575,0.149512,-0.000039,0.000000,0.000000,0.000000,0.300373
2025-10-26T22:39:14.690233,86.802,-0.690647,0.026831,0.007816,-0.002720,0.001874,0.826000,0.563661,0.000029,0.006606,1.943963,0.149477,-0.000103,0.000000,0.000000,0.000000,0.299522
2025-10-26T22:39:14.790059,86.902,-0.694445,0.036264,0.007841,-0.002736,0.001861,0.831244,0.555897,0.000051,0.006617,1.962701,0.149587,-0.000010,0.000000,0.000000,0.000000,0.260907
2025-10-26T22:39:14.889443,87.002,-0.698409,0.045635,0.007842,-0.002753,0.001832,0.835598,0.549332,0.000037,0.006613,1.978457,0.149667,0.000002,0.000000,0.000000,0.000000,0.213901
2025-10-26T22:39:14.989717,87.102,-0.704611,0.059587,0.007835,-0.002781,0.001789,0.841311,0.540541,0.000003,0.006613,1.999426,0.149684,-0.000076,0.000000,0.000000,0.000000,0.201624
2025-10-26T22:39:15.089704,87.202,-0.708906,0.068817,0.007826,-0.002789,0.001781,0.844984,0.534782,0.000026,0.006618,2.013088,0.149690,-0.000057,0.000000,0.000000,0.000000,0.200468
2025-10-26T22:39:15.189077,87.301,-0.713326,0.077987,0.007840,-0.002799,0.001770,0.848607,0.529014,0.000043,0.006623,2.026710,0.149706,-0.000044,0.000000,0.000000,0.000000,0.200225
2025-10-26T22:39:15.289067,87.401,-0.717870,0.087098,0.007835,-0.002815,0.001735,0.852062,0.523431,0.000010,0.006614,2.039842,0.149720,-0.000097,0.000000,0.000000,0.000000,0.175057
2025-10-26T22:39:15.389563,87.502,-0.722525,0.096156,0.007827,-0.002826,0.001720,0.854831,0.518896,0.000008,0.006616,2.050468,0.149803,-0.000038,0.000000,0.000000,0.000000,0.131157
2025-10-26T22:39:15.489729,87.602,-0.727264,0.105177,0.007832,-0.002823,0.001722,0.856884,0.515499,0.000040,0.006614,2.058407,0.149849,-0.000039,0.000000,0.000000,0.000000,0.108036
2025-10-26T22:39:15.589546,87.702,-0.732071,0.114163,0.007837,-0.002831,0.001704,0.858713,0.512447,0.000025,0.006607,2.065523,0.149862,-0.000040,0.000000,0.000000,0.000000,0.102575
2025-10-26T22:39:15.690080,87.802,-0.736937,0.123120,0.007840,-0.002842,0.001684,0.860080,0.510148,-0.000002,0.006607,2.070872,0.149924,-0.000022,0.000000,0.000000,0.000000,0.063687
2025-10-26T22:39:15.789516,87.902,-0.741840,0.132062,0.007844,-0.002841,0.001696,0.860682,0.509132,0.000027,0.006618,2.073233,0.149998,-0.000037,0.000000,0.000000,0.000000,0.016671
2025-10-26T22:39:15.890679,88.002,-0.749211,0.145474,0.007828,-0.002839,0.001696,0.860483,0.509468,0.000026,0.006613,2.072454,0.150048,-0.000107,0.000000,0.000000,0.000000,-0.034166
2025-10-26T22:39:15.989604,88.102,-0.754104,0.154434,0.007824,-0.002839,0.001696,0.859376,0.511334,0.000011,0.006614,2.068114,0.150141,-0.000027,0.000000,0.000000,0.000000,-0.082317
2025-10-26T22:39:16.089445,88.202,-0.758948,0.163423,0.007845,-0.002837,0.001706,0.857814,0.513949,0.000011,0.006621,2.062022,0.150181,-0.000037,0.000000,0.000000,0.000000,-0.094004
2025-10-26T22:39:16.189449,88.302,-0.766095,0.176978,0.007828,-0.002826,0.001727,0.854512,0.519422,0.000015,0.006624,2.049238,0.150241,-0.000037,0.000000,0.000000,0.000000,-0.141056
2025-10-26T22:39:16.290027,88.402,-0.770750,0.186076,0.007839,-0.002814,0.001742,0.851544,0.524272,0.000016,0.006618,2.037865,0.150316,-0.000014,0.000000,0.000000,0.000000,-0.183581
2025-10-26T22:39:16.389141,88.501,-0.777521,0.199836,0.007837,-0.002788,0.001772,0.846254,0.532770,0.000028,0.006606,2.017845,0.150370,-0.000057,0.000000,0.000000,0.000000,-0.220660
2025-10-26T22:39:16.490007,88.602,-0.781869,0.209094,0.007820,-0.002776,0.001792,0.841873,0.539666,0.000021,0.006609,2.001506,0.150412,-0.000137,0.000000,0.000000,0.000000,-0.265975
2025-10-26T22:39:16.589739,88.702,-0.783983,0.213753,0.007824,-0.002772,0.001807,0.839340,0.543597,0.000019,0.006618,1.992153,0.150476,-0.000031,0.000000,0.000000,0.000000,-0.281792
2025-10-26T22:39:16.689603,88.802,-0.790054,0.227853,0.007841,-0.002751,0.001840,0.831196,0.555970,0.000000,0.006620,1.962527,0.150522,-0.000054,0.000000,0.000000,0.000000,-0.294608
2025-10-26T22:39:16.789606,88.902,-0.793866,0.237353,0.007827,-0.002724,0.001870,0.825571,0.564288,0.000014,0.006608,1.942443,0.150506,-0.000015,0.000000,0.000000,0.000000,-0.295822
2025-10-26T22:39:16.889129,89.001,-0.797486,0.246928,0.007824,-0.002696,0.001906,0.819851,0.572567,0.000039,0.006604,1.922317,0.150507,-0.000004,0.000000,0.000000,0.000000,-0.296098
2025-10-26T22:39:16.989727,89.102,-0.800912,0.256574,0.007823,-0.002688,0.001926,0.814045,0.580793,0.000013,0.006613,1.902180,0.150528,-0.000050,0.000000,0.000000,0.000000,-0.296164
2025-10-26T22:39:17.089875,89.202,-0.804145,0.266288,0.007839,-0.002672,0.001951,0.808154,0.588961,0.000005,0.006617,1.882039,0.150547,-0.000061,0.000000,0.000000,0.000000,-0.296220
2025-10-26T22:39:17.189728,89.302,-0.807180,0.276065,0.007840,-0.002650,0.001978,0.802182,0.597071,0.000009,0.006615,1.861895,0.150559,-0.000041,0.000000,0.000000,0.000000,-0.296272
2025-10-26T22:39:17.290654,89.403,-0.810019,0.285902,0.007817,-0.002629,0.002007,0.796126,0.605121,0.000013,0.006615,1.841748,0.150527,-0.000016,0.000000,0.000000,0.000000,-0.296305
2025-10-26T22:39:17.390169,89.502,-0.812659,0.295794,0.007843,-0.002615,0.002035,0.789989,0.613112,0.000009,0.006628,1.821597,0.150567,-0.000054,0.000000,0.000000,0.000000,-0.296364
2025-10-26T22:39:17.491122,89.603,-0.816244,0.310728,0.007828,-0.002583,0.002072,0.780631,0.624983,0.000007,0.006623,1.791364,0.150559,-0.000040,0.000000,0.000000,0.000000,-0.296449
2025-10-26T22:39:17.590387,89.702,-0.818383,0.320741,0.007842,-0.002564,0.002094,0.774291,0.632821,-0.000002,0.006621,1.771202,0.150580,-0.000046,0.000000,0.000000,0.000000,-0.296537
2025-10-26T22:39:17.689923,89.802,-0.820320,0.330796,0.007830,-0.002534,0.002123,0.767871,0.640596,0.000014,0.006612,1.751036,0.150568,-0.000004,0.000000,0.000000,0.000000,-0.296623
2025-10-26T22:39:17.790172,89.902,-0.822054,0.340888,0.007820,-0.002506,0.002151,0.761371,0.648308,0.000026,0.006605,1.730864,0.150555,-0.000004,0.000000,0.000000,0.000000,-0.296690
2025-10-26T22:39:17.891007,90.003,-0.824273,0.356086,0.007845,-0.002484,0.002188,0.751472,0.659756,0.000011,0.006620,1.700594,0.150594,-0.000026,0.000000,0.000000,0.000000,-0.296838
2025-10-26T22:39:17.989416,90.102,-0.825503,0.366257,0.007825,-0.002463,0.002207,0.744723,0.667366,0.000000,0.006614,1.680251,0.150600,0.000107,0.000000,0.000000,0.000000,-0.301178
2025-10-26T22:39:18.090506,90.202,-0.826523,0.376449,0.007824,-0.002430,0.002235,0.737840,0.674967,0.000018,0.006604,1.659742,0.150587,0.000101,0.000000,0.000000,0.000000,-0.301712
2025-10-26T22:39:18.189918,90.302,-0.827333,0.386659,0.007832,-0.002403,0.002267,0.730884,0.682494,0.000033,0.006608,1.639243,0.150602,0.000088,0.000000,0.000000,0.000000,-0.301139
2025-10-26T22:39:18.289591,90.402,-0.827934,0.396882,0.007842,-0.002385,0.002290,0.723867,0.689932,0.000025,0.006613,1.618792,0.150607,0.000082,0.000000,0.000000,0.000000,-0.300360
2025-10-26T22:39:18.390390,90.502,-0.828325,0.407116,0.007823,-0.002364,0.002312,0.716794,0.697277,0.000017,0.006613,1.598398,0.150572,0.000085,0.000000,0.000000,0.000000,-0.299492
2025-10-26T22:39:18.489704,90.602,-0.828508,0.417355,0.007835,-0.002350,0.002335,0.709668,0.704528,0.000002,0.006626,1.578065,0.150592,0.000070,0.000000,0.000000,0.000000,-0.298548
2025-10-26T22:39:18.589769,90.702,-0.828391,0.432716,0.007817,-0.002310,0.002370,0.698885,0.715226,0.000008,0.006620,1.547687,0.150562,0.000064,0.000000,0.000000,0.000000,-0.297120
2025-10-26T22:39:18.689085,90.801,-0.828054,0.442951,0.007829,-0.002282,0.002395,0.691637,0.722238,0.000017,0.006615,1.527516,0.150585,0.000048,0.000000,0.000000,0.000000,-0.296142
2025-10-26T22:39:18.790306,90.902,-0.827808,0.448065,0.007842,-0.002269,0.002406,0.687995,0.725708,0.000017,0.006615,1.517456,0.150597,0.000046,0.000000,0.000000,0.000000,-0.295670
2025-10-26T22:39:18.890098,91.002,-0.826761,0.463391,0.007829,-0.002227,0.002439,0.677001,0.735975,0.000024,0.006605,1.487371,0.150588,0.000039,0.000000,0.000000,0.000000,-0.294282
2025-10-26T22:39:18.990117,91.102,-0.825807,0.473588,0.007824,-0.002202,0.002465,0.669615,0.742701,0.000030,0.006611,1.467392,0.150598,0.000028,0.000000,0.000000,0.000000,-0.293364
2025-10-26T22:39:19.090075,91.202,-0.824649,0.483765,0.007845,-0.002183,0.002489,0.662185,0.749333,0.000025,0.006620,1.447472,0.150626,0.000024,0.000000,0.000000,0.000000,-0.292546
2025-10-26T22:39:19.189902,91.302,-0.823296,0.493918,0.007816,-0.002161,0.002505,0.654659,0.755917,0.000013,0.006616,1.427473,0.150541,0.000105,0.000000,0.000000,0.000000,-0.296579
2025-10-26T22:39:19.289987,91.402,-0.821737,0.504038,0.007847,-0.002144,0.002526,0.646976,0.762503,-0.000000,0.006626,1.407234,0.150579,0.000057,0.000000,0.000000,0.000000,-0.298276
2025-10-26T22:39:19.389949,91.502,-0.819974,0.514124,0.007843,-0.002109,0.002549,0.639204,0.769030,0.000014,0.006617,1.386934,0.150574,0.000065,0.000000,0.000000,0.000000,-0.298709
2025-10-26T22:39:19.489664,91.602,-0.816947,0.529181,0.007835,-0.002065,0.002577,0.627409,0.778683,0.000018,0.006604,1.356452,0.150552,0.000110,0.000000,0.000000,0.000000,-0.298972
2025-10-26T22:39:19.589403,91.702,-0.814675,0.539164,0.007818,-0.002040,0.002598,0.619460,0.785021,0.000016,0.006606,1.336119,0.150527,0.000113,0.000000,0.000000,0.000000,-0.299083
2025-10-26T22:39:19.689872,91.802,-0.812201,0.549099,0.007843,-0.002019,0.002624,0.611444,0.791281,0.000013,0.006622,1.315777,0.150556,0.000075,0.000000,0.000000,0.000000,-0.299205
2025-10-26T22:39:19.789902,91.902,-0.809526,0.558981,0.007815,-0.001994,0.002642,0.603362,0.797461,0.000008,0.006621,1.295428,0.150508,0.000138,0.000000,0.000000,0.000000,-0.299320
2025-10-26T22:39:19.890010,92.002,-0.806650,0.568806,0.007843,-0.001969,0.002665,0.595214,0.803561,0.000009,0.006627,1.275071,0.150543,0.000078,0.000000,0.000000,0.000000,-0.299424
2025-10-26T22:39:19.989670,92.102,-0.803575,0.578570,0.007845,-0.001935,0.002681,0.587001,0.809579,0.000015,0.006613,1.254707,0.150535,0.000092,0.000000,0.000000,0.000000,-0.299527
2025-10-26T22:39:20.090163,92.202,-0.800301,0.588269,0.007825,-0.001900,0.002698,0.578725,0.815516,0.000024,0.006600,1.234337,0.150493,0.000138,0.000000,0.000000,0.000000,-0.299618
2025-10-26T22:39:20.189628,92.302,-0.795023,0.602687,0.007836,-0.001866,0.002733,0.566195,0.824265,0.000019,0.006617,1.203772,0.150513,0.000088,0.000000,0.000000,0.000000,-0.299713
2025-10-26T22:39:20.289647,92.402,-0.791261,0.612206,0.007836,-0.001848,0.002746,0.557765,0.829992,-0.000005,0.006621,1.183389,0.150498,0.000117,0.000000,0.000000,0.000000,-0.299801
2025-10-26T22:39:20.389649,92.502,-0.787305,0.621645,0.007818,-0.001813,0.002767,0.549276,0.835635,0.000009,0.006617,1.163002,0.150474,0.000106,0.000000,0.000000,0.000000,-0.299835
2025-10-26T22:39:20.490161,92.602,-0.783158,0.631002,0.007833,-0.001773,0.002789,0.540728,0.841191,0.000034,0.006610,1.142611,0.150489,0.000079,0.000000,0.000000,0.000000,-0.299874
2025-10-26T22:39:20.590549,92.702,-0.778821,0.640271,0.007843,-0.001749,0.002805,0.532123,0.846661,0.000024,0.006611,1.122219,0.150494,0.000079,0.000000,0.000000,0.000000,-0.299912
2025-10-26T22:39:20.689459,92.802,-0.774296,0.649450,0.007844,-0.001731,0.002819,0.523462,0.852043,0.000000,0.006616,1.101824,0.150489,0.000074,0.000000,0.000000,0.000000,-0.299941
2025-10-26T22:39:20.789150,92.901,-0.769585,0.658534,0.007818,-0.001696,0.002837,0.514746,0.857337,0.000012,0.006611,1.081428,0.150440,0.000123,0.000000,0.000000,0.000000,-0.299947
2025-10-26T22:39:20.890266,93.002,-0.762172,0.671975,0.007840,-0.001647,0.002871,0.501572,0.865110,0.000030,0.006620,1.050835,0.150472,0.000059,0.000000,0.000000,0.000000,-0.299926
2025-10-26T22:39:20.990187,93.102,-0.757004,0.680806,0.007832,-0.001616,0.002886,0.492724,0.870179,0.000031,0.006615,1.030441,0.150444,0.000094,0.000000,0.000000,0.000000,-0.299919
2025-10-26T22:39:21.089535,93.202,-0.751656,0.689530,0.007830,-0.001589,0.002903,0.483826,0.875158,0.000027,0.006619,1.010049,0.150455,0.000056,0.000000,0.000000,0.000000,-0.299861
2025-10-26T22:39:21.189346,93.302,-0.743304,0.702405,0.007825,-0.001548,0.002921,0.470388,0.882454,0.000017,0.006612,0.979467,0.150420,0.000095,0.000000,0.000000,0.000000,-0.299806
2025-10-26T22:39:21.289783,93.402,-0.737518,0.710844,0.007834,-0.001523,0.002936,0.461370,0.887202,0.000007,0.006615,0.959083,0.150447,0.000040,0.000000,0.000000,0.000000,-0.299717
2025-10-26T22:39:21.389457,93.502,-0.731561,0.719162,0.007843,-0.001493,0.002952,0.452306,0.891857,0.000008,0.006616,0.938705,0.150452,0.000025,0.000000,0.000000,0.000000,-0.299650
2025-10-26T22:39:21.489481,93.602,-0.725436,0.727357,0.007829,-0.001457,0.002966,0.443199,0.896417,0.000016,0.006609,0.918333,0.150415,0.000068,0.000000,0.000000,0.000000,-0.299563
2025-10-26T22:39:21.589817,93.702,-0.719129,0.735451,0.007825,-0.001426,0.002982,0.434134,0.900842,0.000020,0.006612,0.898159,0.150917,0.000051,0.000000,0.000000,0.000000,-0.293743
2025-10-26T22:39:21.689624,93.802,-0.712657,0.743417,0.007845,-0.001399,0.002999,0.425117,0.905133,0.000017,0.006618,0.878186,0.150941,0.000057,0.000000,0.000000,0.000000,-0.294072
2025-10-26T22:39:21.789573,93.902,-0.706028,0.751252,0.007824,-0.001371,0.003008,0.416029,0.909345,0.000010,0.006612,0.858153,0.150930,0.000078,0.000000,0.000000,0.000000,-0.295120
2025-10-26T22:39:21.890748,94.002,-0.699243,0.758954,0.007836,-0.001339,0.003028,0.406871,0.913479,0.000017,0.006622,0.838058,0.150939,0.000068,0.000000,0.000000,0.000000,-0.295881
2025-10-26T22:39:21.992059,94.104,-0.688778,0.770247,0.007838,-0.001291,0.003043,0.393023,0.919523,0.000018,0.006611,0.807838,0.150956,0.000075,0.000000,0.000000,0.000000,-0.296610
2025-10-26T22:39:22.090201,94.202,-0.681614,0.777598,0.007818,-0.001258,0.003054,0.383725,0.923441,0.000021,0.006605,0.787659,0.150926,0.000105,0.000000,0.000000,0.000000,-0.296876
2025-10-26T22:39:22.189893,94.302,-0.674304,0.784803,0.007841,-0.001229,0.003071,0.374382,0.927269,0.000020,0.006617,0.767466,0.150948,0.000091,0.000000,0.000000,0.000000,-0.297045
2025-10-26T22:39:22.289541,94.402,-0.663070,0.795331,0.007819,-0.001186,0.003087,0.360289,0.932835,0.000012,0.006614,0.737159,0.150928,0.000121,0.000000,0.000000,0.000000,-0.297209
2025-10-26T22:39:22.389703,94.502,-0.655405,0.802158,0.007845,-0.001161,0.003104,0.350843,0.936428,0.000004,0.006627,0.716947,0.150946,0.000104,0.000000,0.000000,0.000000,-0.297262
2025-10-26T22:39:22.490214,94.602,-0.647605,0.808829,0.007831,-0.001124,0.003112,0.341361,0.939927,0.000011,0.006617,0.696732,0.150938,0.000117,0.000000,0.000000,0.000000,-0.297319
2025-10-26T22:39:22.589181,94.701,-0.639672,0.815341,0.007830,-0.001091,0.003121,0.331842,0.943329,0.000013,0.006613,0.676515,0.150925,0.000117,0.000000,0.000000,0.000000,-0.297327
2025-10-26T22:39:22.689726,94.802,-0.631609,0.821694,0.007843,-0.001061,0.003131,0.322289,0.946636,0.000009,0.006613,0.656297,0.151396,0.000394,0.000000,0.000000,0.000000,-0.296996
2025-10-26T22:39:22.789111,94.901,-0.623436,0.827858,0.007844,-0.001028,0.003142,0.312709,0.949843,0.000013,0.006612,0.636092,0.150459,-0.000084,0.000000,0.000000,0.000000,-0.297472
2025-10-26T22:39:22.889604,95.002,-0.615142,0.833850,0.007840,-0.000992,0.003152,0.303083,0.952958,0.000020,0.006609,0.615855,0.150458,-0.000081,0.000000,0.000000,0.000000,-0.297691
2025-10-26T22:39:22.989430,95.102,-0.606729,0.839673,0.007836,-0.000962,0.003161,0.293422,0.955977,0.000015,0.006608,0.595611,0.150456,-0.000076,0.000000,0.000000,0.000000,-0.297737
2025-10-26T22:39:23.090089,95.202,-0.607811,0.838949,0.007794,-0.000997,0.003319,0.288509,0.957471,0.000006,0.006930,0.585343,-0.010959,-0.000284,0.000000,0.000000,0.000000,-0.037810
2025-10-26T22:39:23.189937,95.302,-0.607822,0.838939,0.007812,-0.000975,0.003239,0.289087,0.957297,0.000006,0.006765,0.586549,-0.000054,-0.000099,0.000000,0.000000,0.000000,0.020633
2025-10-26T22:39:23.289712,95.402,-0.607823,0.838939,0.007861,-0.000930,0.003117,0.289444,0.957189,0.000025,0.006506,0.587296,-0.000002,-0.000041,0.000000,0.000000,0.000000,0.005135
2025-10-26T22:39:23.389185,95.501,-0.607821,0.838940,0.007869,-0.000932,0.003094,0.289535,0.957162,0.000009,0.006463,0.587485,0.000041,-0.000046,0.000000,0.000000,0.000000,0.001349
2025-10-26T22:39:23.491462,95.603,-0.607816,0.838943,0.007835,-0.000958,0.003186,0.289565,0.957153,0.000012,0.006655,0.587549,0.000047,-0.000052,0.000000,0.000000,0.000000,0.000246
2025-10-26T22:39:23.590082,95.702,-0.607814,0.838945,0.007808,-0.000956,0.003204,0.289571,0.957151,0.000026,0.006687,0.587561,0.000003,-0.000056,0.000000,0.000000,0.000000,0.000129
2025-10-26T22:39:23.689464,95.801,-0.607812,0.838946,0.007825,-0.000948,0.003178,0.289575,0.957150,0.000026,0.006633,0.587569,0.000007,-0.000053,0.000000,0.000000,0.000000,0.000099
2025-10-26T22:39:23.789746,95.902,-0.607810,0.838947,0.007844,-0.000942,0.003150,0.289578,0.957149,0.000020,0.006576,0.587575,0.000020,-0.000049,0.000000,0.000000,0.000000,0.000091
2025-10-26T22:39:23.889073,96.001,-0.607808,0.838949,0.007851,-0.000947,0.003152,0.289581,0.957148,0.000013,0.006583,0.587582,0.000038,-0.000049,0.000000,0.000000,0.000000,0.000089
2025-10-26T22:39:23.989502,96.102,-0.607805,0.838951,0.007815,-0.000952,0.003170,0.289584,0.957147,0.000013,0.006620,0.587588,0.000008,-0.000056,0.000000,0.000000,0.000000,0.000088
2025-10-26T22:39:24.089743,96.202,-0.607803,0.838952,0.007826,-0.000946,0.003183,0.289587,0.957146,0.000034,0.006642,0.587595,0.000019,-0.000057,0.000000,0.000000,0.000000,0.000088
2025-10-26T22:39:24.190174,96.302,-0.607801,0.838953,0.007835,-0.000947,0.003170,0.289590,0.957145,0.000024,0.006616,0.587601,0.000018,-0.000047,0.000000,0.000000,0.000000,0.000089
2025-10-26T22:39:24.289575,96.402,-0.607799,0.838955,0.007844,-0.000949,0.003162,0.289593,0.957144,0.000015,0.006602,0.587607,0.000029,-0.000052,0.000000,0.000000,0.000000,0.000088
2025-10-26T22:39:24.390032,96.502,-0.607796,0.838956,0.007847,-0.000937,0.003165,0.289596,0.957143,0.000040,0.006602,0.587614,0.000036,-0.000056,0.000000,0.000000,0.000000,0.000088
2025-10-26T22:39:24.490758,96.603,-0.607794,0.838958,0.007838,-0.000942,0.003169,0.289599,0.957142,0.000033,0.006612,0.587620,0.000028,-0.000049,0.000000,0.000000,0.000000,0.000089
2025-10-26T22:39:24.590175,96.702,-0.607792,0.838960,0.007823,-0.000960,0.003170,0.289602,0.957141,-0.000002,0.006623,0.587626,0.000016,-0.000048,0.000000,0.000000,0.000000,0.000089
2025-10-26T22:39:24.689769,96.802,-0.607790,0.838961,0.007833,-0.000955,0.003173,0.289606,0.957140,0.000010,0.006628,0.587633,0.000024,-0.000057,0.000000,0.000000,0.000000,0.000087
2025-10-26T22:39:24.789691,96.902,-0.607786,0.838963,0.007820,-0.000940,0.003168,0.289610,0.957139,0.000036,0.006608,0.587642,0.000007,-0.000054,0.000000,0.000000,0.000000,0.000089
2025-10-26T22:39:24.889630,97.002,-0.607784,0.838965,0.007824,-0.000950,0.003158,0.289613,0.957138,0.000010,0.006595,0.587649,0.000014,-0.000045,0.000000,0.000000,0.000000,0.000089
2025-10-26T22:39:24.989039,97.101,-0.607782,0.838966,0.007848,-0.000958,0.003164,0.289616,0.957137,-0.000000,0.006612,0.587655,0.000037,-0.000056,0.000000,0.000000,0.000000,0.000087
2025-10-26T22:39:25.089902,97.202,-0.607779,0.838968,0.007820,-0.000946,0.003173,0.289619,0.957136,0.000027,0.006621,0.587661,0.000008,-0.000058,0.000000,0.000000,0.000000,0.000088
2025-10-26T22:39:25.189087,97.301,-0.607777,0.838969,0.007817,-0.000942,0.003171,0.289622,0.957135,0.000033,0.006616,0.587668,0.000002,-0.000053,0.000000,0.000000,0.000000,0.000089
2025-10-26T22:39:25.289783,97.402,-0.607774,0.838972,0.007846,-0.000953,0.003165,0.289627,0.957134,0.000010,0.006611,0.587677,0.000031,-0.000047,0.000000,0.000000,0.000000,0.000088
2025-10-26T22:39:25.390138,97.502,-0.607772,0.838973,0.007828,-0.000952,0.003164,0.289630,0.957133,0.000011,0.006608,0.587684,0.000013,-0.000058,0.000000,0.000000,0.000000,0.000087
