timestamp,elapsed_time_sec,x,y,z,qx,qy,qz,qw,roll,pitch,yaw,linear_vel_x,linear_vel_y,linear_vel_z,angular_vel_x,angular_vel_y,angular_vel_z
2025-10-26T01:39:35.530096,0.501,-1.999404,-0.500000,0.007844,0.000019,0.003307,0.000175,0.999995,0.000039,0.006614,0.000349,0.000029,-0.000012,0.000000,0.000000,0.000000,0.000019
2025-10-26T01:39:35.630260,0.602,-1.999401,-0.500000,0.007834,0.000017,0.003308,0.000175,0.999995,0.000035,0.006616,0.000351,0.000029,-0.000005,0.000000,0.000000,0.000000,0.000019
2025-10-26T01:39:35.730600,0.702,-1.999399,-0.500000,0.007818,0.000001,0.003306,0.000176,0.999995,0.000003,0.006613,0.000352,0.000005,-0.000006,0.000000,0.000000,0.000000,0.000019
2025-10-26T01:39:35.830252,0.801,-1.999395,-0.500000,0.007844,0.000011,0.003310,0.000177,0.999995,0.000023,0.006621,0.000355,0.000030,-0.000013,0.000000,0.000000,0.000000,0.000018
2025-10-26T01:39:35.930430,0.902,-1.999393,-0.500000,0.007828,0.000020,0.003306,0.000178,0.999995,0.000040,0.006613,0.000356,0.000020,-0.000009,0.000000,0.000000,0.000000,0.000019
2025-10-26T01:39:36.030758,1.002,-1.999391,-0.500000,0.007817,0.000011,0.003302,0.000179,0.999995,0.000024,0.006604,0.000358,0.000004,-0.000005,0.000000,0.000000,0.000000,0.000019
2025-10-26T01:39:36.130389,1.102,-1.999387,-0.500000,0.007825,0.000007,0.003304,0.000180,0.999995,0.000016,0.006607,0.000360,0.000014,-0.000009,0.000000,0.000000,0.000000,0.000019
2025-10-26T01:39:36.231061,1.202,-1.999384,-0.500000,0.007839,0.000009,0.003308,0.000181,0.999995,0.000019,0.006616,0.000362,0.000026,-0.000009,0.000000,0.000000,0.000000,0.000019
2025-10-26T01:39:36.329926,1.301,-1.999381,-0.500000,0.007818,0.000017,0.003307,0.000182,0.999995,0.000035,0.006613,0.000364,0.000009,-0.000010,0.000000,0.000000,0.000000,0.000019
2025-10-26T01:39:36.430864,1.402,-1.999378,-0.500000,0.007828,0.000013,0.003308,0.000183,0.999995,0.000027,0.006616,0.000366,0.000016,-0.000008,0.000000,0.000000,0.000000,0.000019
2025-10-26T01:39:36.531576,1.503,-1.999375,-0.500000,0.007833,0.000010,0.003306,0.000184,0.999995,0.000020,0.006612,0.000368,0.000026,-0.000010,0.000000,0.000000,0.000000,0.000018
2025-10-26T01:39:36.630276,1.602,-1.999372,-0.500000,0.007824,0.000015,0.003307,0.000185,0.999995,0.000031,0.006614,0.000370,0.000013,-0.000011,0.000000,0.000000,0.000000,0.000019
2025-10-26T01:39:36.730583,1.702,-1.999370,-0.500000,0.007840,0.000017,0.003309,0.000186,0.999995,0.000034,0.006617,0.000371,0.000026,-0.000007,0.000000,0.000000,0.000000,0.000019
2025-10-26T01:39:36.830354,1.802,-1.999366,-0.500000,0.007819,0.000013,0.003303,0.000187,0.999995,0.000027,0.006605,0.000374,0.000008,-0.000009,0.000000,0.000000,0.000000,0.000019
2025-10-26T01:39:36.931156,1.902,-1.999364,-0.500000,0.007839,0.000016,0.003308,0.000188,0.999995,0.000032,0.006615,0.000375,0.000024,-0.000010,0.000000,0.000000,0.000000,0.000019
2025-10-26T01:39:37.030629,2.002,-1.999361,-0.500000,0.007835,0.000019,0.003306,0.000188,0.999995,0.000038,0.006611,0.000377,0.000028,-0.000010,0.000000,0.000000,0.000000,0.000018
2025-10-26T01:39:37.130614,2.102,-1.999358,-0.500000,0.007831,0.000020,0.003306,0.000190,0.999995,0.000041,0.006611,0.000379,0.000018,-0.000007,0.000000,0.000000,0.000000,0.000019
2025-10-26T01:39:37.230396,2.202,-1.999355,-0.500000,0.007844,0.000006,0.003308,0.000190,0.999995,0.000013,0.006616,0.000381,0.000036,-0.000005,0.000000,0.000000,0.000000,0.000018
2025-10-26T01:39:37.330263,2.302,-1.999352,-0.500000,0.007820,0.000006,0.003307,0.000192,0.999995,0.000013,0.006614,0.000383,0.000009,-0.000009,0.000000,0.000000,0.000000,0.000019
2025-10-26T01:39:37.430070,2.401,-1.999349,-0.500000,0.007845,0.000010,0.003312,0.000192,0.999994,0.000021,0.006625,0.000385,0.000032,-0.000010,0.000000,0.000000,0.000000,0.000018
2025-10-26T01:39:37.530620,2.502,-1.999346,-0.500000,0.007816,0.000005,0.003307,0.000194,0.999995,0.000012,0.006614,0.000387,0.000004,-0.000007,0.000000,0.000000,0.000000,0.000019
2025-10-26T01:39:37.630490,2.602,-1.999343,-0.500000,0.007835,0.000004,0.003309,0.000194,0.999995,0.000010,0.006619,0.000389,0.000022,-0.000011,0.000000,0.000000,0.000000,0.000019
2025-10-26T01:39:37.730192,2.701,-1.999340,-0.500000,0.007818,0.000012,0.003308,0.000196,0.999995,0.000025,0.006616,0.000391,0.000008,-0.000010,0.000000,0.000000,0.000000,0.000019
2025-10-26T01:39:37.830463,2.802,-1.999338,-0.500000,0.007816,0.000010,0.003306,0.000196,0.999995,0.000022,0.006613,0.000392,0.000004,-0.000007,0.000000,0.000000,0.000000,0.000019
2025-10-26T01:39:37.930311,2.902,-1.999335,-0.500000,0.007845,0.000008,0.003309,0.000197,0.999995,0.000018,0.006618,0.000394,0.000032,-0.000010,0.000000,0.000000,0.000000,0.000018
2025-10-26T01:39:38.031419,3.002,-1.999331,-0.500000,0.007823,0.000014,0.003308,0.000198,0.999995,0.000029,0.006616,0.000397,0.000013,-0.000011,0.000000,0.000000,0.000000,0.000019
2025-10-26T01:39:38.130981,3.102,-1.999329,-0.500000,0.007840,0.000014,0.003309,0.000199,0.999995,0.000030,0.006617,0.000398,0.000026,-0.000007,0.000000,0.000000,0.000000,0.000019
2025-10-26T01:39:38.230866,3.202,-1.999326,-0.500000,0.007841,0.000011,0.003305,0.000200,0.999995,0.000022,0.006609,0.000400,0.000034,-0.000009,0.000000,0.000000,0.000000,0.000018
2025-10-26T01:39:38.330301,3.302,-1.999323,-0.500000,0.007830,0.000014,0.003309,0.000201,0.999995,0.000029,0.006618,0.000402,0.000019,-0.000009,0.000000,0.000000,0.000000,0.000019
2025-10-26T01:39:38.430527,3.402,-1.999320,-0.500000,0.007839,0.000012,0.003310,0.000202,0.999994,0.000026,0.006621,0.000404,0.000033,-0.000007,0.000000,0.000000,0.000000,0.000019
2025-10-26T01:39:38.530812,3.502,-1.999317,-0.500000,0.007817,0.000001,0.003307,0.000203,0.999995,0.000004,0.006613,0.000406,0.000005,-0.000008,0.000000,0.000000,0.000000,0.000019
2025-10-26T01:39:38.630513,3.602,-1.999314,-0.500000,0.007844,0.000009,0.003311,0.000204,0.999994,0.000019,0.006622,0.000408,0.000029,-0.000013,0.000000,0.000000,0.000000,0.000018
2025-10-26T01:39:38.730614,3.702,-1.999311,-0.500000,0.007818,0.000012,0.003304,0.000205,0.999995,0.000026,0.006608,0.000410,0.000008,-0.000009,0.000000,0.000000,0.000000,0.000019
2025-10-26T01:39:38.830821,3.802,-1.999308,-0.500000,0.007839,0.000014,0.003306,0.000206,0.999995,0.000029,0.006613,0.000412,0.000023,-0.000010,0.000000,0.000000,0.000000,0.000019
2025-10-26T01:39:38.929946,3.901,-1.999305,-0.500000,0.007835,0.000011,0.003309,0.000207,0.999995,0.000024,0.006617,0.000414,0.000029,-0.000007,0.000000,0.000000,0.000000,0.000018
2025-10-26T01:39:39.030015,4.001,-1.999302,-0.500000,0.007821,0.000006,0.003311,0.000208,0.999994,0.000013,0.006621,0.000416,0.000012,-0.000007,0.000000,0.000000,0.000000,0.000019
2025-10-26T01:39:39.130845,4.102,-1.999298,-0.500000,0.007840,0.000004,0.003306,0.000209,0.999995,0.000010,0.006612,0.000418,0.000026,-0.000011,0.000000,0.000000,0.000000,0.000018
2025-10-26T01:39:39.230640,4.202,-1.999295,-0.500000,0.007844,0.000013,0.003304,0.000210,0.999995,0.000028,0.006608,0.000421,0.000036,-0.000010,0.000000,0.000000,0.000000,0.000018
2025-10-26T01:39:39.331205,4.302,-1.999292,-0.500000,0.007819,0.000018,0.003304,0.000211,0.999995,0.000037,0.006608,0.000422,0.000009,-0.000010,0.000000,0.000000,0.000000,0.000019
2025-10-26T01:39:39.430544,4.402,-1.999289,-0.500000,0.007838,0.000021,0.003307,0.000212,0.999995,0.000042,0.006613,0.000425,0.000032,-0.000006,0.000000,0.000000,0.000000,0.000019
2025-10-26T01:39:39.530638,4.502,-1.999286,-0.500000,0.007824,0.000008,0.003303,0.000213,0.999995,0.000017,0.006605,0.000426,0.000013,-0.000006,0.000000,0.000000,0.000000,0.000018
2025-10-26T01:39:39.629919,4.601,-1.999283,-0.500000,0.007841,0.000007,0.003310,0.000214,0.999994,0.000015,0.006620,0.000429,0.000028,-0.000010,0.000000,0.000000,0.000000,0.000019
2025-10-26T01:39:39.730456,4.702,-1.999279,-0.500000,0.007824,0.000010,0.003307,0.000215,0.999995,0.000022,0.006614,0.000431,0.000013,-0.000010,0.000000,0.000000,0.000000,0.000018
2025-10-26T01:39:39.830179,4.801,-1.999277,-0.500000,0.007824,0.000013,0.003304,0.000216,0.999995,0.000027,0.006607,0.000433,0.000012,-0.000011,0.000000,0.000000,0.000000,0.000019
2025-10-26T01:39:39.930621,4.902,-1.999273,-0.500000,0.007845,0.000009,0.003309,0.000217,0.999995,0.000019,0.006617,0.000435,0.000034,-0.000008,0.000000,0.000000,0.000000,0.000019
2025-10-26T01:39:40.030761,5.002,-1.999271,-0.500000,0.007816,0.000006,0.003307,0.000218,0.999995,0.000013,0.006614,0.000436,0.000005,-0.000008,0.000000,0.000000,0.000000,0.000019
2025-10-26T01:39:40.130541,5.102,-1.999267,-0.500000,0.007845,0.000006,0.003313,0.000219,0.999994,0.000014,0.006626,0.000439,0.000035,-0.000009,0.000000,0.000000,0.000000,0.000018
2025-10-26T01:39:40.230502,5.202,-1.999265,-0.500000,0.007833,0.000006,0.003306,0.000220,0.999995,0.000014,0.006612,0.000440,0.000024,-0.000009,0.000000,0.000000,0.000000,0.000018
2025-10-26T01:39:40.330472,5.302,-1.999261,-0.500000,0.007823,0.000017,0.003303,0.000221,0.999995,0.000035,0.006607,0.000443,0.000011,-0.000009,0.000000,0.000000,0.000000,0.000019
2025-10-26T01:39:40.430753,5.402,-1.999258,-0.500000,0.007843,0.000014,0.003309,0.000222,0.999994,0.000029,0.006619,0.000444,0.000030,-0.000009,0.000000,0.000000,0.000000,0.000019
2025-10-26T01:39:40.530574,5.502,-1.999256,-0.500000,0.007823,0.000012,0.003308,0.000223,0.999995,0.000026,0.006617,0.000446,0.000014,-0.000009,0.000000,0.000000,0.000000,0.000018
2025-10-26T01:39:40.630918,5.602,-1.999252,-0.500000,0.007839,0.000000,0.003311,0.000224,0.999994,0.000002,0.006622,0.000448,0.000024,-0.000007,0.000000,0.000000,0.000000,0.000019
2025-10-26T01:39:40.730265,5.702,-1.999250,-0.500000,0.007837,0.000006,0.003310,0.000225,0.999994,0.000014,0.006620,0.000450,0.000032,-0.000013,0.000000,0.000000,0.000000,0.000018
2025-10-26T01:39:40.830353,5.802,-1.999247,-0.500000,0.007819,0.000016,0.003301,0.000226,0.999995,0.000033,0.006602,0.000452,0.000006,-0.000010,0.000000,0.000000,0.000000,0.000019
2025-10-26T01:39:40.930652,5.902,-1.999244,-0.500000,0.007821,0.000011,0.003303,0.000227,0.999995,0.000024,0.006606,0.000454,0.000009,-0.000007,0.000000,0.000000,0.000000,0.000019
2025-10-26T01:39:41.030329,6.002,-1.999240,-0.500000,0.007840,0.000009,0.003310,0.000228,0.999994,0.000019,0.006619,0.000456,0.000035,-0.000009,0.000000,0.000000,0.000000,0.000018
2025-10-26T01:39:41.130630,6.102,-1.999238,-0.500000,0.007817,0.000008,0.003307,0.000229,0.999995,0.000018,0.006614,0.000458,0.000005,-0.000009,0.000000,0.000000,0.000000,0.000019
2025-10-26T01:39:41.229864,6.201,-1.999234,-0.500000,0.007840,0.000013,0.003305,0.000230,0.999995,0.000028,0.006610,0.000460,0.000024,-0.000012,0.000000,0.000000,0.000000,0.000019
2025-10-26T01:39:41.329954,6.301,-1.999232,-0.500000,0.007840,0.000016,0.003306,0.000231,0.999995,0.000033,0.006612,0.000462,0.000034,-0.000006,0.000000,0.000000,0.000000,0.000019
2025-10-26T01:39:41.432233,6.403,-1.999228,-0.500000,0.007835,0.000006,0.003310,0.000232,0.999994,0.000014,0.006620,0.000464,0.000022,-0.000008,0.000000,0.000000,0.000000,0.000019
2025-10-26T01:39:41.530545,6.502,-1.999226,-0.500000,0.007840,0.000004,0.003310,0.000233,0.999994,0.000010,0.006621,0.000466,0.000034,-0.000008,0.000000,0.000000,0.000000,0.000018
2025-10-26T01:39:41.630826,6.602,-1.999222,-0.500000,0.007842,0.000008,0.003314,0.000234,0.999994,0.000018,0.006628,0.000468,0.000029,-0.000011,0.000000,0.000000,0.000000,0.000018
2025-10-26T01:39:41.730986,6.702,-1.999220,-0.500000,0.007840,0.000011,0.003308,0.000235,0.999995,0.000023,0.006616,0.000470,0.000032,-0.000008,0.000000,0.000000,0.000000,0.000019
2025-10-26T01:39:41.830876,6.802,-1.999216,-0.500000,0.007820,0.000014,0.003301,0.000236,0.999995,0.000029,0.006601,0.000472,0.000005,-0.000009,0.000000,0.000000,0.000000,0.000019
2025-10-26T01:39:41.930120,6.901,-1.999214,-0.500000,0.007834,0.000009,0.003306,0.000237,0.999995,0.000020,0.006612,0.000474,0.000021,-0.000008,0.000000,0.000000,0.000000,0.000019
2025-10-26T01:39:42.030422,7.002,-1.999211,-0.500000,0.007845,0.000005,0.003311,0.000238,0.999994,0.000011,0.006622,0.000475,0.000033,-0.000008,0.000000,0.000000,0.000000,0.000018
2025-10-26T01:39:42.130192,7.101,-1.999208,-0.500000,0.007820,0.000009,0.003310,0.000239,0.999994,0.000019,0.006620,0.000478,0.000008,-0.000010,0.000000,0.000000,0.000000,0.000019
2025-10-26T01:39:42.230798,7.202,-1.999205,-0.500000,0.007828,0.000011,0.003304,0.000240,0.999995,0.000023,0.006607,0.000479,0.000014,-0.000008,0.000000,0.000000,0.000000,0.000019
2025-10-26T01:39:42.330572,7.302,-1.999202,-0.500000,0.007845,0.000010,0.003305,0.000241,0.999995,0.000022,0.006610,0.000482,0.000036,-0.000010,0.000000,0.000000,0.000000,0.000018
2025-10-26T01:39:42.431152,7.402,-1.999199,-0.500000,0.007819,0.000015,0.003308,0.000242,0.999995,0.000032,0.006615,0.000483,0.000009,-0.000010,0.000000,0.000000,0.000000,0.000019
2025-10-26T01:39:42.530257,7.502,-1.999195,-0.500000,0.007845,0.000008,0.003311,0.000243,0.999994,0.000019,0.006622,0.000486,0.000034,-0.000008,0.000000,0.000000,0.000000,0.000019
2025-10-26T01:39:42.630630,7.602,-1.999193,-0.500000,0.007816,0.000007,0.003308,0.000244,0.999994,0.000015,0.006616,0.000487,0.000005,-0.000008,0.000000,0.000000,0.000000,0.000019
2025-10-26T01:39:42.730325,7.702,-1.999189,-0.500000,0.007845,0.000008,0.003312,0.000245,0.999994,0.000017,0.006624,0.000490,0.000035,-0.000009,0.000000,0.000000,0.000000,0.000018
2025-10-26T01:39:42.830356,7.802,-1.999186,-0.500000,0.007820,0.000011,0.003306,0.000246,0.999995,0.000023,0.006612,0.000492,0.000007,-0.000009,0.000000,0.000000,0.000000,0.000019
2025-10-26T01:39:42.930747,7.902,-1.999183,-0.500000,0.007846,0.000014,0.003307,0.000247,0.999995,0.000030,0.006614,0.000494,0.000031,-0.000010,0.000000,0.000000,0.000000,0.000019
2025-10-26T01:39:43.031068,8.002,-1.999180,-0.500000,0.007819,0.000011,0.003306,0.000248,0.999995,0.000024,0.006612,0.000496,0.000009,-0.000007,0.000000,0.000000,0.000000,0.000019
2025-10-26T01:39:43.130459,8.102,-1.999177,-0.500000,0.007839,0.000008,0.003312,0.000249,0.999994,0.000018,0.006624,0.000498,0.000025,-0.000009,0.000000,0.000000,0.000000,0.000019
2025-10-26T01:39:43.230387,8.202,-1.999174,-0.500000,0.007837,0.000006,0.003307,0.000250,0.999995,0.000013,0.006613,0.000500,0.000030,-0.000009,0.000000,0.000000,0.000000,0.000018
2025-10-26T01:39:43.330079,8.301,-1.999171,-0.500000,0.007834,0.000008,0.003300,0.000251,0.999995,0.000017,0.006601,0.000502,0.000023,-0.000008,0.000000,0.000000,0.000000,0.000018
2025-10-26T01:39:43.430523,8.402,-1.999168,-0.500000,0.007837,0.000009,0.003308,0.000252,0.999994,0.000020,0.006616,0.000504,0.000023,-0.000011,0.000000,0.000000,0.000000,0.000019
2025-10-26T01:39:43.530054,8.501,-1.999165,-0.500000,0.007843,0.000012,0.003312,0.000253,0.999994,0.000025,0.006625,0.000506,0.000034,-0.000007,0.000000,0.000000,0.000000,0.000018
2025-10-26T01:39:43.630783,8.602,-1.999163,-0.500000,0.007837,0.000005,0.003307,0.000254,0.999995,0.000012,0.006614,0.000507,0.000030,-0.000008,0.000000,0.000000,0.000000,0.000018
2025-10-26T01:39:43.730558,8.702,-1.999159,-0.500000,0.007820,0.000013,0.003304,0.000255,0.999995,0.000027,0.006607,0.000510,0.000009,-0.000011,0.000000,0.000000,0.000000,0.000019
2025-10-26T01:39:43.830269,8.802,-1.999157,-0.500000,0.007845,0.000020,0.003308,0.000256,0.999994,0.000043,0.006616,0.000511,0.000032,-0.000012,0.000000,0.000000,0.000000,0.000019
2025-10-26T01:39:43.931462,8.902,-1.999153,-0.500000,0.007816,0.000013,0.003303,0.000257,0.999995,0.000027,0.006606,0.000514,0.000004,-0.000005,0.000000,0.000000,0.000000,0.000019
2025-10-26T01:39:44.030754,9.002,-1.999151,-0.500000,0.007836,0.000007,0.003307,0.000258,0.999994,0.000016,0.006613,0.000515,0.000022,-0.000008,0.000000,0.000000,0.000000,0.000019
2025-10-26T01:39:44.130667,9.102,-1.999147,-0.500000,0.007828,0.000012,0.003308,0.000259,0.999994,0.000026,0.006617,0.000518,0.000020,-0.000010,0.000000,0.000000,0.000000,0.000018
2025-10-26T01:39:44.230963,9.202,-1.999145,-0.500000,0.007819,0.000009,0.003309,0.000260,0.999994,0.000021,0.006618,0.000519,0.000008,-0.000006,0.000000,0.000000,0.000000,0.000020
2025-10-26T01:39:44.330644,9.302,-1.999141,-0.500000,0.007840,0.000004,0.003310,0.000261,0.999994,0.000010,0.006620,0.000521,0.000034,-0.000008,0.000000,0.000000,0.000000,0.000018
2025-10-26T01:39:44.430096,9.401,-1.999139,-0.500000,0.007823,0.000004,0.003310,0.000261,0.999994,0.000010,0.006620,0.000523,0.000013,-0.000010,0.000000,0.000000,0.000000,0.000019
2025-10-26T01:39:44.530523,9.502,-1.999136,-0.500000,0.007845,0.000006,0.003311,0.000262,0.999994,0.000013,0.006623,0.000525,0.000033,-0.000009,0.000000,0.000000,0.000000,0.000018
2025-10-26T01:39:44.630684,9.602,-1.999134,-0.500000,0.007816,0.000009,0.003307,0.000263,0.999994,0.000019,0.006615,0.000526,0.000004,-0.000009,0.000000,0.000000,0.000000,0.000019
2025-10-26T01:39:44.730863,9.702,-1.999131,-0.500000,0.007841,0.000012,0.003311,0.000264,0.999994,0.000025,0.006622,0.000528,0.000026,-0.000010,0.000000,0.000000,0.000000,0.000019
2025-10-26T01:39:44.830932,9.802,-1.999128,-0.500000,0.007816,0.000017,0.003306,0.000265,0.999994,0.000037,0.006613,0.000530,0.000004,-0.000010,0.000000,0.000000,0.000000,0.000019
2025-10-26T01:39:44.930832,9.902,-1.999125,-0.500000,0.007835,0.000012,0.003305,0.000266,0.999995,0.000026,0.006610,0.000532,0.000020,-0.000008,0.000000,0.000000,0.000000,0.000019
2025-10-26T01:39:45.031062,10.002,-1.999122,-0.500000,0.007847,0.000004,0.003307,0.000267,0.999994,0.000009,0.006614,0.000534,0.000036,-0.000007,0.000000,0.000000,0.000000,0.000018
2025-10-26T01:39:45.131176,10.102,-1.999118,-0.500000,0.007818,0.000011,0.003306,0.000268,0.999994,0.000023,0.006612,0.000537,0.000006,-0.000013,0.000000,0.000000,0.000000,0.000018
2025-10-26T01:39:45.231097,10.202,-1.999116,-0.500000,0.007819,0.000018,0.003303,0.000269,0.999995,0.000039,0.006606,0.000538,0.000007,-0.000008,0.000000,0.000000,0.000000,0.000020
2025-10-26T01:39:45.330437,10.302,-1.999113,-0.500000,0.007840,0.000013,0.003306,0.000270,0.999994,0.000027,0.006612,0.000540,0.000027,-0.000005,0.000000,0.000000,0.000000,0.000019
2025-10-26T01:39:45.431161,10.402,-1.999110,-0.500000,0.007823,0.000003,0.003307,0.000271,0.999994,0.000008,0.006614,0.000542,0.000012,-0.000010,0.000000,0.000000,0.000000,0.000018
2025-10-26T01:39:45.530688,10.502,-1.999107,-0.500000,0.007834,0.000012,0.003310,0.000272,0.999994,0.000026,0.006619,0.000544,0.000020,-0.000012,0.000000,0.000000,0.000000,0.000019
2025-10-26T01:39:45.630284,10.601,-1.999104,-0.500000,0.007828,0.000017,0.003306,0.000273,0.999994,0.000037,0.006611,0.000546,0.000018,-0.000010,0.000000,0.000000,0.000000,0.000018
2025-10-26T01:39:45.730169,10.702,-1.999101,-0.500000,0.007832,0.000020,0.003307,0.000274,0.999994,0.000041,0.006614,0.000548,0.000018,-0.000011,0.000000,0.000000,0.000000,0.000019
2025-10-26T01:39:45.831258,10.802,-1.999097,-0.500000,0.007835,0.000011,0.003308,0.000275,0.999994,0.000024,0.006615,0.000550,0.000029,-0.000006,0.000000,0.000000,0.000000,0.000018
2025-10-26T01:39:45.930432,10.902,-1.999095,-0.500000,0.007828,0.000003,0.003310,0.000276,0.999994,0.000009,0.006620,0.000552,0.000016,-0.000008,0.000000,0.000000,0.000000,0.000019
2025-10-26T01:39:46.030359,11.002,-1.999093,-0.500000,0.007845,0.000000,0.003311,0.000277,0.999994,0.000003,0.006623,0.000553,0.000037,-0.000010,0.000000,0.000000,0.000000,0.000018
2025-10-26T01:39:46.130633,11.102,-1.999089,-0.500000,0.007820,0.000012,0.003304,0.000278,0.999995,0.000026,0.006607,0.000556,0.000005,-0.000009,0.000000,0.000000,0.000000,0.000019
2025-10-26T01:39:46.230762,11.202,-1.999087,-0.500000,0.007832,0.000014,0.003302,0.000279,0.999995,0.000030,0.006605,0.000557,0.000018,-0.000011,0.000000,0.000000,0.000000,0.000019
2025-10-26T01:39:46.330179,11.302,-1.999084,-0.500000,0.007840,0.000011,0.003307,0.000279,0.999994,0.000024,0.006613,0.000559,0.000025,-0.000009,0.000000,0.000000,0.000000,0.000019
2025-10-26T01:39:46.430378,11.402,-1.999081,-0.500000,0.007820,0.000010,0.003309,0.000281,0.999994,0.000022,0.006617,0.000561,0.000011,-0.000009,0.000000,0.000000,0.000000,0.000018
2025-10-26T01:39:46.530261,11.502,-1.999078,-0.500000,0.007820,0.000010,0.003304,0.000281,0.999995,0.000022,0.006607,0.000563,0.000005,-0.000007,0.000000,0.000000,0.000000,0.000019
2025-10-26T01:39:46.630901,11.602,-1.999075,-0.500000,0.007839,0.000012,0.003306,0.000283,0.999994,0.000026,0.006612,0.000565,0.000024,-0.000011,0.000000,0.000000,0.000000,0.000019
2025-10-26T01:39:46.730739,11.702,-1.999072,-0.500000,0.007842,0.000015,0.003310,0.000283,0.999994,0.000031,0.006620,0.000567,0.000036,-0.000009,0.000000,0.000000,0.000000,0.000018
2025-10-26T01:39:46.830916,11.802,-1.999068,-0.500000,0.007824,0.000007,0.003310,0.000285,0.999994,0.000016,0.006619,0.000569,0.000013,-0.000007,0.000000,0.000000,0.000000,0.000019
2025-10-26T01:39:46.930430,11.902,-1.999066,-0.500000,0.007845,0.000002,0.003311,0.000285,0.999994,0.000006,0.006623,0.000571,0.000033,-0.000008,0.000000,0.000000,0.000000,0.000018
2025-10-26T01:39:47.031047,12.002,-1.999062,-0.500000,0.007821,0.000004,0.003308,0.000286,0.999994,0.000010,0.006615,0.000573,0.000011,-0.000011,0.000000,0.000000,0.000000,0.000019
2025-10-26T01:39:47.130491,12.102,-1.999060,-0.500000,0.007841,0.000012,0.003307,0.000287,0.999994,0.000026,0.006615,0.000575,0.000028,-0.000010,0.000000,0.000000,0.000000,0.000019
2025-10-26T01:39:47.229898,12.201,-1.999056,-0.500000,0.007824,0.000011,0.003303,0.000288,0.999995,0.000024,0.006607,0.000577,0.000014,-0.000010,0.000000,0.000000,0.000000,0.000018
2025-10-26T01:39:47.330572,12.302,-1.999054,-0.500000,0.007835,0.000015,0.003308,0.000289,0.999994,0.000031,0.006617,0.000579,0.000022,-0.000011,0.000000,0.000000,0.000000,0.000019
2025-10-26T01:39:47.432596,12.404,-1.999050,-0.500000,0.007835,0.000015,0.003306,0.000290,0.999994,0.000032,0.006612,0.000581,0.000028,-0.000007,0.000000,0.000000,0.000000,0.000019
2025-10-26T01:39:47.530507,12.502,-1.999048,-0.500000,0.007820,0.000011,0.003304,0.000291,0.999995,0.000025,0.006608,0.000583,0.000008,-0.000009,0.000000,0.000000,0.000000,0.000019
2025-10-26T01:39:47.630483,12.602,-1.999045,-0.500000,0.007845,0.000013,0.003307,0.000292,0.999994,0.000029,0.006615,0.000584,0.000032,-0.000010,0.000000,0.000000,0.000000,0.000018
2025-10-26T01:39:47.731102,12.702,-1.999043,-0.500000,0.007818,0.000016,0.003304,0.000293,0.999994,0.000034,0.006608,0.000586,0.000008,-0.000010,0.000000,0.000000,0.000000,0.000019
2025-10-26T01:39:47.830256,12.801,-1.999039,-0.500000,0.007845,0.000020,0.003308,0.000294,0.999994,0.000043,0.006617,0.000588,0.000034,-0.000010,0.000000,0.000000,0.000000,0.000018
2025-10-26T01:39:47.930546,12.902,-1.999037,-0.500000,0.007841,0.000014,0.003304,0.000295,0.999994,0.000029,0.006609,0.000590,0.000034,-0.000005,0.000000,0.000000,0.000000,0.000019
2025-10-26T01:39:48.030972,13.002,-1.999035,-0.500000,0.007817,0.000007,0.003304,0.000296,0.999994,0.000015,0.006607,0.000591,0.000005,-0.000008,0.000000,0.000000,0.000000,0.000019
2025-10-26T01:39:48.130620,13.102,-1.999032,-0.500000,0.007839,0.000009,0.003311,0.000296,0.999994,0.000020,0.006622,0.000593,0.000025,-0.000010,0.000000,0.000000,0.000000,0.000019
2025-10-26T01:39:48.230500,13.202,-1.999028,-0.500000,0.007841,0.000013,0.003307,0.000298,0.999994,0.000028,0.006614,0.000595,0.000031,-0.000009,0.000000,0.000000,0.000000,0.000019
2025-10-26T01:39:48.330354,13.302,-1.999026,-0.500000,0.007829,0.000011,0.003301,0.000298,0.999995,0.000025,0.006602,0.000597,0.000018,-0.000009,0.000000,0.000000,0.000000,0.000018
2025-10-26T01:39:48.430412,13.402,-1.999024,-0.500000,0.007818,0.000009,0.003303,0.000299,0.999995,0.000020,0.006606,0.000599,0.000006,-0.000007,0.000000,0.000000,0.000000,0.000019
2025-10-26T01:39:48.530961,13.502,-1.999020,-0.500000,0.007840,0.000006,0.003314,0.000300,0.999994,0.000014,0.006627,0.000601,0.000031,-0.000007,0.000000,0.000000,0.000000,0.000019
2025-10-26T01:39:48.630668,13.602,-1.999018,-0.500000,0.007841,0.000005,0.003309,0.000301,0.999994,0.000013,0.006619,0.000602,0.000032,-0.000007,0.000000,0.000000,0.000000,0.000019
2025-10-26T01:39:48.731024,13.702,-1.999014,-0.500000,0.007826,0.000008,0.003300,0.000302,0.999995,0.000018,0.006600,0.000605,0.000016,-0.000010,0.000000,0.000000,0.000000,0.000018
2025-10-26T01:39:48.830456,13.802,-1.999012,-0.500000,0.007824,0.000009,0.003305,0.000303,0.999994,0.000019,0.006611,0.000606,0.000015,-0.000011,0.000000,0.000000,0.000000,0.000019
2025-10-26T01:39:48.930336,13.902,-1.999008,-0.500000,0.007845,0.000006,0.003312,0.000304,0.999994,0.000014,0.006625,0.000609,0.000036,-0.000008,0.000000,0.000000,0.000000,0.000018
2025-10-26T01:39:49.030750,14.002,-1.999005,-0.500000,0.007817,0.000006,0.003310,0.000305,0.999994,0.000014,0.006619,0.000610,0.000004,-0.000010,0.000000,0.000000,0.000000,0.000019
2025-10-26T01:39:49.130504,14.102,-1.999002,-0.500000,0.007845,0.000015,0.003307,0.000306,0.999994,0.000032,0.006614,0.000613,0.000034,-0.000011,0.000000,0.000000,0.000000,0.000018
2025-10-26T01:39:49.230281,14.202,-1.998999,-0.500000,0.007819,0.000017,0.003303,0.000307,0.999994,0.000035,0.006607,0.000614,0.000006,-0.000007,0.000000,0.000000,0.000000,0.000019
2025-10-26T01:39:49.330351,14.301,-1.998996,-0.500000,0.007845,0.000009,0.003312,0.000308,0.999994,0.000019,0.006624,0.000617,0.000034,-0.000008,0.000000,0.000000,0.000000,0.000018
2025-10-26T01:39:49.430334,14.402,-1.998993,-0.500000,0.007839,0.000011,0.003307,0.000309,0.999994,0.000023,0.006615,0.000618,0.000031,-0.000008,0.000000,0.000000,0.000000,0.000018
2025-10-26T01:39:49.530686,14.502,-1.998991,-0.500000,0.007824,0.000009,0.003302,0.000310,0.999995,0.000019,0.006603,0.000620,0.000013,-0.000009,0.000000,0.000000,0.000000,0.000018
2025-10-26T01:39:49.630012,14.601,-1.998987,-0.500000,0.007823,0.000015,0.003304,0.000311,0.999994,0.000033,0.006609,0.000622,0.000013,-0.000010,0.000000,0.000000,0.000000,0.000019
2025-10-26T01:39:49.731380,14.703,-1.998984,-0.500000,0.007839,0.000011,0.003311,0.000312,0.999994,0.000024,0.006621,0.000625,0.000033,-0.000007,0.000000,0.000000,0.000000,0.000019
2025-10-26T01:39:49.830361,14.802,-1.998981,-0.500000,0.007819,0.000001,0.003307,0.000313,0.999994,0.000003,0.006615,0.000626,0.000008,-0.000005,0.000000,0.000000,0.000000,0.000019
2025-10-26T01:39:49.934678,14.906,-1.998978,-0.500000,0.007839,0.000006,0.003311,0.000314,0.999994,0.000015,0.006622,0.000629,0.000025,-0.000011,0.000000,0.000000,0.000000,0.000019
2025-10-26T01:39:50.030261,15.002,-1.998975,-0.500000,0.007842,0.000012,0.003306,0.000315,0.999994,0.000025,0.006612,0.000630,0.000028,-0.000010,0.000000,0.000000,0.000000,0.000019
2025-10-26T01:39:50.131089,15.102,-1.998973,-0.500000,0.007832,0.000016,0.003304,0.000316,0.999994,0.000035,0.006607,0.000632,0.000023,-0.000009,0.000000,0.000000,0.000000,0.000019
2025-10-26T01:39:50.230620,15.202,-1.998969,-0.500000,0.007835,0.000009,0.003312,0.000317,0.999994,0.000020,0.006624,0.000634,0.000022,-0.000008,0.000000,0.000000,0.000000,0.000019
2025-10-26T01:39:50.330272,15.302,-1.998967,-0.500000,0.007842,0.000006,0.003311,0.000318,0.999994,0.000013,0.006621,0.000636,0.000030,-0.000007,0.000000,0.000000,0.000000,0.000019
2025-10-26T01:39:50.432728,15.404,-1.998963,-0.500000,0.007819,0.000010,0.003302,0.000319,0.999994,0.000021,0.006605,0.000638,0.000008,-0.000010,0.000000,0.000000,0.000000,0.000018
2025-10-26T01:39:50.530884,15.502,-1.998961,-0.500000,0.007838,0.000017,0.003308,0.000320,0.999994,0.000036,0.006617,0.000640,0.000024,-0.000012,0.000000,0.000000,0.000000,0.000019
2025-10-26T01:39:50.631411,15.602,-1.998958,-0.500000,0.007843,0.000016,0.003309,0.000321,0.999994,0.000034,0.006618,0.000641,0.000031,-0.000006,0.000000,0.000000,0.000000,0.000019
2025-10-26T01:39:50.730231,15.701,-1.998955,-0.500000,0.007817,0.000007,0.003304,0.000322,0.999994,0.000016,0.006609,0.000644,0.000005,-0.000009,0.000000,0.000000,0.000000,0.000019
2025-10-26T01:39:50.831527,15.802,-1.998952,-0.500000,0.007843,0.000009,0.003310,0.000323,0.999994,0.000020,0.006620,0.000645,0.000030,-0.000010,0.000000,0.000000,0.000000,0.000019
2025-10-26T01:39:50.929996,15.901,-1.998949,-0.500000,0.007819,0.000012,0.003307,0.000324,0.999994,0.000026,0.006614,0.000648,0.000006,-0.000008,0.000000,0.000000,0.000000,0.000019
2025-10-26T01:39:51.030410,16.002,-1.998946,-0.500000,0.007839,0.000006,0.003309,0.000325,0.999994,0.000013,0.006617,0.000649,0.000023,-0.000008,0.000000,0.000000,0.000000,0.000019
2025-10-26T01:39:51.129948,16.101,-1.998943,-0.500000,0.007823,0.000009,0.003305,0.000326,0.999994,0.000019,0.006611,0.000652,0.000013,-0.000009,0.000000,0.000000,0.000000,0.000018
2025-10-26T01:39:51.230047,16.201,-1.998940,-0.500000,0.007835,0.000012,0.003309,0.000327,0.999994,0.000026,0.006619,0.000653,0.000021,-0.000010,0.000000,0.000000,0.000000,0.000019
2025-10-26T01:39:51.330005,16.301,-1.998936,-0.500000,0.007818,0.000017,0.003306,0.000328,0.999994,0.000036,0.006612,0.000656,0.000008,-0.000010,0.000000,0.000000,0.000000,0.000019
2025-10-26T01:39:51.430540,16.402,-1.998934,-0.500000,0.007828,0.000012,0.003305,0.000329,0.999994,0.000025,0.006611,0.000657,0.000015,-0.000008,0.000000,0.000000,0.000000,0.000019
2025-10-26T01:39:51.530302,16.502,-1.998932,-0.500000,0.007846,0.000013,0.003307,0.000329,0.999994,0.000028,0.006614,0.000659,0.000031,-0.000010,0.000000,0.000000,0.000000,0.000018
2025-10-26T01:39:51.630880,16.602,-1.998928,-0.500000,0.007835,0.000012,0.003308,0.000331,0.999994,0.000026,0.006615,0.000661,0.000029,-0.000007,0.000000,0.000000,0.000000,0.000019
2025-10-26T01:39:51.730534,16.702,-1.998924,-0.500000,0.007841,0.000005,0.003313,0.000332,0.999994,0.000012,0.006626,0.000664,0.000027,-0.000008,0.000000,0.000000,0.000000,0.000019
2025-10-26T01:39:51.830402,16.802,-1.998922,-0.500000,0.007817,0.000006,0.003310,0.000333,0.999994,0.000015,0.006620,0.000665,0.000008,-0.000010,0.000000,0.000000,0.000000,0.000018
2025-10-26T01:39:51.930218,16.901,-1.998918,-0.500000,0.007842,0.000010,0.003309,0.000334,0.999994,0.000021,0.006618,0.000668,0.000025,-0.000008,0.000000,0.000000,0.000000,0.000019
2025-10-26T01:39:52.030796,17.002,-1.998916,-0.500000,0.007841,0.000010,0.003304,0.000335,0.999994,0.000022,0.006607,0.000669,0.000033,-0.000010,0.000000,0.000000,0.000000,0.000018
2025-10-26T01:39:52.130460,17.102,-1.998912,-0.500000,0.007824,0.000010,0.003307,0.000336,0.999994,0.000022,0.006614,0.000672,0.000014,-0.000008,0.000000,0.000000,0.000000,0.000019
2025-10-26T01:39:52.230542,17.202,-1.998909,-0.500000,0.007829,0.000005,0.003311,0.000337,0.999994,0.000012,0.006621,0.000674,0.000023,-0.000009,0.000000,0.000000,0.000000,0.000018
2025-10-26T01:39:52.330628,17.302,-1.998906,-0.500000,0.007824,0.000009,0.003308,0.000338,0.999994,0.000021,0.006616,0.000676,0.000012,-0.000012,0.000000,0.000000,0.000000,0.000019
2025-10-26T01:39:52.430654,17.402,-1.998903,-0.500000,0.007840,0.000018,0.003304,0.000339,0.999994,0.000037,0.006609,0.000678,0.000031,-0.000007,0.000000,0.000000,0.000000,0.000019
2025-10-26T01:39:52.530252,17.502,-1.998899,-0.500000,0.007820,0.000001,0.003308,0.000340,0.999994,0.000005,0.006615,0.000680,0.000010,-0.000006,0.000000,0.000000,0.000000,0.000019
2025-10-26T01:39:52.630073,17.601,-1.998896,-0.500000,0.007844,0.000003,0.003314,0.000341,0.999994,0.000008,0.006627,0.000682,0.000035,-0.000010,0.000000,0.000000,0.000000,0.000018
2025-10-26T01:39:52.730517,17.702,-1.998893,-0.500000,0.007834,0.000013,0.003311,0.000342,0.999994,0.000028,0.006622,0.000684,0.000019,-0.000011,0.000000,0.000000,0.000000,0.000019
2025-10-26T01:39:52.830300,17.802,-1.998889,-0.500000,0.007846,0.000010,0.003305,0.000343,0.999994,0.000022,0.006611,0.000687,0.000032,-0.000005,0.000000,0.000000,0.000000,0.000019
2025-10-26T01:39:52.931269,17.902,-1.998887,-0.500000,0.007839,0.000007,0.003303,0.000344,0.999994,0.000016,0.006606,0.000688,0.000032,-0.000010,0.000000,0.000000,0.000000,0.000018
2025-10-26T01:39:53.031978,18.003,-1.998883,-0.500000,0.007816,0.000012,0.003305,0.000345,0.999994,0.000026,0.006610,0.000691,0.000005,-0.000008,0.000000,0.000000,0.000000,0.000019
2025-10-26T01:39:53.130176,18.101,-1.998881,-0.500000,0.007843,0.000012,0.003312,0.000346,0.999994,0.000027,0.006623,0.000692,0.000030,-0.000010,0.000000,0.000000,0.000000,0.000019
2025-10-26T01:39:53.230796,18.202,-1.998877,-0.500000,0.007818,0.000003,0.003307,0.000347,0.999994,0.000008,0.006614,0.000695,0.000008,-0.000007,0.000000,0.000000,0.000000,0.000019
2025-10-26T01:39:53.330730,18.302,-1.998874,-0.500000,0.007844,0.000006,0.003308,0.000348,0.999994,0.000015,0.006617,0.000697,0.000030,-0.000010,0.000000,0.000000,0.000000,0.000018
2025-10-26T01:39:53.430336,18.402,-1.998871,-0.500000,0.007832,0.000010,0.003304,0.000349,0.999994,0.000023,0.006608,0.000699,0.000024,-0.000009,0.000000,0.000000,0.000000,0.000018
2025-10-26T01:39:53.530515,18.502,-1.998867,-0.500000,0.007837,0.000010,0.003311,0.000350,0.999994,0.000023,0.006621,0.000701,0.000024,-0.000010,0.000000,0.000000,0.000000,0.000019
2025-10-26T01:39:53.630264,18.602,-1.998865,-0.500000,0.007833,0.000014,0.003310,0.000351,0.999994,0.000030,0.006621,0.000703,0.000028,-0.000010,0.000000,0.000000,0.000000,0.000018
2025-10-26T01:39:53.730612,18.702,-1.998861,-0.500000,0.007832,0.000010,0.003307,0.000352,0.999994,0.000022,0.006613,0.000705,0.000017,-0.000008,0.000000,0.000000,0.000000,0.000019
2025-10-26T01:39:53.830684,18.802,-1.998859,-0.500000,0.007847,0.000011,0.003306,0.000353,0.999994,0.000025,0.006612,0.000707,0.000033,-0.000010,0.000000,0.000000,0.000000,0.000018
2025-10-26T01:39:53.930484,18.902,-1.998855,-0.500000,0.007817,0.000013,0.003309,0.000354,0.999994,0.000029,0.006618,0.000709,0.000006,-0.000010,0.000000,0.000000,0.000000,0.000019
2025-10-26T01:39:54.030248,19.002,-1.998853,-0.500000,0.007837,0.000012,0.003312,0.000355,0.999994,0.000027,0.006623,0.000711,0.000023,-0.000007,0.000000,0.000000,0.000000,0.000019
2025-10-26T01:39:54.130683,19.102,-1.998849,-0.500000,0.007824,0.000005,0.003305,0.000356,0.999994,0.000012,0.006610,0.000713,0.000013,-0.000009,0.000000,0.000000,0.000000,0.000018
2025-10-26T01:39:54.230585,19.202,-1.998846,-0.500000,0.007845,0.000009,0.003309,0.000358,0.999994,0.000020,0.006619,0.000715,0.000031,-0.000010,0.000000,0.000000,0.000000,0.000018
2025-10-26T01:39:54.330716,19.302,-1.998843,-0.500000,0.007818,0.000012,0.003305,0.000358,0.999994,0.000027,0.006611,0.000717,0.000008,-0.000010,0.000000,0.000000,0.000000,0.000019
2025-10-26T01:39:54.429994,19.401,-1.998840,-0.500000,0.007845,0.000018,0.003309,0.000360,0.999994,0.000038,0.006618,0.000719,0.000033,-0.000010,0.000000,0.000000,0.000000,0.000018
2025-10-26T01:39:54.532311,19.503,-1.998836,-0.500000,0.007819,0.000010,0.003302,0.000361,0.999994,0.000023,0.006604,0.000722,0.000008,-0.000005,0.000000,0.000000,0.000000,0.000019
2025-10-26T01:39:54.631121,19.602,-1.998834,-0.500000,0.007818,0.000007,0.003303,0.000362,0.999994,0.000017,0.006606,0.000723,0.000006,-0.000009,0.000000,0.000000,0.000000,0.000019
2025-10-26T01:39:54.734192,19.705,-1.998830,-0.500000,0.007841,0.000011,0.003309,0.000363,0.999994,0.000024,0.006618,0.000726,0.000035,-0.000010,0.000000,0.000000,0.000000,0.000018
2025-10-26T01:39:54.830583,19.802,-1.998827,-0.500000,0.007822,0.000016,0.003310,0.000364,0.999994,0.000035,0.006619,0.000727,0.000013,-0.000011,0.000000,0.000000,0.000000,0.000019
2025-10-26T01:39:54.930053,19.901,-1.998825,-0.500000,0.007842,0.000015,0.003307,0.000364,0.999994,0.000032,0.006615,0.000729,0.000025,-0.000008,0.000000,0.000000,0.000000,0.000019
2025-10-26T01:39:55.030573,20.002,-1.998822,-0.500000,0.007834,0.000007,0.003304,0.000366,0.999994,0.000015,0.006608,0.000731,0.000027,-0.000007,0.000000,0.000000,0.000000,0.000018
2025-10-26T01:39:55.130445,20.102,-1.998818,-0.500000,0.007833,0.000006,0.003311,0.000367,0.999994,0.000014,0.006622,0.000734,0.000020,-0.000010,0.000000,0.000000,0.000000,0.000019
2025-10-26T01:39:55.230127,20.201,-1.998815,-0.500000,0.007841,0.000013,0.003311,0.000368,0.999994,0.000028,0.006622,0.000735,0.000035,-0.000011,0.000000,0.000000,0.000000,0.000018
2025-10-26T01:39:55.332271,20.303,-1.998812,-0.500000,0.007820,0.000013,0.003303,0.000369,0.999994,0.000029,0.006606,0.000738,0.000007,-0.000005,0.000000,0.000000,0.000000,0.000020
2025-10-26T01:39:55.431543,20.403,-1.998809,-0.500000,0.007845,0.000006,0.003305,0.000370,0.999994,0.000014,0.006611,0.000739,0.000031,-0.000007,0.000000,0.000000,0.000000,0.000019
2025-10-26T01:39:55.530512,20.502,-1.998806,-0.500000,0.007819,0.000001,0.003311,0.000371,0.999994,0.000005,0.006622,0.000741,0.000012,-0.000009,0.000000,0.000000,0.000000,0.000019
2025-10-26T01:39:55.630447,20.602,-1.998803,-0.500000,0.007842,0.000008,0.003315,0.000371,0.999994,0.000018,0.006630,0.000743,0.000034,-0.000011,0.000000,0.000000,0.000000,0.000018
2025-10-26T01:39:55.731136,20.702,-1.998801,-0.500000,0.007819,0.000016,0.003307,0.000372,0.999994,0.000034,0.006615,0.000745,0.000006,-0.000010,0.000000,0.000000,0.000000,0.000019
2025-10-26T01:39:55.830165,20.801,-1.998797,-0.500000,0.007844,0.000015,0.003305,0.000374,0.999994,0.000031,0.006610,0.000747,0.000031,-0.000005,0.000000,0.000000,0.000000,0.000019
2025-10-26T01:39:55.930597,20.902,-1.998795,-0.500000,0.007820,0.000005,0.003304,0.000374,0.999994,0.000012,0.006608,0.000749,0.000011,-0.000008,0.000000,0.000000,0.000000,0.000018
2025-10-26T01:39:56.031093,21.002,-1.998792,-0.500000,0.007825,0.000005,0.003308,0.000375,0.999994,0.000012,0.006615,0.000750,0.000014,-0.000012,0.000000,0.000000,0.000000,0.000019
2025-10-26T01:39:56.130514,21.102,-1.998789,-0.500000,0.007845,0.000014,0.003309,0.000376,0.999994,0.000031,0.006618,0.000753,0.000035,-0.000011,0.000000,0.000000,0.000000,0.000018
2025-10-26T01:39:56.230621,21.202,-1.998786,-0.500000,0.007823,0.000016,0.003304,0.000377,0.999994,0.000034,0.006608,0.000754,0.000012,-0.000007,0.000000,0.000000,0.000000,0.000019
2025-10-26T01:39:56.330373,21.302,-1.998784,-0.500000,0.007835,0.000012,0.003306,0.000378,0.999994,0.000027,0.006613,0.000756,0.000021,-0.000009,0.000000,0.000000,0.000000,0.000019
2025-10-26T01:39:56.431790,21.403,-1.998781,-0.500000,0.007846,0.000010,0.003309,0.000379,0.999994,0.000022,0.006619,0.000757,0.000036,-0.000008,0.000000,0.000000,0.000000,0.000018
2025-10-26T01:39:56.530742,21.502,-1.998779,-0.500000,0.007819,0.000011,0.003309,0.000379,0.999994,0.000025,0.006617,0.000759,0.000009,-0.000010,0.000000,0.000000,0.000000,0.000018
2025-10-26T01:39:56.630732,21.602,-1.998777,-0.500000,0.007817,0.000011,0.003304,0.000380,0.999994,0.000025,0.006609,0.000761,0.000003,-0.000007,0.000000,0.000000,0.000000,0.000019
2025-10-26T01:39:56.730339,21.702,-1.998774,-0.500000,0.007833,0.000011,0.003304,0.000381,0.999994,0.000024,0.006609,0.000762,0.000019,-0.000012,0.000000,0.000000,0.000000,0.000019
2025-10-26T01:39:56.830335,21.802,-1.998772,-0.500000,0.007845,0.000010,0.003306,0.000382,0.999994,0.000024,0.006611,0.000764,0.000031,-0.000009,0.000000,0.000000,0.000000,0.000019
2025-10-26T01:39:56.930022,21.901,-1.998769,-0.500000,0.007832,0.000007,0.003307,0.000383,0.999994,0.000017,0.006615,0.000765,0.000025,-0.000008,0.000000,0.000000,0.000000,0.000018
2025-10-26T01:39:57.031379,22.002,-1.998767,-0.500000,0.007817,0.000009,0.003309,0.000383,0.999994,0.000020,0.006617,0.000767,0.000006,-0.000009,0.000000,0.000000,0.000000,0.000019
2025-10-26T01:39:57.130690,22.102,-1.998763,-0.500000,0.007844,0.000014,0.003306,0.000385,0.999994,0.000030,0.006612,0.000769,0.000028,-0.000011,0.000000,0.000000,0.000000,0.000019
2025-10-26T01:39:57.230735,22.202,-1.998761,-0.500000,0.007844,0.000014,0.003307,0.000385,0.999994,0.000030,0.006614,0.000771,0.000036,-0.000007,0.000000,0.000000,0.000000,0.000019
2025-10-26T01:39:57.330710,22.302,-1.998758,-0.500000,0.007819,0.000009,0.003308,0.000386,0.999994,0.000021,0.006616,0.000773,0.000009,-0.000007,0.000000,0.000000,0.000000,0.000019
2025-10-26T01:39:57.431055,22.402,-1.998755,-0.500000,0.007841,0.000006,0.003311,0.000387,0.999994,0.000015,0.006622,0.000775,0.000032,-0.000009,0.000000,0.000000,0.000000,0.000018
2025-10-26T01:39:57.530339,22.502,-1.998753,-0.500000,0.007829,0.000006,0.003303,0.000388,0.999994,0.000015,0.006605,0.000776,0.000018,-0.000009,0.000000,0.000000,0.000000,0.000018
2025-10-26T01:39:57.630598,22.602,-1.998749,-0.500000,0.007831,0.000019,0.003305,0.000389,0.999994,0.000041,0.006611,0.000779,0.000019,-0.000010,0.000000,0.000000,0.000000,0.000019
2025-10-26T01:39:57.730629,22.702,-1.998746,-0.500000,0.007839,0.000008,0.003311,0.000390,0.999994,0.000018,0.006621,0.000780,0.000027,-0.000005,0.000000,0.000000,0.000000,0.000019
2025-10-26T01:39:57.830960,22.802,-1.998743,-0.500000,0.007826,0.000002,0.003306,0.000391,0.999994,0.000006,0.006613,0.000783,0.000016,-0.000012,0.000000,0.000000,0.000000,0.000018
2025-10-26T01:39:57.931460,22.903,-1.998740,-0.500000,0.007817,0.000013,0.003304,0.000392,0.999994,0.000029,0.006608,0.000784,0.000004,-0.000013,0.000000,0.000000,0.000000,0.000019
2025-10-26T01:39:58.030583,23.002,-1.998738,-0.500000,0.007826,0.000014,0.003306,0.000393,0.999994,0.000030,0.006611,0.000786,0.000015,-0.000007,0.000000,0.000000,0.000000,0.000020
2025-10-26T01:39:58.130549,23.102,-1.998734,-0.500000,0.007846,0.000005,0.003309,0.000394,0.999994,0.000013,0.006619,0.000788,0.000033,-0.000009,0.000000,0.000000,0.000000,0.000018
2025-10-26T01:39:58.230727,23.202,-1.998732,-0.500000,0.007818,0.000008,0.003309,0.000395,0.999994,0.000018,0.006619,0.000790,0.000009,-0.000009,0.000000,0.000000,0.000000,0.000019
2025-10-26T01:39:58.332028,23.303,-1.998728,-0.500000,0.007832,0.000011,0.003307,0.000396,0.999994,0.000024,0.006614,0.000792,0.000018,-0.000011,0.000000,0.000000,0.000000,0.000019
2025-10-26T01:39:58.430969,23.402,-1.998561,-0.500000,0.007843,0.000015,0.003303,0.000397,0.999994,0.000032,0.006606,0.000793,0.005031,-0.000009,0.000000,0.000000,0.000000,0.000005
2025-10-26T01:39:58.530244,23.501,-1.998219,-0.499999,0.007841,0.000006,0.003302,0.000397,0.999994,0.000015,0.006604,0.000795,0.005033,-0.000004,0.000000,0.000000,0.000000,0.000018
2025-10-26T01:39:58.631213,23.602,-1.997036,-0.499998,0.007841,-0.000001,0.003297,0.000398,0.999994,0.000001,0.006593,0.000795,0.015019,-0.000012,0.000000,0.000000,0.000000,0.000006
2025-10-26T01:39:58.730941,23.702,-1.996013,-0.499998,0.007837,0.000020,0.003299,0.000398,0.999994,0.000043,0.006597,0.000797,0.015030,-0.000015,0.000000,0.000000,0.000000,0.000016
2025-10-26T01:39:58.830045,23.801,-1.993975,-0.499996,0.007824,0.000017,0.003302,0.000399,0.999994,0.000037,0.006604,0.000798,0.020012,-0.000002,0.000000,0.000000,0.000000,0.000019
2025-10-26T01:39:58.930744,23.902,-1.992277,-0.499994,0.007824,-0.000000,0.003304,0.000399,0.999994,0.000002,0.006608,0.000799,0.025014,-0.000007,0.000000,0.000000,0.000000,0.000015
2025-10-26T01:39:59.030119,24.001,-1.989219,-0.499992,0.007834,0.000009,0.003305,0.000400,0.999994,0.000020,0.006610,0.000800,0.030021,-0.000012,0.000000,0.000000,0.000000,0.000017
2025-10-26T01:39:59.130799,24.102,-1.987012,-0.499991,0.007838,0.000012,0.003304,0.000401,0.999994,0.000026,0.006607,0.000801,0.035024,-0.000008,0.000000,0.000000,0.000000,0.000005
2025-10-26T01:39:59.231103,24.202,-1.983273,-0.499987,0.007834,0.000003,0.003302,0.000401,0.999994,0.000008,0.006605,0.000803,0.040003,-0.000009,0.000000,0.000000,0.000000,0.000007
2025-10-26T01:39:59.330457,24.302,-1.980551,-0.499985,0.007818,0.000010,0.003303,0.000402,0.999994,0.000022,0.006605,0.000804,0.040005,-0.000012,0.000000,0.000000,0.000000,0.000017
2025-10-26T01:39:59.431098,24.402,-1.976467,-0.499982,0.007841,0.000015,0.003309,0.000403,0.999994,0.000032,0.006617,0.000806,0.040027,-0.000010,0.000000,0.000000,0.000000,0.000019
2025-10-26T01:39:59.530648,24.502,-1.973745,-0.499980,0.007828,0.000016,0.003307,0.000404,0.999994,0.000034,0.006615,0.000808,0.040021,-0.000008,0.000000,0.000000,0.000000,0.000019
2025-10-26T01:39:59.631309,24.602,-1.971022,-0.499978,0.007819,0.000009,0.003306,0.000405,0.999994,0.000020,0.006611,0.000809,0.040008,-0.000006,0.000000,0.000000,0.000000,0.000020
2025-10-26T01:39:59.730819,24.702,-1.966604,-0.499974,0.007843,0.000008,0.003303,0.000405,0.999994,0.000019,0.006607,0.000811,0.045030,-0.000008,0.000000,0.000000,0.000000,0.000015
2025-10-26T01:39:59.830131,24.801,-1.963377,-0.499972,0.007845,0.000008,0.003300,0.000406,0.999994,0.000018,0.006600,0.000812,0.050032,-0.000012,0.000000,0.000000,0.000000,0.000007
2025-10-26T01:39:59.930589,24.902,-1.958273,-0.499968,0.007829,0.000013,0.003303,0.000407,0.999994,0.000029,0.006606,0.000814,0.050021,-0.000006,0.000000,0.000000,0.000000,0.000018
2025-10-26T01:40:00.030211,25.001,-1.954871,-0.499965,0.007832,0.000006,0.003313,0.000408,0.999994,0.000015,0.006626,0.000815,0.050021,-0.000008,0.000000,0.000000,0.000000,0.000019
2025-10-26T01:40:00.130428,25.102,-1.949767,-0.499961,0.007845,0.000009,0.003309,0.000409,0.999994,0.000020,0.006618,0.000818,0.050033,-0.000012,0.000000,0.000000,0.000000,0.000018
2025-10-26T01:40:00.231120,25.202,-1.946365,-0.499958,0.007829,0.000014,0.003302,0.000410,0.999994,0.000031,0.006605,0.000820,0.050018,-0.000009,0.000000,0.000000,0.000000,0.000019
2025-10-26T01:40:00.330668,25.302,-1.941261,-0.499954,0.007832,0.000005,0.003308,0.000411,0.999994,0.000013,0.006615,0.000822,0.050019,-0.000007,0.000000,0.000000,0.000000,0.000019
2025-10-26T01:40:00.431188,25.402,-1.937859,-0.499951,0.007842,0.000006,0.003311,0.000412,0.999994,0.000016,0.006622,0.000823,0.050036,-0.000011,0.000000,0.000000,0.000000,0.000018
2025-10-26T01:40:00.530321,25.501,-1.932755,-0.499947,0.007819,0.000013,0.003306,0.000413,0.999994,0.000029,0.006612,0.000826,0.050005,-0.000009,0.000000,0.000000,0.000000,0.000019
2025-10-26T01:40:00.631472,25.602,-1.929353,-0.499944,0.007842,0.000009,0.003306,0.000414,0.999994,0.000021,0.006612,0.000827,0.050025,-0.000009,0.000000,0.000000,0.000000,0.000019
2025-10-26T01:40:00.730354,25.702,-1.924249,-0.499940,0.007820,0.000006,0.003304,0.000415,0.999994,0.000014,0.006608,0.000830,0.050011,-0.000010,0.000000,0.000000,0.000000,0.000018
2025-10-26T01:40:00.830235,25.802,-1.919145,-0.499935,0.007845,0.000010,0.003311,0.000416,0.999994,0.000023,0.006622,0.000832,0.050033,-0.000010,0.000000,0.000000,0.000000,0.000018
2025-10-26T01:40:00.929976,25.901,-1.915743,-0.499933,0.007815,0.000016,0.003308,0.000417,0.999994,0.000034,0.006615,0.000834,0.050004,-0.000010,0.000000,0.000000,0.000000,0.000019
2025-10-26T01:40:01.030467,26.002,-1.910639,-0.499928,0.007844,0.000012,0.003306,0.000418,0.999994,0.000027,0.006611,0.000836,0.050028,-0.000008,0.000000,0.000000,0.000000,0.000019
2025-10-26T01:40:01.130109,26.101,-1.905536,-0.499924,0.007842,0.000004,0.003306,0.000419,0.999994,0.000011,0.006612,0.000838,0.050032,-0.000009,0.000000,0.000000,0.000000,0.000018
2025-10-26T01:40:01.231051,26.202,-1.902133,-0.499921,0.007838,0.000008,0.003306,0.000420,0.999994,0.000019,0.006611,0.000840,0.050032,-0.000010,0.000000,0.000000,0.000000,0.000018
2025-10-26T01:40:01.331932,26.303,-1.897030,-0.499917,0.007846,0.000016,0.003313,0.000421,0.999994,0.000034,0.006626,0.000843,0.050031,-0.000010,0.000000,0.000000,0.000000,0.000019
2025-10-26T01:40:01.431423,26.402,-1.893627,-0.499914,0.007843,0.000013,0.003309,0.000422,0.999994,0.000029,0.006618,0.000844,0.050034,-0.000008,0.000000,0.000000,0.000000,0.000019
2025-10-26T01:40:01.531658,26.503,-1.888524,-0.499910,0.007834,0.000011,0.003306,0.000423,0.999994,0.000025,0.006612,0.000847,0.050020,-0.000010,0.000000,0.000000,0.000000,0.000019
2025-10-26T01:40:01.630737,26.602,-1.885121,-0.499907,0.007843,0.000006,0.003308,0.000424,0.999994,0.000015,0.006616,0.000848,0.050028,-0.000008,0.000000,0.000000,0.000000,0.000019
2025-10-26T01:40:01.730420,26.702,-1.881719,-0.499904,0.007828,0.000005,0.003309,0.000425,0.999994,0.000012,0.006617,0.000850,0.050020,-0.000009,0.000000,0.000000,0.000000,0.000018
2025-10-26T01:40:01.830890,26.802,-1.876615,-0.499900,0.007838,0.000009,0.003312,0.000426,0.999994,0.000020,0.006624,0.000852,0.050026,-0.000012,0.000000,0.000000,0.000000,0.000018
2025-10-26T01:40:01.930440,26.902,-1.873213,-0.499897,0.007842,0.000010,0.003305,0.000427,0.999994,0.000022,0.006611,0.000854,0.050031,-0.000010,0.000000,0.000000,0.000000,0.000018
2025-10-26T01:40:02.030655,27.002,-1.868109,-0.499893,0.007820,0.000012,0.003302,0.000428,0.999994,0.000027,0.006604,0.000856,0.050008,-0.000009,0.000000,0.000000,0.000000,0.000019
2025-10-26T01:40:02.130163,27.101,-1.863005,-0.499888,0.007839,0.000011,0.003311,0.000429,0.999994,0.000026,0.006623,0.000858,0.050029,-0.000008,0.000000,0.000000,0.000000,0.000019
2025-10-26T01:40:02.230257,27.202,-1.859603,-0.499885,0.007835,0.000003,0.003311,0.000430,0.999994,0.000010,0.006622,0.000860,0.050029,-0.000007,0.000000,0.000000,0.000000,0.000018
2025-10-26T01:40:02.330352,27.302,-1.854499,-0.499881,0.007832,0.000008,0.003310,0.000431,0.999994,0.000019,0.006619,0.000862,0.050018,-0.000012,0.000000,0.000000,0.000000,0.000019
2025-10-26T01:40:02.430460,27.402,-1.851097,-0.499878,0.007843,0.000011,0.003305,0.000432,0.999994,0.000026,0.006611,0.000864,0.050030,-0.000008,0.000000,0.000000,0.000000,0.000019
2025-10-26T01:40:02.530610,27.502,-1.845993,-0.499874,0.007829,0.000013,0.003303,0.000433,0.999994,0.000028,0.006606,0.000866,0.050020,-0.000010,0.000000,0.000000,0.000000,0.000018
2025-10-26T01:40:02.630990,27.602,-1.842591,-0.499871,0.007832,0.000017,0.003308,0.000434,0.999994,0.000037,0.006617,0.000868,0.050019,-0.000011,0.000000,0.000000,0.000000,0.000019
2025-10-26T01:40:02.729951,27.701,-1.837487,-0.499866,0.007840,0.000012,0.003307,0.000435,0.999994,0.000028,0.006614,0.000870,0.050033,-0.000008,0.000000,0.000000,0.000000,0.000018
2025-10-26T01:40:02.832116,27.803,-1.832384,-0.499862,0.007832,0.000010,0.003307,0.000436,0.999994,0.000022,0.006614,0.000873,0.050019,-0.000011,0.000000,0.000000,0.000000,0.000019
2025-10-26T01:40:02.930678,27.902,-1.828981,-0.499859,0.007843,0.000014,0.003309,0.000437,0.999994,0.000031,0.006617,0.000874,0.050036,-0.000011,0.000000,0.000000,0.000000,0.000018
2025-10-26T01:40:03.029918,28.001,-1.823878,-0.499855,0.007824,0.000011,0.003306,0.000438,0.999994,0.000026,0.006612,0.000877,0.050013,-0.000009,0.000000,0.000000,0.000000,0.000019
2025-10-26T01:40:03.130460,28.102,-1.820475,-0.499852,0.007845,0.000010,0.003307,0.000439,0.999994,0.000023,0.006614,0.000878,0.050029,-0.000010,0.000000,0.000000,0.000000,0.000018
2025-10-26T01:40:03.230972,28.202,-1.815372,-0.499847,0.007819,0.000015,0.003306,0.000440,0.999994,0.000033,0.006611,0.000881,0.050008,-0.000010,0.000000,0.000000,0.000000,0.000019
2025-10-26T01:40:03.330872,28.302,-1.811969,-0.499844,0.007845,0.000019,0.003309,0.000441,0.999994,0.000040,0.006619,0.000882,0.050032,-0.000011,0.000000,0.000000,0.000000,0.000019
2025-10-26T01:40:03.431852,28.403,-1.806866,-0.499840,0.007818,0.000012,0.003303,0.000442,0.999994,0.000028,0.006606,0.000885,0.050006,-0.000009,0.000000,0.000000,0.000000,0.000019
2025-10-26T01:40:03.530497,28.502,-1.803463,-0.499837,0.007829,0.000009,0.003307,0.000443,0.999994,0.000022,0.006614,0.000886,0.050017,-0.000010,0.000000,0.000000,0.000000,0.000019
2025-10-26T01:40:03.630493,28.602,-1.798359,-0.499832,0.007828,0.000010,0.003309,0.000444,0.999994,0.000022,0.006618,0.000889,0.050020,-0.000009,0.000000,0.000000,0.000000,0.000018
2025-10-26T01:40:03.730369,28.702,-1.794957,-0.499829,0.007817,0.000010,0.003305,0.000445,0.999994,0.000022,0.006610,0.000890,0.050003,-0.000009,0.000000,0.000000,0.000000,0.000019
2025-10-26T01:40:03.831232,28.802,-1.789847,-0.499831,0.007845,0.000015,0.003307,-0.001424,0.999994,0.000021,0.006615,-0.002849,0.050168,0.000007,0.000000,0.000000,0.000000,-0.073272
2025-10-26T01:40:03.930507,28.902,-1.786433,-0.499849,0.007836,0.000026,0.003306,-0.004377,0.999985,0.000022,0.006612,-0.008753,0.050207,0.000007,0.000000,0.000000,0.000000,-0.094375
2025-10-26T01:40:04.030707,29.002,-1.781311,-0.499918,0.007841,0.000045,0.003311,-0.009346,0.999951,0.000029,0.006622,-0.018693,0.050217,0.000004,0.000000,0.000000,0.000000,-0.098792
2025-10-26T01:40:04.130356,29.102,-1.777896,-0.499993,0.007843,0.000050,0.003308,-0.012712,0.999914,0.000017,0.006616,-0.025424,0.050225,0.000006,0.000000,0.000000,0.000000,-0.099104
2025-10-26T01:40:04.231222,29.202,-1.772776,-0.500148,0.007820,0.000066,0.003305,-0.017767,0.999837,0.000014,0.006612,-0.035537,0.050200,0.000001,0.000000,0.000000,0.000000,-0.099165
2025-10-26T01:40:04.330349,29.302,-1.767657,-0.500355,0.007843,0.000087,0.003310,-0.022824,0.999734,0.000023,0.006623,-0.045651,0.050225,0.000002,0.000000,0.000000,0.000000,-0.099168
2025-10-26T01:40:04.431300,29.402,-1.764245,-0.500521,0.007816,0.000092,0.003306,-0.026194,0.999651,0.000010,0.006615,-0.052394,0.050196,0.000001,0.000000,0.000000,0.000000,-0.099167
2025-10-26T01:40:04.530401,29.502,-1.759127,-0.500817,0.007842,0.000109,0.003309,-0.032117,0.999479,0.000005,0.006621,-0.064245,0.050301,0.000000,0.000000,0.000000,0.000000,-0.139481
2025-10-26T01:40:04.631189,29.602,-1.755713,-0.501054,0.007821,0.000134,0.003302,-0.037293,0.999299,0.000021,0.006610,-0.074604,0.050338,-0.000022,0.000000,0.000000,0.000000,-0.174966
2025-10-26T01:40:04.730623,29.702,-1.750590,-0.501486,0.007841,0.000167,0.003306,-0.046976,0.998891,0.000024,0.006620,-0.093988,0.050415,-0.000006,0.000000,0.000000,0.000000,-0.196533
2025-10-26T01:40:04.831073,29.802,-1.747178,-0.501830,0.007831,0.000190,0.003304,-0.053682,0.998553,0.000025,0.006619,-0.107415,0.050417,-0.000013,0.000000,0.000000,0.000000,-0.197988
2025-10-26T01:40:04.932248,29.904,-1.742069,-0.502434,0.007835,0.000225,0.003301,-0.063771,0.997959,0.000029,0.006617,-0.127628,0.050539,0.000020,0.000000,0.000000,0.000000,-0.198114
2025-10-26T01:40:05.030072,30.001,-1.738669,-0.502888,0.007846,0.000245,0.003300,-0.070492,0.997507,0.000024,0.006618,-0.141101,0.050405,0.000033,0.000000,0.000000,0.000000,-0.198288
2025-10-26T01:40:05.131020,30.102,-1.735279,-0.503387,0.007816,0.000264,0.003296,-0.076952,0.997029,0.000020,0.006613,-0.154058,0.050322,0.000119,0.000000,0.000000,0.000000,-0.170990
2025-10-26T01:40:05.230517,30.202,-1.730213,-0.504209,0.007844,0.000289,0.003298,-0.084664,0.996404,0.000017,0.006621,-0.169532,0.050264,-0.000026,0.000000,0.000000,0.000000,-0.123384
2025-10-26T01:40:05.330587,30.302,-1.725166,-0.505098,0.007834,0.000308,0.003297,-0.090154,0.995922,0.000019,0.006622,-0.180553,0.050207,-0.000008,0.000000,0.000000,0.000000,-0.101259
2025-10-26T01:40:05.430557,30.402,-1.721808,-0.505720,0.007841,0.000323,0.003294,-0.093546,0.995609,0.000026,0.006620,-0.187367,0.050217,-0.000000,0.000000,0.000000,0.000000,-0.099610
2025-10-26T01:40:05.530472,30.502,-1.716782,-0.506693,0.007832,0.000339,0.003292,-0.097744,0.995206,0.000031,0.006619,-0.195802,0.050130,-0.000040,0.000000,0.000000,0.000000,-0.059521
2025-10-26T01:40:05.630607,30.602,-1.713442,-0.507359,0.007843,0.000337,0.003290,-0.098742,0.995108,0.000022,0.006614,-0.197808,0.050056,-0.000054,0.000000,0.000000,0.000000,-0.011882
2025-10-26T01:40:05.730465,30.702,-1.708437,-0.508364,0.007828,0.000340,0.003289,-0.098964,0.995085,0.000026,0.006612,-0.198254,0.050018,-0.000050,0.000000,0.000000,0.000000,-0.001035
2025-10-26T01:40:05.830503,30.802,-1.705101,-0.509034,0.007845,0.000342,0.003289,-0.098981,0.995084,0.000030,0.006614,-0.198288,0.050035,-0.000046,0.000000,0.000000,0.000000,-0.000208
2025-10-26T01:40:05.930284,30.902,-1.700097,-0.510040,0.007832,0.000347,0.003288,-0.098985,0.995083,0.000039,0.006613,-0.198296,0.050019,-0.000048,0.000000,0.000000,0.000000,-0.000023
2025-10-26T01:40:06.030459,31.002,-1.696761,-0.510710,0.007843,0.000345,0.003291,-0.098985,0.995083,0.000035,0.006618,-0.198296,0.050034,-0.000041,0.000000,0.000000,0.000000,-0.000008
2025-10-26T01:40:06.130745,31.102,-1.693426,-0.511380,0.007816,0.000335,0.003291,-0.098985,0.995083,0.000015,0.006616,-0.198297,0.050005,-0.000042,0.000000,0.000000,0.000000,-0.000006
2025-10-26T01:40:06.230562,31.202,-1.688422,-0.512386,0.007839,0.000333,0.003295,-0.098985,0.995083,0.000010,0.006624,-0.198297,0.050033,-0.000044,0.000000,0.000000,0.000000,-0.000006
2025-10-26T01:40:06.330978,31.302,-1.685086,-0.513056,0.007823,0.000337,0.003293,-0.098985,0.995083,0.000018,0.006621,-0.198296,0.050013,-0.000048,0.000000,0.000000,0.000000,-0.000005
2025-10-26T01:40:06.430349,31.402,-1.680082,-0.514062,0.007835,0.000343,0.003291,-0.098985,0.995083,0.000031,0.006617,-0.198296,0.050027,-0.000043,0.000000,0.000000,0.000000,-0.000005
2025-10-26T01:40:06.530465,31.502,-1.676746,-0.514732,0.007828,0.000347,0.003290,-0.098985,0.995083,0.000039,0.006616,-0.198296,0.050016,-0.000048,0.000000,0.000000,0.000000,-0.000005
2025-10-26T01:40:06.630372,31.602,-1.673410,-0.515402,0.007848,0.000350,0.003289,-0.098985,0.995083,0.000046,0.006616,-0.198296,0.050037,-0.000045,0.000000,0.000000,0.000000,-0.000005
2025-10-26T01:40:06.730610,31.702,-1.668079,-0.516474,0.007823,0.000338,0.003285,-0.098986,0.995083,0.000022,0.006604,-0.198297,0.055008,-0.000046,0.000000,0.000000,0.000000,-0.000009
2025-10-26T01:40:06.830393,31.802,-1.664082,-0.517277,0.007831,0.000326,0.003282,-0.098986,0.995083,-0.000002,0.006597,-0.198298,0.060017,-0.000045,0.000000,0.000000,0.000000,-0.000009
2025-10-26T01:40:06.930472,31.902,-1.658078,-0.518483,0.007845,0.000338,0.003294,-0.098986,0.995083,0.000020,0.006622,-0.198298,0.060034,-0.000048,0.000000,0.000000,0.000000,-0.000005
2025-10-26T01:40:07.033156,32.004,-1.654075,-0.519288,0.007837,0.000344,0.003293,-0.098986,0.995083,0.000032,0.006622,-0.198298,0.060031,-0.000044,0.000000,0.000000,0.000000,-0.000005
2025-10-26T01:40:07.130791,32.102,-1.647910,-0.520526,0.007820,0.000335,0.003284,-0.098986,0.995083,0.000017,0.006603,-0.198298,0.064977,-0.000048,0.000000,0.000000,0.000000,-0.000016
2025-10-26T01:40:07.231147,32.202,-1.643413,-0.521430,0.007841,0.000342,0.003281,-0.098987,0.995083,0.000031,0.006597,-0.198299,0.070025,-0.000051,0.000000,0.000000,0.000000,-0.000020
2025-10-26T01:40:07.331064,32.302,-1.638744,-0.522368,0.007839,0.000337,0.003285,-0.098987,0.995083,0.000020,0.006604,-0.198300,0.070026,-0.000041,0.000000,0.000000,0.000000,-0.000005
2025-10-26T01:40:07.430788,32.402,-1.634074,-0.523306,0.007840,0.000332,0.003292,-0.098987,0.995083,0.000010,0.006617,-0.198300,0.070029,-0.000046,0.000000,0.000000,0.000000,-0.000005
2025-10-26T01:40:07.530830,32.502,-1.627071,-0.524714,0.007821,0.000338,0.003290,-0.098987,0.995083,0.000021,0.006614,-0.198300,0.070010,-0.000044,0.000000,0.000000,0.000000,-0.000005
2025-10-26T01:40:07.630291,32.602,-1.619572,-0.526221,0.007824,0.000340,0.003282,-0.098987,0.995083,0.000027,0.006599,-0.198300,0.075013,-0.000043,0.000000,0.000000,0.000000,-0.000005
2025-10-26T01:40:07.730913,32.702,-1.614242,-0.527292,0.007836,0.000330,0.003285,-0.098988,0.995083,0.000007,0.006603,-0.198301,0.080023,-0.000046,0.000000,0.000000,0.000000,-0.000008
2025-10-26T01:40:07.830606,32.802,-1.606238,-0.528900,0.007846,0.000339,0.003293,-0.098988,0.995083,0.000022,0.006620,-0.198301,0.080035,-0.000047,0.000000,0.000000,0.000000,-0.000005
2025-10-26T01:40:07.930140,32.901,-1.600902,-0.529972,0.007837,0.000336,0.003292,-0.098988,0.995083,0.000018,0.006619,-0.198301,0.080031,-0.000042,0.000000,0.000000,0.000000,-0.000005
2025-10-26T01:40:08.030398,33.002,-1.592570,-0.531647,0.007820,0.000337,0.003280,-0.098988,0.995083,0.000020,0.006594,-0.198302,0.084997,-0.000046,0.000000,0.000000,0.000000,-0.000009
2025-10-26T01:40:08.130035,33.101,-1.586573,-0.532852,0.007839,0.000343,0.003283,-0.098988,0.995083,0.000032,0.006602,-0.198303,0.090025,-0.000049,0.000000,0.000000,0.000000,-0.000010
2025-10-26T01:40:08.230664,33.202,-1.577569,-0.534661,0.007833,0.000341,0.003294,-0.098988,0.995083,0.000026,0.006624,-0.198303,0.090029,-0.000042,0.000000,0.000000,0.000000,-0.000005
2025-10-26T01:40:08.330233,33.302,-1.568565,-0.536470,0.007828,0.000335,0.003294,-0.098988,0.995083,0.000015,0.006622,-0.198303,0.090015,-0.000046,0.000000,0.000000,0.000000,-0.000004
2025-10-26T01:40:08.430480,33.402,-1.562235,-0.537743,0.007843,0.000338,0.003286,-0.098989,0.995083,0.000023,0.006606,-0.198303,0.095025,-0.000050,0.000000,0.000000,0.000000,-0.000010
2025-10-26T01:40:08.531154,33.502,-1.552237,-0.539752,0.007842,0.000343,0.003281,-0.098989,0.995083,0.000032,0.006597,-0.198304,0.100034,-0.000042,0.000000,0.000000,0.000000,-0.000005
2025-10-26T01:40:08.630842,33.602,-1.545567,-0.541092,0.007817,0.000333,0.003288,-0.098989,0.995083,0.000013,0.006610,-0.198304,0.100008,-0.000042,0.000000,0.000000,0.000000,-0.000004
2025-10-26T01:40:08.731386,33.702,-1.535235,-0.543168,0.007845,0.000335,0.003292,-0.098989,0.995083,0.000015,0.006618,-0.198305,0.105032,-0.000047,0.000000,0.000000,0.000000,-0.000010
2025-10-26T01:40:08.830677,33.802,-1.527905,-0.544641,0.007826,0.000339,0.003282,-0.098990,0.995083,0.000024,0.006598,-0.198306,0.110005,-0.000044,0.000000,0.000000,0.000000,-0.000009
2025-10-26T01:40:08.930556,33.902,-1.516901,-0.546852,0.007818,0.000334,0.003285,-0.098990,0.995083,0.000014,0.006603,-0.198306,0.110006,-0.000047,0.000000,0.000000,0.000000,-0.000004
2025-10-26T01:40:09.031122,34.002,-1.509565,-0.548327,0.007828,0.000339,0.003290,-0.098990,0.995083,0.000024,0.006616,-0.198306,0.110018,-0.000049,0.000000,0.000000,0.000000,-0.000004
2025-10-26T01:40:09.131098,34.102,-1.502229,-0.549801,0.007845,0.000342,0.003291,-0.098990,0.995083,0.000029,0.006618,-0.198305,0.110033,-0.000046,0.000000,0.000000,0.000000,-0.000004
2025-10-26T01:40:09.230334,34.202,-1.491225,-0.552012,0.007828,0.000346,0.003288,-0.098990,0.995083,0.000037,0.006613,-0.198305,0.110016,-0.000048,0.000000,0.000000,0.000000,-0.000004
2025-10-26T01:40:09.332913,34.304,-1.480222,-0.554223,0.007840,0.000341,0.003290,-0.098990,0.995083,0.000028,0.006615,-0.198305,0.110034,-0.000040,0.000000,0.000000,0.000000,-0.000004
2025-10-26T01:40:09.430303,34.402,-1.472886,-0.555697,0.007823,0.000333,0.003292,-0.098990,0.995083,0.000011,0.006618,-0.198305,0.110014,-0.000045,0.000000,0.000000,0.000000,-0.000003
2025-10-26T01:40:09.530340,34.502,-1.461882,-0.557908,0.007826,0.000330,0.003293,-0.098990,0.995083,0.000005,0.006619,-0.198305,0.110015,-0.000045,0.000000,0.000000,0.000000,-0.000005
2025-10-26T01:40:09.630240,34.602,-1.454546,-0.559383,0.007817,0.000339,0.003288,-0.098989,0.995083,0.000023,0.006611,-0.198305,0.110003,-0.000049,0.000000,0.000000,0.000000,-0.000004
2025-10-26T01:40:09.730426,34.702,-1.443542,-0.561594,0.007836,0.000342,0.003285,-0.098989,0.995083,0.000029,0.006606,-0.198304,0.110021,-0.000046,0.000000,0.000000,0.000000,-0.000003
2025-10-26T01:40:09.830882,34.802,-1.436206,-0.563068,0.007846,0.000339,0.003290,-0.098989,0.995083,0.000023,0.006615,-0.198304,0.110033,-0.000046,0.000000,0.000000,0.000000,-0.000004
2025-10-26T01:40:09.931406,34.902,-1.425202,-0.565279,0.007817,0.000339,0.003290,-0.098989,0.995083,0.000023,0.006615,-0.198304,0.110005,-0.000045,0.000000,0.000000,0.000000,-0.000004
2025-10-26T01:40:10.031099,35.002,-1.417867,-0.566754,0.007819,0.000336,0.003286,-0.098989,0.995083,0.000018,0.006606,-0.198304,0.110005,-0.000043,0.000000,0.000000,0.000000,-0.000003
2025-10-26T01:40:10.130341,35.102,-1.406863,-0.568965,0.007845,0.000342,0.003289,-0.098989,0.995083,0.000029,0.006614,-0.198304,0.110032,-0.000048,0.000000,0.000000,0.000000,-0.000004
2025-10-26T01:40:10.230157,35.201,-1.395859,-0.571176,0.007821,0.000342,0.003290,-0.098989,0.995083,0.000030,0.006615,-0.198304,0.110009,-0.000042,0.000000,0.000000,0.000000,-0.000004
2025-10-26T01:40:10.330121,35.301,-1.388523,-0.572650,0.007835,0.000334,0.003293,-0.098989,0.995083,0.000013,0.006621,-0.198304,0.110021,-0.000045,0.000000,0.000000,0.000000,-0.000003
2025-10-26T01:40:10.430991,35.402,-1.377519,-0.574861,0.007817,0.000335,0.003290,-0.098989,0.995083,0.000016,0.006615,-0.198303,0.110007,-0.000046,0.000000,0.000000,0.000000,-0.000004
2025-10-26T01:40:10.530277,35.502,-1.370183,-0.576336,0.007819,0.000344,0.003289,-0.098989,0.995083,0.000034,0.006613,-0.198303,0.110008,-0.000048,0.000000,0.000000,0.000000,-0.000003
2025-10-26T01:40:10.630026,35.601,-1.359179,-0.578547,0.007838,0.000334,0.003289,-0.098989,0.995083,0.000014,0.006612,-0.198303,0.110024,-0.000046,0.000000,0.000000,0.000000,-0.000004
2025-10-26T01:40:10.731085,35.702,-1.351843,-0.580021,0.007843,0.000336,0.003290,-0.098989,0.995083,0.000017,0.006615,-0.198303,0.110036,-0.000045,0.000000,0.000000,0.000000,-0.000004
2025-10-26T01:40:10.830349,35.802,-1.344507,-0.581495,0.007819,0.000339,0.003292,-0.098988,0.995083,0.000023,0.006618,-0.198303,0.110009,-0.000049,0.000000,0.000000,0.000000,-0.000003
2025-10-26T01:40:10.930296,35.902,-1.333504,-0.583706,0.007845,0.000334,0.003295,-0.098988,0.995083,0.000012,0.006624,-0.198303,0.110033,-0.000044,0.000000,0.000000,0.000000,-0.000004
2025-10-26T01:40:11.030339,36.002,-1.326168,-0.585180,0.007816,0.000331,0.003291,-0.098988,0.995083,0.000006,0.006616,-0.198302,0.110004,-0.000044,0.000000,0.000000,0.000000,-0.000003
2025-10-26T01:40:11.130410,36.102,-1.315164,-0.587391,0.007845,0.000331,0.003294,-0.098988,0.995083,0.000007,0.006621,-0.198302,0.110034,-0.000045,0.000000,0.000000,0.000000,-0.000004
2025-10-26T01:40:11.230570,36.202,-1.307828,-0.588866,0.007816,0.000333,0.003290,-0.098988,0.995083,0.000012,0.006614,-0.198302,0.110004,-0.000047,0.000000,0.000000,0.000000,-0.000003
2025-10-26T01:40:11.330882,36.302,-1.296824,-0.591077,0.007843,0.000338,0.003291,-0.098988,0.995083,0.000021,0.006616,-0.198302,0.110035,-0.000045,0.000000,0.000000,0.000000,-0.000004
2025-10-26T01:40:11.430150,36.401,-1.289488,-0.592551,0.007819,0.000342,0.003288,-0.098988,0.995083,0.000029,0.006611,-0.198301,0.110008,-0.000049,0.000000,0.000000,0.000000,-0.000003
2025-10-26T01:40:11.530481,36.502,-1.278485,-0.594762,0.007841,0.000347,0.003287,-0.098988,0.995083,0.000040,0.006610,-0.198301,0.110033,-0.000045,0.000000,0.000000,0.000000,-0.000003
2025-10-26T01:40:11.630621,36.602,-1.271149,-0.596236,0.007817,0.000340,0.003288,-0.098988,0.995083,0.000025,0.006611,-0.198301,0.110004,-0.000043,0.000000,0.000000,0.000000,-0.000002
2025-10-26T01:40:11.730331,36.702,-1.260145,-0.598447,0.007843,0.000330,0.003294,-0.098988,0.995083,0.000005,0.006621,-0.198301,0.110035,-0.000043,0.000000,0.000000,0.000000,-0.000003
2025-10-26T01:40:11.833354,36.804,-1.249141,-0.600659,0.007834,0.000333,0.003295,-0.098987,0.995083,0.000011,0.006624,-0.198301,0.110022,-0.000051,0.000000,0.000000,0.000000,-0.000003
2025-10-26T01:40:11.930485,36.902,-1.241805,-0.602133,0.007845,0.000342,0.003292,-0.098987,0.995083,0.000028,0.006619,-0.198300,0.110035,-0.000047,0.000000,0.000000,0.000000,-0.000003
2025-10-26T01:40:12.030107,37.001,-1.230801,-0.604344,0.007828,0.000345,0.003288,-0.098987,0.995083,0.000036,0.006612,-0.198300,0.110015,-0.000048,0.000000,0.000000,0.000000,-0.000003
2025-10-26T01:40:12.130201,37.101,-1.223465,-0.605818,0.007843,0.000341,0.003290,-0.098987,0.995083,0.000027,0.006614,-0.198300,0.110031,-0.000041,0.000000,0.000000,0.000000,-0.000003
2025-10-26T01:40:12.230530,37.202,-1.212461,-0.608029,0.007816,0.000333,0.003290,-0.098987,0.995083,0.000011,0.006614,-0.198300,0.110005,-0.000045,0.000000,0.000000,0.000000,-0.000003
2025-10-26T01:40:12.330036,37.301,-1.205125,-0.609503,0.007843,0.000332,0.003297,-0.098987,0.995083,0.000008,0.006627,-0.198300,0.110030,-0.000046,0.000000,0.000000,0.000000,-0.000003
2025-10-26T01:40:12.430302,37.402,-1.194122,-0.611715,0.007821,0.000339,0.003292,-0.098987,0.995083,0.000023,0.006620,-0.198299,0.110011,-0.000047,0.000000,0.000000,0.000000,-0.000002
2025-10-26T01:40:12.530600,37.502,-1.186786,-0.613189,0.007846,0.000343,0.003291,-0.098987,0.995083,0.000031,0.006617,-0.198299,0.110032,-0.000047,0.000000,0.000000,0.000000,-0.000003
2025-10-26T01:40:12.631580,37.602,-1.175782,-0.615400,0.007824,0.000337,0.003286,-0.098986,0.995083,0.000021,0.006606,-0.198299,0.110013,-0.000043,0.000000,0.000000,0.000000,-0.000003
2025-10-26T01:40:12.730113,37.701,-1.164778,-0.617611,0.007845,0.000340,0.003291,-0.098986,0.995083,0.000026,0.006618,-0.198298,0.110032,-0.000047,0.000000,0.000000,0.000000,-0.000003
2025-10-26T01:40:12.830396,37.802,-1.157442,-0.619085,0.007818,0.000343,0.003288,-0.098986,0.995083,0.000031,0.006612,-0.198298,0.110008,-0.000044,0.000000,0.000000,0.000000,-0.000003
2025-10-26T01:40:12.931282,37.902,-1.146438,-0.621296,0.007841,0.000339,0.003290,-0.098986,0.995083,0.000023,0.006615,-0.198298,0.110026,-0.000045,0.000000,0.000000,0.000000,-0.000003
2025-10-26T01:40:13.031097,38.002,-1.139102,-0.622771,0.007840,0.000339,0.003288,-0.098986,0.995083,0.000024,0.006611,-0.198298,0.110033,-0.000043,0.000000,0.000000,0.000000,-0.000003
2025-10-26T01:40:13.130380,38.102,-1.128099,-0.624982,0.007839,0.000342,0.003290,-0.098986,0.995083,0.000030,0.006615,-0.198297,0.110024,-0.000048,0.000000,0.000000,0.000000,-0.000003
2025-10-26T01:40:13.230611,38.202,-1.117095,-0.627193,0.007816,0.000346,0.003285,-0.098986,0.995083,0.000038,0.006606,-0.198297,0.110004,-0.000046,0.000000,0.000000,0.000000,-0.000002
2025-10-26T01:40:13.330602,38.302,-1.109759,-0.628667,0.007835,0.000343,0.003292,-0.098986,0.995083,0.000032,0.006619,-0.198297,0.110022,-0.000043,0.000000,0.000000,0.000000,-0.000002
2025-10-26T01:40:13.430589,38.402,-1.098755,-0.630878,0.007814,0.000331,0.003292,-0.098985,0.995083,0.000007,0.006617,-0.198297,0.110004,-0.000043,0.000000,0.000000,0.000000,-0.000003
2025-10-26T01:40:13.530612,38.502,-1.091419,-0.632352,0.007843,0.000334,0.003296,-0.098985,0.995083,0.000012,0.006627,-0.198296,0.110029,-0.000047,0.000000,0.000000,0.000000,-0.000003
2025-10-26T01:40:13.630500,38.602,-1.080415,-0.634563,0.007819,0.000339,0.003291,-0.098985,0.995083,0.000023,0.006618,-0.198296,0.110008,-0.000049,0.000000,0.000000,0.000000,-0.000002
2025-10-26T01:40:13.730432,38.702,-1.073079,-0.636038,0.007845,0.000343,0.003293,-0.098985,0.995083,0.000031,0.006621,-0.198296,0.110031,-0.000047,0.000000,0.000000,0.000000,-0.000003
2025-10-26T01:40:13.830329,38.802,-1.062075,-0.638249,0.007823,0.000348,0.003288,-0.098985,0.995083,0.000043,0.006613,-0.198295,0.110013,-0.000048,0.000000,0.000000,0.000000,-0.000002
2025-10-26T01:40:13.930477,38.902,-1.054739,-0.639723,0.007842,0.000347,0.003292,-0.098985,0.995083,0.000038,0.006620,-0.198295,0.110029,-0.000042,0.000000,0.000000,0.000000,-0.000002
2025-10-26T01:40:14.030387,39.002,-1.043736,-0.641934,0.007834,0.000326,0.003290,-0.098985,0.995083,-0.000002,0.006613,-0.198295,0.110026,-0.000042,0.000000,0.000000,0.000000,-0.000003
2025-10-26T01:40:14.130720,39.102,-1.036400,-0.643408,0.007825,0.000334,0.003287,-0.098984,0.995083,0.000014,0.006608,-0.198295,0.110013,-0.000047,0.000000,0.000000,0.000000,-0.000003
2025-10-26T01:40:14.230437,39.202,-1.025396,-0.645619,0.007832,0.000341,0.003290,-0.098984,0.995083,0.000027,0.006616,-0.198294,0.110019,-0.000046,0.000000,0.000000,0.000000,-0.000002
2025-10-26T01:40:14.330005,39.301,-1.018060,-0.647093,0.007843,0.000339,0.003292,-0.098984,0.995084,0.000023,0.006619,-0.198294,0.110035,-0.000044,0.000000,0.000000,0.000000,-0.000003
2025-10-26T01:40:14.430070,39.401,-1.007056,-0.649304,0.007823,0.000336,0.003292,-0.098984,0.995084,0.000017,0.006618,-0.198294,0.110013,-0.000044,0.000000,0.000000,0.000000,-0.000001
2025-10-26T01:40:14.531106,39.502,-0.999720,-0.650778,0.007842,0.000330,0.003293,-0.098984,0.995084,0.000004,0.006619,-0.198294,0.110029,-0.000046,0.000000,0.000000,0.000000,-0.000003
2025-10-26T01:40:14.630622,39.602,-0.988716,-0.652990,0.007822,0.000344,0.003287,-0.098984,0.995084,0.000035,0.006610,-0.198293,0.110010,-0.000047,0.000000,0.000000,0.000000,-0.000003
2025-10-26T01:40:14.730545,39.702,-0.981380,-0.654464,0.007831,0.000348,0.003290,-0.098984,0.995084,0.000042,0.006618,-0.198293,0.110019,-0.000045,0.000000,0.000000,0.000000,-0.000001
2025-10-26T01:40:14.830609,39.802,-0.970376,-0.656675,0.007847,0.000335,0.003289,-0.098983,0.995084,0.000015,0.006613,-0.198293,0.110032,-0.000046,0.000000,0.000000,0.000000,-0.000003
2025-10-26T01:40:14.930481,39.902,-0.963041,-0.658149,0.007829,0.000338,0.003289,-0.098983,0.995084,0.000022,0.006612,-0.198292,0.110019,-0.000044,0.000000,0.000000,0.000000,-0.000003
2025-10-26T01:40:15.030613,40.002,-0.952037,-0.660360,0.007823,0.000335,0.003291,-0.098983,0.995084,0.000015,0.006616,-0.198292,0.110013,-0.000042,0.000000,0.000000,0.000000,-0.000001
2025-10-26T01:40:15.130503,40.102,-0.944701,-0.661834,0.007849,0.000328,0.003294,-0.098983,0.995084,0.000000,0.006620,-0.198292,0.110033,-0.000047,0.000000,0.000000,0.000000,-0.000003
2025-10-26T01:40:15.230650,40.202,-0.933697,-0.664045,0.007829,0.000343,0.003286,-0.098983,0.995084,0.000032,0.006608,-0.198291,0.110018,-0.000045,0.000000,0.000000,0.000000,-0.000002
2025-10-26T01:40:15.330711,40.302,-0.926361,-0.665519,0.007829,0.000350,0.003289,-0.098983,0.995084,0.000045,0.006616,-0.198291,0.110019,-0.000046,0.000000,0.000000,0.000000,-0.000001
2025-10-26T01:40:15.430714,40.402,-0.915357,-0.667730,0.007842,0.000332,0.003291,-0.098983,0.995084,0.000010,0.006616,-0.198291,0.110031,-0.000044,0.000000,0.000000,0.000000,-0.000002
2025-10-26T01:40:15.530613,40.502,-0.908021,-0.669204,0.007830,0.000330,0.003290,-0.098982,0.995084,0.000005,0.006614,-0.198291,0.110019,-0.000042,0.000000,0.000000,0.000000,-0.000003
2025-10-26T01:40:15.630590,40.602,-0.900685,-0.670678,0.007838,0.000339,0.003295,-0.098982,0.995084,0.000021,0.006626,-0.198290,0.110024,-0.000049,0.000000,0.000000,0.000000,-0.000002
2025-10-26T01:40:15.730305,40.702,-0.889681,-0.672889,0.007828,0.000340,0.003289,-0.098982,0.995084,0.000025,0.006614,-0.198290,0.110017,-0.000041,0.000000,0.000000,0.000000,-0.000002
2025-10-26T01:40:15.831024,40.802,-0.882345,-0.674363,0.007832,0.000339,0.003290,-0.098982,0.995084,0.000023,0.006615,-0.198289,0.110018,-0.000047,0.000000,0.000000,0.000000,-0.000001
2025-10-26T01:40:15.930630,40.902,-0.871342,-0.676575,0.007835,0.000346,0.003287,-0.098982,0.995084,0.000037,0.006609,-0.198289,0.110027,-0.000044,0.000000,0.000000,0.000000,-0.000002
2025-10-26T01:40:16.030389,41.002,-0.864006,-0.678049,0.007825,0.000348,0.003289,-0.098982,0.995084,0.000041,0.006616,-0.198289,0.110016,-0.000045,0.000000,0.000000,0.000000,-0.000001
2025-10-26T01:40:16.130241,41.102,-0.853002,-0.680259,0.007842,0.000326,0.003293,-0.098981,0.995084,-0.000003,0.006619,-0.198289,0.110030,-0.000044,0.000000,0.000000,0.000000,-0.000002
2025-10-26T01:40:16.230039,41.201,-0.845666,-0.681733,0.007823,0.000336,0.003290,-0.098981,0.995084,0.000017,0.006614,-0.198288,0.110013,-0.000047,0.000000,0.000000,0.000000,-0.000002
2025-10-26T01:40:16.330143,41.301,-0.834662,-0.683945,0.007839,0.000345,0.003291,-0.098981,0.995084,0.000036,0.006618,-0.198288,0.110024,-0.000048,0.000000,0.000000,0.000000,-0.000001
2025-10-26T01:40:16.430652,41.402,-0.827326,-0.685419,0.007835,0.000348,0.003287,-0.098981,0.995084,0.000041,0.006610,-0.198287,0.110027,-0.000043,0.000000,0.000000,0.000000,-0.000002
2025-10-26T01:40:16.530587,41.502,-0.816322,-0.687630,0.007835,0.000339,0.003292,-0.098981,0.995084,0.000022,0.006619,-0.198287,0.110022,-0.000044,0.000000,0.000000,0.000000,-0.000001
2025-10-26T01:40:16.630157,41.601,-0.805318,-0.689841,0.007818,0.000329,0.003291,-0.098980,0.995084,0.000004,0.006616,-0.198287,0.110008,-0.000042,0.000000,0.000000,0.000000,-0.000002
2025-10-26T01:40:16.730675,41.702,-0.797982,-0.691315,0.007836,0.000332,0.003295,-0.098980,0.995084,0.000009,0.006624,-0.198286,0.110024,-0.000050,0.000000,0.000000,0.000000,-0.000002
2025-10-26T01:40:16.830233,41.802,-0.786979,-0.693526,0.007825,0.000343,0.003289,-0.098980,0.995084,0.000032,0.006613,-0.198286,0.110013,-0.000044,0.000000,0.000000,0.000000,-0.000002
2025-10-26T01:40:16.930693,41.902,-0.779643,-0.695000,0.007832,0.000343,0.003288,-0.098980,0.995084,0.000032,0.006612,-0.198286,0.110018,-0.000047,0.000000,0.000000,0.000000,-0.000001
2025-10-26T01:40:17.030384,42.002,-0.768639,-0.697211,0.007844,0.000341,0.003289,-0.098980,0.995084,0.000027,0.006614,-0.198285,0.110036,-0.000041,0.000000,0.000000,0.000000,-0.000001
2025-10-26T01:40:17.130838,42.102,-0.761303,-0.698685,0.007819,0.000335,0.003291,-0.098980,0.995084,0.000015,0.006616,-0.198285,0.110009,-0.000047,0.000000,0.000000,0.000000,-0.000001
2025-10-26T01:40:17.230754,42.202,-0.750299,-0.700896,0.007826,0.000334,0.003294,-0.098979,0.995084,0.000013,0.006622,-0.198284,0.110017,-0.000043,0.000000,0.000000,0.000000,-0.000002
2025-10-26T01:40:17.330441,42.302,-0.742963,-0.702370,0.007825,0.000339,0.003293,-0.098979,0.995084,0.000023,0.006620,-0.198284,0.110014,-0.000046,0.000000,0.000000,0.000000,-0.000001
2025-10-26T01:40:17.430274,42.402,-0.731959,-0.704581,0.007844,0.000336,0.003289,-0.098979,0.995084,0.000018,0.006612,-0.198284,0.110031,-0.000049,0.000000,0.000000,0.000000,-0.000002
2025-10-26T01:40:17.529854,42.501,-0.720955,-0.706792,0.007828,0.000340,0.003284,-0.098979,0.995084,0.000027,0.006604,-0.198283,0.110016,-0.000045,0.000000,0.000000,0.000000,-0.000002
2025-10-26T01:40:17.630433,42.602,-0.713619,-0.708266,0.007828,0.000343,0.003291,-0.098979,0.995084,0.000031,0.006617,-0.198283,0.110017,-0.000047,0.000000,0.000000,0.000000,-0.000001
2025-10-26T01:40:17.730302,42.702,-0.702615,-0.710477,0.007843,0.000333,0.003293,-0.098978,0.995084,0.000010,0.006619,-0.198282,0.110035,-0.000041,0.000000,0.000000,0.000000,-0.000001
2025-10-26T01:40:17.830238,42.801,-0.695279,-0.711951,0.007819,0.000332,0.003292,-0.098978,0.995084,0.000010,0.006617,-0.198282,0.110008,-0.000050,0.000000,0.000000,0.000000,-0.000001
2025-10-26T01:40:17.930199,42.901,-0.684276,-0.714162,0.007835,0.000344,0.003288,-0.098978,0.995084,0.000035,0.006611,-0.198282,0.110020,-0.000046,0.000000,0.000000,0.000000,-0.000001
2025-10-26T01:40:18.030534,43.002,-0.673272,-0.716373,0.007833,0.000333,0.003286,-0.098978,0.995084,0.000012,0.006606,-0.198281,0.110023,-0.000042,0.000000,0.000000,0.000000,-0.000001
2025-10-26T01:40:18.130247,43.102,-0.665936,-0.717847,0.007827,0.000331,0.003293,-0.098978,0.995084,0.000006,0.006619,-0.198281,0.110018,-0.000049,0.000000,0.000000,0.000000,-0.000001
2025-10-26T01:40:18.230409,43.202,-0.654932,-0.720058,0.007838,0.000347,0.003290,-0.098977,0.995084,0.000040,0.006616,-0.198280,0.110023,-0.000047,0.000000,0.000000,0.000000,-0.000000
2025-10-26T01:40:18.330373,43.302,-0.643928,-0.722269,0.007841,0.000331,0.003286,-0.098977,0.995084,0.000009,0.006604,-0.198280,0.110032,-0.000039,0.000000,0.000000,0.000000,-0.000001
2025-10-26T01:40:18.430255,43.402,-0.636592,-0.723742,0.007839,0.000329,0.003286,-0.098977,0.995084,0.000004,0.006605,-0.198280,0.110031,-0.000046,0.000000,0.000000,0.000000,-0.000002
2025-10-26T01:40:18.531389,43.502,-0.625588,-0.725954,0.007821,0.000350,0.003290,-0.098977,0.995084,0.000046,0.006616,-0.198279,0.110010,-0.000050,0.000000,0.000000,0.000000,-0.000000
2025-10-26T01:40:18.630521,43.602,-0.618252,-0.727428,0.007836,0.000344,0.003290,-0.098977,0.995084,0.000033,0.006616,-0.198279,0.110021,-0.000044,0.000000,0.000000,0.000000,-0.000000
2025-10-26T01:40:18.730322,43.702,-0.607248,-0.729639,0.007834,0.000338,0.003286,-0.098976,0.995084,0.000022,0.006607,-0.198278,0.110026,-0.000045,0.000000,0.000000,0.000000,-0.000001
2025-10-26T01:40:18.830170,43.801,-0.599912,-0.731113,0.007824,0.000344,0.003288,-0.098976,0.995084,0.000034,0.006612,-0.198278,0.110014,-0.000049,0.000000,0.000000,0.000000,-0.000000
2025-10-26T01:40:18.930111,43.901,-0.588909,-0.733324,0.007845,0.000346,0.003290,-0.098976,0.995084,0.000037,0.006615,-0.198277,0.110034,-0.000043,0.000000,0.000000,0.000000,-0.000001
2025-10-26T01:40:19.030248,44.002,-0.581573,-0.734797,0.007816,0.000341,0.003286,-0.098976,0.995084,0.000028,0.006607,-0.198277,0.110003,-0.000045,0.000000,0.000000,0.000000,-0.000000
2025-10-26T01:40:19.130335,44.102,-0.570569,-0.737008,0.007845,0.000340,0.003293,-0.098975,0.995084,0.000025,0.006620,-0.198277,0.110034,-0.000044,0.000000,0.000000,0.000000,-0.000001
2025-10-26T01:40:19.230816,44.202,-0.559565,-0.739219,0.007828,0.000337,0.003294,-0.098975,0.995084,0.000018,0.006622,-0.198276,0.110016,-0.000047,0.000000,0.000000,0.000000,-0.000000
2025-10-26T01:40:19.330346,44.302,-0.552229,-0.740693,0.007840,0.000337,0.003295,-0.098975,0.995084,0.000018,0.006624,-0.198276,0.110031,-0.000044,0.000000,0.000000,0.000000,-0.000001
2025-10-26T01:40:19.430309,44.402,-0.541225,-0.742904,0.007819,0.000339,0.003287,-0.098975,0.995084,0.000023,0.006610,-0.198275,0.110007,-0.000049,0.000000,0.000000,0.000000,-0.000000
2025-10-26T01:40:19.530159,44.501,-0.533889,-0.744378,0.007842,0.000345,0.003288,-0.098975,0.995084,0.000037,0.006613,-0.198275,0.110027,-0.000049,0.000000,0.000000,0.000000,-0.000001
2025-10-26T01:40:19.630488,44.602,-0.522885,-0.746589,0.007831,0.000342,0.003289,-0.098974,0.995084,0.000029,0.006612,-0.198274,0.110021,-0.000039,0.000000,0.000000,0.000000,-0.000000
2025-10-26T01:40:19.731247,44.702,-0.511881,-0.748800,0.007834,0.000331,0.003293,-0.098974,0.995085,0.000006,0.006618,-0.198274,0.110022,-0.000049,0.000000,0.000000,0.000000,-0.000001
2025-10-26T01:40:19.830941,44.802,-0.504545,-0.750274,0.007843,0.000343,0.003291,-0.098974,0.995085,0.000031,0.006618,-0.198273,0.110032,-0.000047,0.000000,0.000000,0.000000,-0.000001
2025-10-26T01:40:19.929894,44.901,-0.493541,-0.752485,0.007835,0.000349,0.003290,-0.098974,0.995085,0.000043,0.006616,-0.198273,0.110020,-0.000047,0.000000,0.000000,0.000000,0.000000
2025-10-26T01:40:20.030359,45.002,-0.486205,-0.753959,0.007845,0.000340,0.003292,-0.098973,0.995085,0.000026,0.006619,-0.198272,0.110032,-0.000043,0.000000,0.000000,0.000000,-0.000000
2025-10-26T01:40:20.131826,45.103,-0.475201,-0.756169,0.007823,0.000332,0.003292,-0.098973,0.995085,0.000009,0.006618,-0.198272,0.110013,-0.000046,0.000000,0.000000,0.000000,0.000000
2025-10-26T01:40:20.230903,45.202,-0.467865,-0.757643,0.007845,0.000330,0.003295,-0.098973,0.995085,0.000006,0.006623,-0.198272,0.110034,-0.000045,0.000000,0.000000,0.000000,-0.000001
2025-10-26T01:40:20.330836,45.302,-0.456862,-0.759854,0.007828,0.000332,0.003295,-0.098973,0.995085,0.000009,0.006622,-0.198271,0.110016,-0.000048,0.000000,0.000000,0.000000,0.000000
2025-10-26T01:40:20.430530,45.402,-0.449526,-0.761328,0.007845,0.000335,0.003295,-0.098973,0.995085,0.000015,0.006625,-0.198271,0.110035,-0.000045,0.000000,0.000000,0.000000,-0.000001
2025-10-26T01:40:20.530403,45.502,-0.438522,-0.763539,0.007819,0.000338,0.003289,-0.098972,0.995085,0.000023,0.006612,-0.198270,0.110007,-0.000050,0.000000,0.000000,0.000000,0.000000
2025-10-26T01:40:20.631203,45.602,-0.431186,-0.765013,0.007845,0.000343,0.003288,-0.098972,0.995085,0.000032,0.006612,-0.198270,0.110030,-0.000047,0.000000,0.000000,0.000000,-0.000000
2025-10-26T01:40:20.731280,45.702,-0.423850,-0.766487,0.007840,0.000343,0.003288,-0.098972,0.995085,0.000033,0.006611,-0.198269,0.110034,-0.000041,0.000000,0.000000,0.000000,-0.000000
2025-10-26T01:40:20.830574,45.802,-0.412846,-0.768698,0.007839,0.000338,0.003293,-0.098972,0.995085,0.000021,0.006621,-0.198269,0.110025,-0.000046,0.000000,0.000000,0.000000,-0.000000
2025-10-26T01:40:20.930502,45.902,-0.405510,-0.770172,0.007835,0.000338,0.003293,-0.098971,0.995085,0.000020,0.006620,-0.198268,0.110028,-0.000042,0.000000,0.000000,0.000000,-0.000001
2025-10-26T01:40:21.030317,46.002,-0.394506,-0.772382,0.007826,0.000336,0.003288,-0.098971,0.995085,0.000017,0.006610,-0.198268,0.110014,-0.000046,0.000000,0.000000,0.000000,0.000000
2025-10-26T01:40:21.130672,46.102,-0.387170,-0.773856,0.007850,0.000333,0.003290,-0.098971,0.995085,0.000011,0.006614,-0.198268,0.110034,-0.000047,0.000000,0.000000,0.000000,-0.000001
2025-10-26T01:40:21.231435,46.202,-0.376166,-0.776067,0.007818,0.000346,0.003290,-0.098971,0.995085,0.000037,0.006615,-0.198267,0.110006,-0.000045,0.000000,0.000000,0.000000,0.000000
2025-10-26T01:40:21.330376,46.302,-0.368830,-0.777541,0.007819,0.000336,0.003292,-0.098970,0.995085,0.000017,0.006618,-0.198267,0.110008,-0.000043,0.000000,0.000000,0.000000,0.000001
2025-10-26T01:40:21.430733,46.402,-0.357826,-0.779752,0.007840,0.000330,0.003292,-0.098970,0.995085,0.000004,0.006617,-0.198266,0.110031,-0.000049,0.000000,0.000000,0.000000,-0.000001
2025-10-26T01:40:21.530840,46.502,-0.350491,-0.781226,0.007844,0.000341,0.003285,-0.098970,0.995085,0.000028,0.006606,-0.198266,0.110034,-0.000047,0.000000,0.000000,0.000000,-0.000000
2025-10-26T01:40:21.631364,46.602,-0.339486,-0.783436,0.007822,0.000338,0.003290,-0.098970,0.995085,0.000022,0.006615,-0.198265,0.110013,-0.000046,0.000000,0.000000,0.000000,0.000001
2025-10-26T01:40:21.730496,46.702,-0.332150,-0.784910,0.007838,0.000341,0.003294,-0.098970,0.995085,0.000027,0.006624,-0.198265,0.110026,-0.000046,0.000000,0.000000,0.000000,0.000000
2025-10-26T01:40:21.830690,46.802,-0.321147,-0.787121,0.007838,0.000338,0.003288,-0.098969,0.995085,0.000022,0.006611,-0.198264,0.110030,-0.000044,0.000000,0.000000,0.000000,-0.000000
2025-10-26T01:40:21.931142,46.902,-0.310143,-0.789332,0.007834,0.000344,0.003290,-0.098969,0.995085,0.000033,0.006616,-0.198263,0.110021,-0.000048,0.000000,0.000000,0.000000,0.000000
2025-10-26T01:40:22.030368,47.001,-0.302807,-0.790806,0.007840,0.000342,0.003292,-0.098969,0.995085,0.000030,0.006619,-0.198263,0.110032,-0.000043,0.000000,0.000000,0.000000,0.000000
2025-10-26T01:40:22.131660,47.103,-0.291803,-0.793016,0.007817,0.000332,0.003289,-0.098968,0.995085,0.000010,0.006611,-0.198262,0.110005,-0.000044,0.000000,0.000000,0.000000,0.000000
2025-10-26T01:40:22.230382,47.202,-0.284467,-0.794490,0.007841,0.000333,0.003295,-0.098968,0.995085,0.000010,0.006623,-0.198262,0.110027,-0.000047,0.000000,0.000000,0.000000,0.000000
2025-10-26T01:40:22.330652,47.302,-0.277131,-0.795964,0.007828,0.000335,0.003292,-0.098968,0.995085,0.000014,0.006619,-0.198262,0.110018,-0.000042,0.000000,0.000000,0.000000,-0.000000
2025-10-26T01:40:22.432213,47.403,-0.266127,-0.798175,0.007830,0.000337,0.003290,-0.098968,0.995085,0.000019,0.006615,-0.198261,0.110016,-0.000046,0.000000,0.000000,0.000000,0.000001
2025-10-26T01:40:22.530163,47.501,-0.258791,-0.799649,0.007843,0.000335,0.003288,-0.098968,0.995085,0.000015,0.006610,-0.198261,0.110028,-0.000042,0.000000,0.000000,0.000000,0.000001
2025-10-26T01:40:22.630401,47.602,-0.247787,-0.801860,0.007837,0.000338,0.003287,-0.098967,0.995085,0.000021,0.006610,-0.198260,0.110029,-0.000045,0.000000,0.000000,0.000000,-0.000000
2025-10-26T01:40:22.730178,47.702,-0.240451,-0.803334,0.007821,0.000345,0.003290,-0.098967,0.995085,0.000035,0.006617,-0.198259,0.110011,-0.000048,0.000000,0.000000,0.000000,0.000001
2025-10-26T01:40:22.829919,47.801,-0.229447,-0.805544,0.007840,0.000330,0.003293,-0.098967,0.995085,0.000006,0.006618,-0.198259,0.110027,-0.000045,0.000000,0.000000,0.000000,0.000000
2025-10-26T01:40:22.930351,47.902,-0.222111,-0.807018,0.007834,0.000334,0.003290,-0.098966,0.995085,0.000014,0.006615,-0.198259,0.110026,-0.000047,0.000000,0.000000,0.000000,-0.000001
2025-10-26T01:40:23.030823,48.002,-0.211107,-0.809229,0.007817,0.000345,0.003283,-0.098966,0.995085,0.000037,0.006603,-0.198258,0.110003,-0.000047,0.000000,0.000000,0.000000,0.000001
2025-10-26T01:40:23.130207,48.102,-0.203771,-0.810702,0.007839,0.000337,0.003290,-0.098966,0.995085,0.000020,0.006614,-0.198257,0.110024,-0.000043,0.000000,0.000000,0.000000,0.000001
2025-10-26T01:40:23.230074,48.201,-0.192767,-0.812913,0.007831,0.000334,0.003291,-0.098966,0.995085,0.000013,0.006615,-0.198257,0.110023,-0.000047,0.000000,0.000000,0.000000,-0.000000
2025-10-26T01:40:23.330266,48.302,-0.185431,-0.814387,0.007830,0.000343,0.003292,-0.098965,0.995085,0.000032,0.006619,-0.198256,0.110017,-0.000049,0.000000,0.000000,0.000000,0.000001
2025-10-26T01:40:23.430378,48.402,-0.174430,-0.816593,0.007845,0.000339,0.003289,-0.098121,0.995169,0.000030,0.006612,-0.196559,0.109961,-0.000087,0.000000,0.000000,0.000000,0.039684
2025-10-26T01:40:23.530124,48.501,-0.167097,-0.818039,0.007822,0.000323,0.003287,-0.095761,0.995399,0.000013,0.006605,-0.191816,0.109853,-0.000005,0.000000,0.000000,0.000000,0.087358
2025-10-26T01:40:23.630462,48.602,-0.156087,-0.820128,0.007826,0.000311,0.003292,-0.090944,0.995851,0.000020,0.006613,-0.182140,0.109835,-0.000097,0.000000,0.000000,0.000000,0.098199
2025-10-26T01:40:23.730447,48.702,-0.148737,-0.821460,0.007845,0.000307,0.003297,-0.087601,0.996150,0.000033,0.006623,-0.175427,0.109853,-0.000094,0.000000,0.000000,0.000000,0.099022
2025-10-26T01:40:23.830124,48.801,-0.137699,-0.823350,0.007819,0.000278,0.003296,-0.080720,0.996731,0.000022,0.006615,-0.161617,0.109683,-0.000119,0.000000,0.000000,0.000000,0.171873
2025-10-26T01:40:23.930303,48.902,-0.130331,-0.824509,0.007837,0.000250,0.003297,-0.074430,0.997221,0.000008,0.006613,-0.148998,0.109662,-0.000148,0.000000,0.000000,0.000000,0.193332
2025-10-26T01:40:24.030718,49.002,-0.122950,-0.825572,0.007841,0.000233,0.003299,-0.067518,0.997713,0.000020,0.006614,-0.135140,0.109613,-0.000164,0.000000,0.000000,0.000000,0.224875
2025-10-26T01:40:24.130430,49.102,-0.118613,-0.825954,0.008356,-0.002573,-0.001365,-0.062880,0.998017,-0.004965,-0.003048,-0.125837,0.040145,-0.020703,0.000000,0.000000,0.000000,-0.069691
2025-10-26T01:40:24.230465,49.202,-0.116789,-0.825348,0.009497,-0.007362,-0.007457,-0.069337,0.997538,-0.013656,-0.015900,-0.138684,0.031506,0.025060,0.000000,0.000000,0.000000,-0.276089
2025-10-26T01:40:24.332414,49.304,-0.114373,-0.824862,0.011639,-0.015932,-0.013048,-0.080933,0.996507,-0.029657,-0.028588,-0.161654,0.029907,0.022774,0.000000,0.000000,0.000000,-0.270452
2025-10-26T01:40:24.430263,49.402,-0.112866,-0.824704,0.013327,-0.023611,-0.014748,-0.088681,0.995671,-0.044441,-0.033563,-0.176918,0.039042,0.025971,0.000000,0.000000,0.000000,-0.341647
2025-10-26T01:40:24.532701,49.504,-0.110505,-0.824829,0.016735,-0.039455,-0.015461,-0.102493,0.993831,-0.075382,-0.038830,-0.204068,0.010536,0.008604,0.000000,0.000000,0.000000,-0.133888
2025-10-26T01:40:24.630253,49.602,-0.108169,-0.824812,0.019711,-0.052553,-0.014850,-0.112616,0.992137,-0.101194,-0.041314,-0.223957,0.039689,0.020696,0.000000,0.000000,0.000000,-0.353342
2025-10-26T01:40:24.730717,49.702,-0.105929,-0.825091,0.023693,-0.067814,-0.013788,-0.122762,0.990021,-0.131393,-0.043965,-0.243846,0.031690,0.013843,0.000000,0.000000,0.000000,-0.291004
2025-10-26T01:40:24.830358,49.802,-0.102732,-0.825318,0.029994,-0.090921,-0.012522,-0.133773,0.986753,-0.177221,-0.049058,-0.265135,0.034130,0.007894,0.000000,0.000000,0.000000,-0.222920
2025-10-26T01:40:24.930750,49.902,-0.098857,-0.825351,0.034099,-0.105186,-0.011714,-0.144269,0.983862,-0.205327,-0.053426,-0.285690,0.031220,0.007388,0.000000,0.000000,0.000000,-0.229328
2025-10-26T01:40:25.030540,50.002,-0.096521,-0.825479,0.037365,-0.112655,-0.012996,-0.152191,0.981824,-0.219405,-0.059846,-0.300975,0.034184,0.007959,0.000000,0.000000,0.000000,-0.240987
2025-10-26T01:40:25.130397,50.102,-0.093192,-0.825892,0.041335,-0.122152,-0.014694,-0.164974,0.978594,-0.236999,-0.069119,-0.325793,0.039318,-0.017827,0.000000,0.000000,0.000000,-0.343357
2025-10-26T01:40:25.229960,50.201,-0.091542,-0.826522,0.043095,-0.126583,-0.014293,-0.175108,0.976273,-0.245238,-0.072301,-0.346039,0.020043,-0.003387,0.000000,0.000000,0.000000,-0.264513
2025-10-26T01:40:25.330481,50.302,-0.087980,-0.826716,0.044067,-0.130686,-0.011289,-0.189753,0.973030,-0.253384,-0.071627,-0.376064,0.051241,0.010229,0.000000,0.000000,0.000000,-0.374708
2025-10-26T01:40:25.431586,50.403,-0.085208,-0.827763,0.045946,-0.138036,-0.007445,-0.204805,0.968992,-0.268339,-0.071030,-0.406994,0.034951,0.019808,0.000000,0.000000,0.000000,-0.278857
2025-10-26T01:40:25.530464,50.502,-0.082013,-0.828236,0.047356,-0.143593,-0.005018,-0.217216,0.965491,-0.279435,-0.072134,-0.432442,0.047621,0.019113,0.000000,0.000000,0.000000,-0.403262
2025-10-26T01:40:25.630328,50.602,-0.077913,-0.829553,0.049780,-0.152328,-0.000265,-0.235853,0.959776,-0.297411,-0.072426,-0.471071,0.056354,0.016501,0.000000,0.000000,0.000000,-0.424353
2025-10-26T01:40:25.730252,50.702,-0.075387,-0.830510,0.050888,-0.156647,0.003783,-0.248222,0.955946,-0.306919,-0.070593,-0.497177,0.046323,0.021393,0.000000,0.000000,0.000000,-0.401440
2025-10-26T01:40:25.830896,50.802,-0.071413,-0.831556,0.051983,-0.159721,0.011194,-0.266157,0.950539,-0.315437,-0.063785,-0.535881,0.047575,0.008132,0.000000,0.000000,0.000000,-0.420515
2025-10-26T01:40:25.930526,50.902,-0.068941,-0.832997,0.053610,-0.168063,0.014605,-0.279395,0.945241,-0.332703,-0.066351,-0.563650,0.055151,0.040041,0.000000,0.000000,0.000000,-0.410163
2025-10-26T01:40:26.031139,51.002,-0.064947,-0.834840,0.054430,-0.173679,0.021393,-0.296885,0.938742,-0.346339,-0.063002,-0.601586,0.033965,-0.015332,0.000000,0.000000,0.000000,-0.344489
2025-10-26T01:40:26.130984,51.102,-0.061910,-0.836097,0.057214,-0.176687,0.025635,-0.309517,0.933983,-0.353912,-0.061529,-0.629004,0.050841,-0.000325,0.000000,0.000000,0.000000,-0.438132
2025-10-26T01:40:26.230492,51.202,-0.057211,-0.838952,0.057663,-0.184225,0.030066,-0.331172,0.924923,-0.369877,-0.066452,-0.675226,0.063097,0.008074,0.000000,0.000000,0.000000,-0.499141
2025-10-26T01:40:26.330916,51.302,-0.054320,-0.840944,0.058825,-0.186707,0.033551,-0.345454,0.919063,-0.376002,-0.067377,-0.706254,0.051220,0.024328,0.000000,0.000000,0.000000,-0.475879
2025-10-26T01:40:26.430365,51.402,-0.050284,-0.844079,0.060896,-0.188387,0.039341,-0.366558,0.910273,-0.381846,-0.066538,-0.752782,0.065815,0.003100,0.000000,0.000000,0.000000,-0.517467
2025-10-26T01:40:26.530384,51.502,-0.046152,-0.847916,0.061451,-0.193050,0.044762,-0.389549,0.899433,-0.393129,-0.069941,-0.803498,0.020271,-0.028627,0.000000,0.000000,0.000000,-0.469582
2025-10-26T01:40:26.631173,51.602,-0.043088,-0.850777,0.062724,-0.195041,0.048822,-0.405119,0.891882,-0.398942,-0.071003,-0.838370,0.072006,0.022024,0.000000,0.000000,0.000000,-0.516364
2025-10-26T01:40:26.730328,51.702,-0.039917,-0.855056,0.061436,-0.191233,0.056445,-0.426225,0.882370,-0.396693,-0.063449,-0.887227,0.077895,0.003917,0.000000,0.000000,0.000000,-0.445558
2025-10-26T01:40:26.831405,51.802,-0.037760,-0.858117,0.060582,-0.186981,0.061165,-0.440744,0.875809,-0.392037,-0.057716,-0.921012,0.059057,-0.006970,0.000000,0.000000,0.000000,-0.544304
2025-10-26T01:40:26.930283,51.901,-0.034971,-0.863399,0.057956,-0.181462,0.064082,-0.465892,0.863661,-0.383094,-0.058427,-0.978063,0.056494,-0.018080,0.000000,0.000000,0.000000,-0.566172
2025-10-26T01:40:27.030401,52.002,-0.033770,-0.866982,0.057687,-0.175303,0.063340,-0.483392,0.855330,-0.370194,-0.061165,-1.017349,0.065383,-0.018778,0.000000,0.000000,0.000000,-0.553688
2025-10-26T01:40:27.130725,52.102,-0.032290,-0.871993,0.056145,-0.164711,0.059624,-0.510571,0.841803,-0.345825,-0.067863,-1.078543,0.049603,-0.029868,0.000000,0.000000,0.000000,-0.628353
2025-10-26T01:40:27.230168,52.201,-0.033150,-0.874706,0.055140,-0.160018,0.055964,-0.530286,0.830698,-0.332247,-0.076808,-1.123415,0.008534,-0.031070,0.000000,0.000000,0.000000,-0.606798
2025-10-26T01:40:27.330970,52.302,-0.031954,-0.878907,0.052153,-0.144496,0.052072,-0.555900,0.816936,-0.299273,-0.075643,-1.183585,0.029122,0.030816,0.000000,0.000000,0.000000,-0.573522
2025-10-26T01:40:27.430387,52.402,-0.032426,-0.881140,0.051521,-0.137493,0.048773,-0.574708,0.805250,-0.282101,-0.079572,-1.228420,0.028396,0.051556,0.000000,0.000000,0.000000,-0.691707
2025-10-26T01:40:27.530610,52.502,-0.039976,-0.879370,0.049343,-0.132303,0.042487,-0.605885,0.783323,-0.262920,-0.093896,-1.304296,-0.094565,-0.151300,0.000000,0.000000,0.000000,-0.720596
2025-10-26T01:40:27.630296,52.602,-0.053578,-0.881505,0.043099,-0.114436,0.039991,-0.636443,0.761739,-0.228029,-0.084840,-1.382326,0.149299,0.009240,0.000000,0.000000,0.000000,-0.738626
2025-10-26T01:40:27.730636,52.702,-0.053056,-0.886876,0.037537,-0.095227,0.038523,-0.655269,0.748379,-0.194681,-0.067189,-1.431758,-0.028810,0.049746,0.000000,0.000000,0.000000,-0.673379
2025-10-26T01:40:27.830229,52.801,-0.050781,-0.884217,0.030821,-0.069104,0.031366,-0.684180,0.725354,-0.143838,-0.049076,-1.508855,-0.029782,0.053596,0.000000,0.000000,0.000000,-0.772681
2025-10-26T01:40:27.930295,52.902,-0.047101,-0.881752,0.025607,-0.054565,0.022476,-0.704829,0.706918,-0.109158,-0.045156,-1.565369,-0.039240,0.058316,0.000000,0.000000,0.000000,-0.838654
2025-10-26T01:40:28.030441,53.002,-0.043107,-0.878836,0.020089,-0.041835,0.010194,-0.726264,0.686066,-0.072353,-0.046795,-1.626011,-0.058818,0.060820,0.000000,0.000000,0.000000,-0.884220
2025-10-26T01:40:28.131044,53.102,-0.039463,-0.873299,0.013497,-0.021646,-0.011112,-0.757731,0.652113,-0.011405,-0.047314,-1.720077,-0.065232,0.010204,0.000000,0.000000,0.000000,-0.892998
2025-10-26T01:40:28.230754,53.202,-0.037816,-0.869834,0.012255,-0.004651,-0.022528,-0.773145,0.633812,0.028963,-0.035756,-1.768733,-0.002729,-0.002388,0.000000,0.000000,0.000000,0.094804
2025-10-26T01:40:28.330188,53.301,-0.040419,-0.876222,0.017581,0.014333,-0.038240,-0.742710,0.668367,0.076068,-0.029831,-1.677205,0.074364,-0.010986,0.000000,0.000000,0.000000,1.169534
2025-10-26T01:40:28.430463,53.402,-0.041552,-0.880792,0.020970,0.024749,-0.048573,-0.713692,0.698335,0.104142,-0.032521,-1.594241,0.079426,-0.001090,0.000000,0.000000,0.000000,1.371529
2025-10-26T01:40:28.530316,53.502,-0.042707,-0.885573,0.027362,0.037108,-0.068128,-0.657682,0.749290,0.145947,-0.053309,-1.444658,0.024420,-0.033536,0.000000,0.000000,0.000000,1.551271
2025-10-26T01:40:28.630345,53.602,-0.042607,-0.885743,0.032505,0.043472,-0.079480,-0.618064,0.780890,0.167335,-0.070451,-1.344967,-0.001662,-0.009003,0.000000,0.000000,0.000000,1.387146
2025-10-26T01:40:28.730336,53.702,-0.045573,-0.883936,0.035545,0.052814,-0.083272,-0.566217,0.818336,0.182277,-0.076556,-1.217555,-0.049391,-0.080727,0.000000,0.000000,0.000000,1.175977
2025-10-26T01:40:28.830622,53.802,-0.048211,-0.881355,0.036203,0.057738,-0.082469,-0.533236,0.839955,0.186577,-0.077041,-1.138498,-0.066383,-0.017577,0.000000,0.000000,0.000000,1.126437
2025-10-26T01:40:28.930735,53.902,-0.050552,-0.874796,0.036566,0.061700,-0.080038,-0.486857,0.867616,0.186656,-0.078887,-1.030105,-0.088995,0.007688,0.000000,0.000000,0.000000,0.978593
2025-10-26T01:40:29.030058,54.001,-0.054215,-0.867732,0.035253,0.059947,-0.074970,-0.446665,0.889537,0.175072,-0.079909,-0.937720,-0.088055,0.024536,0.000000,0.000000,0.000000,0.801300
2025-10-26T01:40:29.130313,54.102,-0.056997,-0.863179,0.033253,0.054919,-0.070141,-0.423607,0.901455,0.159625,-0.080015,-0.884986,-0.076869,0.085495,0.000000,0.000000,0.000000,0.692750
2025-10-26T01:40:29.230676,54.202,-0.062653,-0.858209,0.028167,0.040934,-0.060037,-0.394003,0.916232,0.123002,-0.077837,-0.817034,-0.049179,-0.050398,0.000000,0.000000,0.000000,0.647841
2025-10-26T01:40:29.330480,54.302,-0.068651,-0.856271,0.023621,0.026795,-0.052650,-0.373165,0.925882,0.089300,-0.077575,-0.769711,-0.093983,-0.044110,0.000000,0.000000,0.000000,0.662256
2025-10-26T01:40:29.430532,54.402,-0.075320,-0.854312,0.018723,0.010250,-0.042737,-0.351727,0.935070,0.049383,-0.072777,-0.721356,-0.098699,-0.044334,0.000000,0.000000,0.000000,0.668710
2025-10-26T01:40:29.530517,54.502,-0.084081,-0.850676,0.012824,-0.013400,-0.018772,-0.319290,0.947376,-0.013416,-0.044140,-0.649843,-0.091546,-0.023677,0.000000,0.000000,0.000000,0.663455
2025-10-26T01:40:29.630714,54.602,-0.082913,-0.850706,0.013489,-0.026113,-0.000908,-0.321479,0.946556,-0.048878,-0.018510,-0.654362,0.087135,0.013746,0.000000,0.000000,0.000000,-0.590937
2025-10-26T01:40:29.731024,54.702,-0.078548,-0.853731,0.017189,-0.037575,0.014131,-0.341388,0.939065,-0.080305,0.000884,-0.697409,0.081321,0.011550,0.000000,0.000000,0.000000,-0.657701
2025-10-26T01:40:29.830666,54.802,-0.072251,-0.857772,0.022096,-0.052178,0.031624,-0.374527,0.925206,-0.120554,0.019435,-0.770455,0.072838,0.011847,0.000000,0.000000,0.000000,-0.730241
2025-10-26T01:40:29.930571,54.902,-0.068253,-0.860848,0.024175,-0.057807,0.039933,-0.396867,0.915183,-0.137993,0.027212,-0.820225,0.072125,0.009209,0.000000,0.000000,0.000000,-0.724438
2025-10-26T01:40:30.030073,55.001,-0.062943,-0.865853,0.026266,-0.061047,0.047469,-0.430169,0.899430,-0.151312,0.032874,-0.894716,0.069124,0.005401,0.000000,0.000000,0.000000,-0.728799
2025-10-26T01:40:30.130459,55.102,-0.059943,-0.869376,0.026237,-0.060181,0.049132,-0.452345,0.888453,-0.152053,0.032862,-0.944366,0.066179,-0.004961,0.000000,0.000000,0.000000,-0.729268
2025-10-26T01:40:30.232408,55.204,-0.056606,-0.874789,0.024513,-0.053391,0.046357,-0.485617,0.871307,-0.138565,0.028931,-1.018934,0.058911,-0.008379,0.000000,0.000000,0.000000,-0.744071
2025-10-26T01:40:30.330197,55.302,-0.054991,-0.878348,0.022250,-0.046192,0.040839,-0.508086,0.859096,-0.121196,0.023233,-1.069583,0.054582,-0.009666,0.000000,0.000000,0.000000,-0.759484
2025-10-26T01:40:30.430419,55.402,-0.053807,-0.881763,0.019124,-0.037429,0.032281,-0.530819,0.846043,-0.097771,0.014887,-1.121395,0.049804,-0.010043,0.000000,0.000000,0.000000,-0.777997
2025-10-26T01:40:30.531329,55.502,-0.052988,-0.884945,0.015233,-0.027615,0.020598,-0.553798,0.831938,-0.068818,0.003686,-1.174754,0.044688,-0.009401,0.000000,0.000000,0.000000,-0.799618
2025-10-26T01:40:30.631419,55.602,-0.052762,-0.887606,0.011859,-0.015210,-0.002149,-0.590518,0.806878,-0.022015,-0.021433,-1.263338,0.014373,0.003379,0.000000,0.000000,0.000000,-0.922416
2025-10-26T01:40:30.730702,55.702,-0.049110,-0.886871,0.011582,-0.007709,-0.017222,-0.615907,0.787593,0.009078,-0.036633,-1.327519,-0.003343,0.063382,0.000000,0.000000,0.000000,-0.930704
2025-10-26T01:40:30.830487,55.802,-0.050290,-0.887597,0.014990,0.001009,-0.035997,-0.609530,0.791945,0.045568,-0.055814,-1.313206,-0.013037,-0.063441,0.000000,0.000000,0.000000,1.020036
2025-10-26T01:40:30.930423,55.902,-0.050765,-0.886092,0.019619,0.005831,-0.047280,-0.577477,0.815016,0.064314,-0.070391,-1.235144,-0.076058,0.031876,0.000000,0.000000,0.000000,1.166996
2025-10-26T01:40:31.030707,56.002,-0.054230,-0.884575,0.022843,0.011291,-0.054385,-0.543799,0.837376,0.078382,-0.078883,-1.155013,-0.106938,0.060558,0.000000,0.000000,0.000000,1.174521
2025-10-26T01:40:31.130473,56.102,-0.044319,-0.864298,0.023319,0.019945,-0.055275,-0.494493,0.867193,0.089640,-0.076217,-1.039893,0.020536,0.081523,0.000000,0.000000,0.000000,1.156817
2025-10-26T01:40:31.230330,56.201,-0.050410,-0.863971,0.023006,0.024455,-0.047015,-0.443486,0.894713,0.085734,-0.062479,-0.923043,-0.041025,-0.058210,0.000000,0.000000,0.000000,1.184532
2025-10-26T01:40:31.330482,56.302,-0.060381,-0.860648,0.021620,0.022631,-0.042065,-0.406934,0.912208,0.075725,-0.058358,-0.841419,-0.144632,-0.082559,0.000000,0.000000,0.000000,1.211150
2025-10-26T01:40:31.430452,56.402,-0.077458,-0.855828,0.017447,0.012989,-0.034183,-0.349004,0.936407,0.048279,-0.054979,-0.714843,-0.170079,-0.085017,0.000000,0.000000,0.000000,1.235232
2025-10-26T01:40:31.530687,56.502,-0.089593,-0.852995,0.013861,0.003151,-0.026589,-0.309163,0.950632,0.022460,-0.048624,-0.629406,-0.169697,-0.070892,0.000000,0.000000,0.000000,1.235710
2025-10-26T01:40:31.630742,56.602,-0.103112,-0.849779,0.010393,-0.009736,-0.007484,-0.260334,0.965441,-0.014905,-0.019522,-0.526631,-0.004849,0.005087,0.000000,0.000000,0.000000,-0.048751
2025-10-26T01:40:31.730464,56.702,-0.099597,-0.850908,0.012010,-0.017683,0.002668,-0.274424,0.961442,-0.035475,-0.004576,-0.555992,0.063880,0.003327,0.000000,0.000000,0.000000,-0.548757
2025-10-26T01:40:31.830753,56.802,-0.097615,-0.851932,0.012201,-0.024009,0.010937,-0.291890,0.956088,-0.052319,0.006898,-0.592799,0.022246,0.001714,0.000000,0.000000,0.000000,-0.537856
2025-10-26T01:40:31.930994,56.902,-0.095636,-0.853107,0.012753,-0.024894,0.019325,-0.317686,0.947672,-0.059509,0.020811,-0.647528,0.022491,-0.002744,0.000000,0.000000,0.000000,-0.533814
2025-10-26T01:40:32.030856,57.002,-0.093798,-0.854798,0.010742,-0.015901,0.022741,-0.342990,0.938929,-0.045498,0.031802,-0.701200,0.026533,-0.003020,0.000000,0.000000,0.000000,-0.523389
2025-10-26T01:40:32.130528,57.102,-0.092604,-0.856166,0.007707,-0.004495,0.022132,-0.359284,0.932955,-0.024311,0.038075,-0.735659,0.024318,-0.005027,0.000000,0.000000,0.000000,-0.513329
2025-10-26T01:40:32.231053,57.202,-0.087606,-0.861977,0.008570,0.007475,0.009754,-0.343606,0.939033,0.007338,0.023458,-0.701478,0.088647,0.008754,0.000000,0.000000,0.000000,0.749781
2025-10-26T01:40:32.330733,57.302,-0.090393,-0.860574,0.011583,0.004214,-0.030627,-0.323787,0.945625,0.027849,-0.055222,-0.660556,0.054567,0.013004,0.000000,0.000000,0.000000,0.512891
2025-10-26T01:40:32.430322,57.402,-0.092537,-0.850596,0.034656,0.002218,-0.082344,-0.301024,0.950052,0.054475,-0.155755,-0.617937,-0.084697,0.079236,0.000000,0.000000,0.000000,0.440417
2025-10-26T01:40:32.530351,57.502,-0.094435,-0.842673,0.045943,-0.000540,-0.109439,-0.285619,0.952074,0.062913,-0.210242,-0.589548,-0.090939,0.081332,0.000000,0.000000,0.000000,0.439167
2025-10-26T01:40:32.630454,57.602,-0.097480,-0.830441,0.057032,-0.008131,-0.138541,-0.262097,0.955011,0.059309,-0.272229,-0.543823,-0.085946,0.090007,0.000000,0.000000,0.000000,0.438496
2025-10-26T01:40:32.729853,57.701,-0.099822,-0.817940,0.061359,-0.020349,-0.154092,-0.238024,0.958742,0.036065,-0.310103,-0.492332,-0.074241,0.100264,0.000000,0.000000,0.000000,0.438400
2025-10-26T01:40:32.830839,57.802,-0.100924,-0.809541,0.060723,-0.030235,-0.157506,-0.221719,0.961831,0.012316,-0.321928,-0.455120,-0.068692,0.104052,0.000000,0.000000,0.000000,0.438376
2025-10-26T01:40:32.930426,57.902,-0.100393,-0.798159,0.061530,-0.042538,-0.153425,-0.197825,0.967221,-0.022733,-0.319004,-0.399837,0.042176,0.095357,0.000000,0.000000,0.000000,0.415252
2025-10-26T01:40:33.030520,58.002,-0.093986,-0.794047,0.060599,-0.046624,-0.145335,-0.183135,0.971167,-0.039131,-0.304028,-0.366771,0.072252,0.087389,0.000000,0.000000,0.000000,0.411357
2025-10-26T01:40:33.130322,58.102,-0.083678,-0.788790,0.053862,-0.044589,-0.124888,-0.162077,0.977827,-0.048382,-0.261667,-0.322150,0.082630,0.077879,0.000000,0.000000,0.000000,0.411370
2025-10-26T01:40:33.230557,58.202,-0.073184,-0.784079,0.040757,-0.033307,-0.094043,-0.141792,0.984856,-0.039706,-0.195934,-0.282076,0.084876,0.071862,0.000000,0.000000,0.000000,0.411457
2025-10-26T01:40:33.330108,58.301,-0.066411,-0.780932,0.029411,-0.022327,-0.067323,-0.128363,0.989188,-0.027155,-0.139373,-0.256194,0.082951,0.070134,0.000000,0.000000,0.000000,0.411305
2025-10-26T01:40:33.430559,58.402,-0.056828,-0.776013,0.011200,-0.003866,-0.017261,-0.107947,0.993999,-0.003962,-0.035157,-0.216279,0.077538,0.067563,0.000000,0.000000,0.000000,0.411034
2025-10-26T01:40:33.530642,58.502,-0.043049,-0.778482,0.007815,0.007992,0.019794,-0.081645,0.996433,0.012706,0.040763,-0.163251,0.227281,-0.001712,0.000000,0.000000,0.000000,1.062037
2025-10-26T01:40:33.630315,58.602,-0.018634,-0.781896,0.011559,0.018125,0.073528,-0.024183,0.996835,0.032945,0.148006,-0.046067,0.263074,-0.010503,0.000000,0.000000,0.000000,1.134313
2025-10-26T01:40:33.730155,58.701,-0.010544,-0.783789,0.016363,0.018811,0.106484,0.012657,0.994056,0.041031,0.212829,0.029847,-0.123134,-0.070499,0.000000,0.000000,0.000000,1.040593
2025-10-26T01:40:33.830334,58.802,-0.022304,-0.791822,0.022505,0.011618,0.150550,0.064301,0.986441,0.044274,0.300003,0.136879,-0.120511,-0.066936,0.000000,0.000000,0.000000,1.043232
2025-10-26T01:40:33.930205,58.901,-0.029597,-0.797600,0.025240,0.001464,0.175863,0.097920,0.979531,0.039749,0.351430,0.206329,-0.119775,-0.063477,0.000000,0.000000,0.000000,1.039031
2025-10-26T01:40:34.031008,59.002,-0.042518,-0.803733,0.026888,-0.021346,0.205940,0.145268,0.967486,0.020265,0.416641,0.302358,-0.119588,-0.055824,0.000000,0.000000,0.000000,1.021061
2025-10-26T01:40:34.133124,59.104,-0.047134,-0.804560,0.029155,-0.050035,0.227289,0.188852,0.954029,-0.010791,0.469655,0.388269,0.140080,-0.052448,0.000000,0.000000,0.000000,0.955445
2025-10-26T01:40:34.230137,59.201,-0.037736,-0.803287,0.032246,-0.065083,0.238589,0.217753,0.944152,-0.021632,0.499369,0.447823,0.139717,-0.055589,0.000000,0.000000,0.000000,0.955138
2025-10-26T01:40:34.330690,59.302,-0.042814,-0.801682,0.031943,-0.068048,0.245189,0.239952,0.936843,-0.011297,0.514459,0.498505,-0.038177,0.041809,0.000000,0.000000,0.000000,0.247063
2025-10-26T01:40:34.430440,59.402,-0.044322,-0.800958,0.031449,-0.067061,0.247372,0.245075,0.935012,-0.004786,0.518367,0.511417,0.007883,-0.005482,0.000000,0.000000,0.000000,0.052299
2025-10-26T01:40:34.531010,59.502,-0.044493,-0.800447,0.031039,-0.064827,0.248430,0.245276,0.934837,0.000762,0.519313,0.513382,0.003231,0.003043,0.000000,0.000000,0.000000,-0.031420
2025-10-26T01:40:34.630103,59.601,-0.044877,-0.800448,0.030520,-0.063424,0.244557,0.244126,0.936254,0.000737,0.510830,0.510328,-0.000368,0.001797,0.000000,0.000000,0.000000,-0.028382
2025-10-26T01:40:34.731150,59.702,-0.045457,-0.800573,0.029323,-0.060804,0.235638,0.243423,0.938894,0.000615,0.491649,0.507515,-0.003689,0.001774,0.000000,0.000000,0.000000,-0.025465
2025-10-26T01:40:34.830621,59.802,-0.046028,-0.800758,0.028102,-0.058501,0.226805,0.243158,0.941282,0.000188,0.472850,0.505646,-0.005739,0.000660,0.000000,0.000000,0.000000,-0.023050
2025-10-26T01:40:34.930642,59.902,-0.046909,-0.801082,0.025732,-0.053742,0.209205,0.243155,0.945632,0.000109,0.435426,0.503389,-0.008174,0.001999,0.000000,0.000000,0.000000,-0.020410
2025-10-26T01:40:35.030134,60.001,-0.047666,-0.801403,0.023726,-0.049876,0.194440,0.243348,0.948940,-0.000028,0.404216,0.502060,-0.014125,0.000772,0.000000,0.000000,0.000000,-0.017604
2025-10-26T01:40:35.130066,60.101,-0.048759,-0.801963,0.020050,-0.042926,0.167574,0.244408,0.954118,-0.000000,0.347719,0.501538,-0.012310,-0.000006,0.000000,0.000000,0.000000,-0.000005
2025-10-26T01:40:35.233518,60.205,-0.049831,-0.802551,0.015516,-0.034535,0.134818,0.245734,0.959295,0.000000,0.279247,0.501538,-0.011396,0.000004,0.000000,0.000000,0.000000,0.000006
2025-10-26T01:40:35.331117,60.302,-0.050464,-0.802896,0.011986,-0.028070,0.109578,0.246559,0.962504,0.000000,0.226717,0.501543,-0.009821,-0.000001,0.000000,0.000000,0.000000,0.000114
2025-10-26T01:40:35.430939,60.402,-0.046427,-0.797226,0.010627,-0.020752,0.066848,0.270618,0.960139,-0.003705,0.140056,0.549192,-0.073097,0.087709,0.000000,0.000000,0.000000,0.690922
2025-10-26T01:40:35.530576,60.502,-0.050198,-0.794888,0.012243,-0.022038,0.038748,0.287257,0.956816,-0.019988,0.086921,0.582451,-0.020488,0.033938,0.000000,0.000000,0.000000,0.271824
2025-10-26T01:40:35.630350,60.602,-0.050005,-0.795094,0.015113,-0.032153,-0.001552,0.285257,0.957910,-0.062533,0.015372,0.578378,-0.027450,0.007255,0.000000,0.000000,0.000000,-0.071031
2025-10-26T01:40:35.730544,60.702,-0.051123,-0.795272,0.017664,-0.035932,-0.026799,0.282019,0.958361,-0.084128,-0.031105,0.573696,-0.014958,0.004032,0.000000,0.000000,0.000000,-0.067550
2025-10-26T01:40:35.830755,60.802,-0.052522,-0.796294,0.027339,-0.036633,-0.056227,0.277492,0.958381,-0.101988,-0.087555,0.568142,-0.019539,-0.008893,0.000000,0.000000,0.000000,-0.059183
2025-10-26T01:40:35.930455,60.902,-0.053431,-0.798201,0.033468,-0.033092,-0.071213,0.273609,0.958630,-0.103325,-0.118703,0.562193,-0.014167,-0.013787,0.000000,0.000000,0.000000,-0.059386
2025-10-26T01:40:36.030440,61.002,-0.053561,-0.799521,0.033758,-0.028290,-0.073360,0.271249,0.959292,-0.094965,-0.125732,0.557114,-0.008873,-0.017450,0.000000,0.000000,0.000000,-0.059699
2025-10-26T01:40:36.131157,61.102,-0.053056,-0.801500,0.028626,-0.017776,-0.065088,0.267978,0.961059,-0.069575,-0.115838,0.547894,-0.003553,-0.020296,0.000000,0.000000,0.000000,-0.060289
2025-10-26T01:40:36.230653,61.202,-0.052299,-0.802133,0.021694,-0.009164,-0.052216,0.265949,0.962528,-0.045640,-0.095791,0.541341,0.009255,0.000685,0.000000,0.000000,0.000000,-0.057322
2025-10-26T01:40:36.330668,61.302,-0.051823,-0.801487,0.012900,0.002247,-0.022576,0.263061,0.964512,-0.007551,-0.044747,0.532697,0.005454,0.003791,0.000000,0.000000,0.000000,-0.057994
2025-10-26T01:40:36.430575,61.402,-0.036976,-0.792358,0.008990,0.007152,0.001839,0.262988,0.964771,0.014768,-0.000213,0.532250,0.383233,0.029733,0.000000,0.000000,0.000000,-0.003641
2025-10-26T01:40:36.530468,61.502,-0.001756,-0.772367,0.007567,-0.000400,0.027744,0.258436,0.965630,0.013588,0.053814,0.523377,0.209132,0.008886,0.000000,0.000000,0.000000,0.348919
2025-10-26T01:40:36.631210,61.602,0.004381,-0.767827,0.007232,-0.013521,0.031824,0.267268,0.963002,-0.009051,0.068574,0.541136,0.016356,-0.007936,0.000000,0.000000,0.000000,-0.053607
2025-10-26T01:40:36.731514,61.703,0.004858,-0.767385,0.011494,-0.033294,0.027680,0.265559,0.963122,-0.049576,0.071062,0.536322,0.006760,0.002822,0.000000,0.000000,0.000000,-0.018446
2025-10-26T01:40:36.830561,61.802,0.005103,-0.766916,0.013499,-0.040441,0.025799,0.264644,0.963152,-0.064454,0.071163,0.534007,0.006432,-0.000039,0.000000,0.000000,0.000000,-0.018541
2025-10-26T01:40:36.930008,61.901,0.005602,-0.766520,0.014079,-0.042109,0.024218,0.263616,0.963404,-0.068584,0.068919,0.531818,0.005937,-0.004397,0.000000,0.000000,0.000000,-0.018656
2025-10-26T01:40:37.030611,62.002,0.006029,-0.766474,0.012744,-0.037203,0.023983,0.263161,0.963736,-0.059248,0.065854,0.531177,0.005615,-0.006644,0.000000,0.000000,0.000000,-0.018706
2025-10-26T01:40:37.130872,62.102,0.006777,-0.766643,0.008130,-0.020779,0.024853,0.262766,0.964316,-0.027064,0.058887,0.531265,0.005362,-0.007604,0.000000,0.000000,0.000000,-0.018838
2025-10-26T01:40:37.231114,62.202,0.012183,-0.761525,0.009219,-0.007818,0.025291,0.270698,0.962300,-0.001356,0.052933,0.548398,0.011420,0.028710,0.000000,0.000000,0.000000,0.049242
2025-10-26T01:40:37.330808,62.302,0.012969,-0.761087,0.008832,-0.009243,0.021378,0.270740,0.962371,-0.006221,0.046169,0.548332,-0.007939,0.020113,0.000000,0.000000,0.000000,0.054515
2025-10-26T01:40:37.430332,62.402,0.012922,-0.761655,0.009143,-0.016033,0.022171,0.269841,0.962516,-0.018924,0.051355,0.546180,-0.002281,0.004280,0.000000,0.000000,0.000000,-0.007761
2025-10-26T01:40:37.531375,62.503,0.012761,-0.761843,0.010689,-0.028523,0.028690,0.269800,0.962066,-0.039510,0.070653,0.545432,0.011983,0.000591,0.000000,0.000000,0.000000,-0.000017
2025-10-26T01:40:37.630231,62.602,0.013436,-0.761357,0.010535,-0.032016,0.034325,0.269779,0.961778,-0.043228,0.083397,0.545141,0.012059,-0.002423,0.000000,0.000000,0.000000,-0.000346
2025-10-26T01:40:37.730527,62.702,0.014381,-0.760920,0.009025,-0.028179,0.044136,0.269947,0.961450,-0.030515,0.100251,0.545914,0.002224,-0.005199,0.000000,0.000000,0.000000,-0.037623
2025-10-26T01:40:37.833413,62.805,0.017306,-0.758373,0.008783,-0.020429,0.056417,0.270739,0.960781,-0.008771,0.119756,0.548812,0.227577,0.004134,0.000000,0.000000,0.000000,0.096054
2025-10-26T01:40:37.930279,62.902,0.019186,-0.756427,0.008253,-0.022377,0.062160,0.272341,0.959930,-0.009183,0.131908,0.552283,0.007744,-0.002318,0.000000,0.000000,0.000000,-0.017989
2025-10-26T01:40:38.030706,63.002,0.019500,-0.757533,0.009097,-0.029521,0.065635,0.270054,0.960152,-0.021459,0.142465,0.546825,-0.019007,-0.008848,0.000000,0.000000,0.000000,-0.001332
2025-10-26T01:40:38.130370,63.102,0.019430,-0.757821,0.012899,-0.039742,0.073381,0.269664,0.959332,-0.037176,0.162947,0.545014,0.011505,0.000865,0.000000,0.000000,0.000000,0.004995
2025-10-26T01:40:38.230617,63.202,0.020033,-0.757460,0.013209,-0.040832,0.077821,0.269805,0.958896,-0.036866,0.172127,0.545376,0.011329,0.000181,0.000000,0.000000,0.000000,0.003560
2025-10-26T01:40:38.331630,63.303,0.020457,-0.757388,0.011814,-0.034931,0.083486,0.269036,0.958869,-0.022430,0.179868,0.545064,0.003352,-0.002508,0.000000,0.000000,0.000000,-0.054248
2025-10-26T01:40:38.430582,63.402,0.020670,-0.757384,0.009914,-0.027781,0.087334,0.267835,0.959096,-0.006618,0.183432,0.544031,-0.007253,0.001461,0.000000,0.000000,0.000000,-0.061933
2025-10-26T01:40:38.530486,63.502,0.035595,-0.748454,0.010028,-0.022544,0.090661,0.268773,0.958662,0.005609,0.187033,0.547216,0.244669,-0.006869,0.000000,0.000000,0.000000,0.015540
2025-10-26T01:40:38.631170,63.602,0.070285,-0.727434,0.009736,-0.021994,0.088383,0.270903,0.958288,0.005829,0.182318,0.551544,0.345168,-0.010680,0.000000,0.000000,0.000000,0.024007
2025-10-26T01:40:38.731228,63.703,0.089434,-0.715447,0.008740,-0.028726,0.079102,0.311142,0.946630,-0.005236,0.168433,0.634679,0.221006,-0.004625,0.000000,0.000000,0.000000,1.473112
2025-10-26T01:40:38.830442,63.802,0.100074,-0.707183,0.008143,-0.031601,0.071070,0.362832,0.928603,-0.007203,0.155550,0.744416,0.202980,-0.005971,0.000000,0.000000,0.000000,1.654597
2025-10-26T01:40:38.930723,63.902,0.109975,-0.697532,0.007922,-0.032793,0.062579,0.409472,0.909583,-0.008491,0.141165,0.845400,0.203567,-0.004251,0.000000,0.000000,0.000000,1.371678
2025-10-26T01:40:39.030600,64.002,0.123019,-0.681126,0.007904,-0.032477,0.049166,0.473225,0.878969,-0.010633,0.117438,0.987142,0.205338,-0.003824,0.000000,0.000000,0.000000,1.395707
2025-10-26T01:40:39.130351,64.102,0.130377,-0.669177,0.008054,-0.030971,0.039852,0.513885,0.856373,-0.012148,0.100256,1.080334,0.205266,-0.003299,0.000000,0.000000,0.000000,1.357557
2025-10-26T01:40:39.230686,64.202,0.139296,-0.649950,0.007965,-0.026341,0.025774,0.570954,0.820154,-0.013813,0.072419,1.215781,0.210553,-0.003076,0.000000,0.000000,0.000000,1.320742
2025-10-26T01:40:39.330495,64.302,0.143732,-0.636564,0.007945,-0.021320,0.016687,0.607259,0.794043,-0.013610,0.052418,1.305415,0.204462,-0.002230,0.000000,0.000000,0.000000,1.313729
2025-10-26T01:40:39.430227,64.402,0.148001,-0.616026,0.008007,-0.011496,0.003301,0.659002,0.752047,-0.012945,0.020118,1.438976,0.203986,-0.001107,0.000000,0.000000,0.000000,1.303689
2025-10-26T01:40:39.530489,64.502,0.149405,-0.594771,0.009084,0.000092,-0.008184,0.707437,0.706729,-0.011450,-0.011699,1.571863,0.212010,-0.000241,0.000000,0.000000,0.000000,1.300532
2025-10-26T01:40:39.630627,64.602,0.148738,-0.579900,0.010177,0.006360,-0.011327,0.737808,0.674886,-0.008132,-0.024675,1.659918,0.219957,-0.000277,0.000000,0.000000,0.000000,1.292975
2025-10-26T01:40:39.730252,64.701,0.145741,-0.557576,0.010137,0.010992,-0.009181,0.780507,0.624983,-0.000592,-0.028638,1.791217,0.218687,-0.006424,0.000000,0.000000,0.000000,1.288413
2025-10-26T01:40:39.830333,64.802,0.142270,-0.544469,0.009756,0.009431,-0.004544,0.807053,0.590386,0.003803,-0.020589,1.878400,0.196544,0.000349,0.000000,0.000000,0.000000,1.282173
2025-10-26T01:40:39.931624,64.903,0.137430,-0.531346,0.008791,0.004780,0.000140,0.831556,0.555421,0.005543,-0.007795,1.963818,0.209890,0.000091,0.000000,0.000000,0.000000,1.222565
2025-10-26T01:40:40.030660,65.002,0.128003,-0.512074,0.007761,-0.004197,0.006536,0.863843,0.503701,0.007066,0.013836,2.085852,0.210566,-0.000652,0.000000,0.000000,0.000000,1.125303
2025-10-26T01:40:40.131475,65.103,0.116488,-0.494031,0.007695,-0.012792,0.011556,0.890760,0.454147,0.008973,0.033291,2.198761,0.209759,-0.001016,0.000000,0.000000,0.000000,1.098940
2025-10-26T01:40:40.230700,65.202,0.107947,-0.482799,0.007737,-0.017980,0.013916,0.906924,0.420681,0.010124,0.044337,2.273186,0.207184,-0.002829,0.000000,0.000000,0.000000,1.079948
2025-10-26T01:40:40.330440,65.302,0.093439,-0.467215,0.007894,-0.024880,0.015929,0.928663,0.369746,0.011205,0.058022,2.384100,0.208099,-0.001654,0.000000,0.000000,0.000000,1.090007
2025-10-26T01:40:40.430382,65.401,0.082869,-0.457781,0.007960,-0.028816,0.016334,0.941617,0.335053,0.011475,0.065258,2.458253,0.207893,-0.001721,0.000000,0.000000,0.000000,1.090279
2025-10-26T01:40:40.531248,65.502,0.065735,-0.444964,0.007953,-0.033608,0.015681,0.958512,0.282628,0.011093,0.073357,2.568529,0.209886,-0.001164,0.000000,0.000000,0.000000,1.081825
2025-10-26T01:40:40.631392,65.602,0.053462,-0.437496,0.007864,-0.036009,0.014474,0.968187,0.247199,0.010255,0.076959,2.642026,0.209616,-0.001011,0.000000,0.000000,0.000000,1.081941
2025-10-26T01:40:40.730416,65.701,0.034278,-0.428100,0.007745,-0.038320,0.011759,0.980293,0.193439,0.008256,0.079763,2.752272,0.208448,-0.002712,0.000000,0.000000,0.000000,1.084462
2025-10-26T01:40:40.830458,65.802,0.014300,-0.420905,0.007765,-0.038921,0.008626,0.989495,0.138964,0.006273,0.079505,2.862788,0.207998,-0.002602,0.000000,0.000000,0.000000,1.085287
2025-10-26T01:40:40.931377,65.902,0.000616,-0.417366,0.007762,-0.038351,0.006496,0.993984,0.102382,0.005077,0.077649,2.936511,0.207707,-0.002443,0.000000,0.000000,0.000000,1.085809
2025-10-26T01:40:41.030154,66.001,-0.020252,-0.414003,0.007753,-0.036058,0.003372,0.998233,0.047113,0.003344,0.072370,3.047391,0.206961,-0.001723,0.000000,0.000000,0.000000,1.098385
2025-10-26T01:40:41.130717,66.102,-0.034305,-0.413097,0.007744,-0.033586,0.001369,0.999387,0.009734,0.002086,0.067208,3.122184,0.207055,-0.001639,0.000000,0.000000,0.000000,1.099632
2025-10-26T01:40:41.230747,66.202,-0.055393,-0.413710,0.007730,-0.028503,-0.001254,0.998543,-0.045809,0.000106,0.057069,-3.049902,0.206726,-0.001480,0.000000,0.000000,0.000000,1.080118
2025-10-26T01:40:41.330177,66.301,-0.076252,-0.416685,0.007716,-0.021850,-0.003130,0.994662,-0.100798,-0.001823,0.044112,-2.939644,0.206559,-0.000745,0.000000,0.000000,0.000000,1.091790
2025-10-26T01:40:41.430120,66.401,-0.089899,-0.419980,0.007707,-0.016594,-0.003868,0.990323,-0.137735,-0.003092,0.033938,-2.865257,0.206423,-0.000378,0.000000,0.000000,0.000000,1.096620
2025-10-26T01:40:41.530927,66.502,-0.109788,-0.426840,0.007696,-0.007575,-0.004036,0.981173,-0.192941,-0.004997,0.016423,-2.753302,0.206258,0.000172,0.000000,0.000000,0.000000,1.099099
2025-10-26T01:40:41.630584,66.602,-0.128674,-0.435966,0.008292,0.001826,-0.002914,0.968851,-0.247621,-0.006551,-0.002096,-2.641134,0.206638,0.004883,0.000000,0.000000,0.000000,1.099278
2025-10-26T01:40:41.732086,66.703,-0.146633,-0.447263,0.009045,0.006815,-0.001483,0.953456,-0.301453,-0.006937,-0.012102,-2.529104,0.211697,0.000866,0.000000,0.000000,0.000000,1.107109
2025-10-26T01:40:41.830721,66.802,-0.157983,-0.455898,0.009104,0.006651,-0.000330,0.941392,-0.337249,-0.005108,-0.012299,-2.453559,0.205997,-0.000447,0.000000,0.000000,0.000000,1.103422
2025-10-26T01:40:41.930516,66.902,-0.169316,-0.466171,0.008405,0.002531,0.000474,0.922255,-0.386573,-0.001083,-0.005034,-2.347762,0.129830,-0.000459,0.000000,0.000000,0.000000,0.940069
2025-10-26T01:40:42.030237,67.002,-0.174326,-0.471516,0.008012,-0.001590,0.000060,0.911284,-0.411776,0.001418,0.002848,-2.292785,0.099886,-0.000528,0.000000,0.000000,0.000000,0.698755
2025-10-26T01:40:42.129947,67.101,-0.178729,-0.476725,0.007698,-0.007968,-0.001531,0.900258,-0.435281,0.004180,0.015680,-2.240828,0.049938,-0.000400,0.000000,0.000000,0.000000,0.344165
2025-10-26T01:40:42.230458,67.202,-0.179782,-0.478040,0.007698,-0.011430,-0.002641,0.897007,-0.441861,0.005364,0.022842,-2.226119,0.017935,-0.000232,0.000000,0.000000,0.000000,0.110680
2025-10-26T01:40:42.330694,67.302,-0.179818,-0.478072,0.007702,-0.014243,-0.003682,0.896377,-0.443049,0.006023,0.028801,-2.223405,0.000795,-0.000207,0.000000,0.000000,0.000000,0.011658
2025-10-26T01:40:42.430867,67.402,-0.179863,-0.478128,0.007706,-0.017179,-0.005033,0.896225,-0.443238,0.006212,0.035262,-2.222909,0.000518,-0.000123,0.000000,0.000000,0.000000,0.001295
2025-10-26T01:40:42.530165,67.501,-0.179880,-0.478154,0.007709,-0.018312,-0.005725,0.896198,-0.443240,0.005976,0.037907,-2.222878,0.000323,-0.000086,0.000000,0.000000,0.000000,0.000076
2025-10-26T01:40:42.630017,67.601,-0.179888,-0.478175,0.007710,-0.018825,-0.006346,0.896194,-0.443217,0.005317,0.039377,-2.222923,0.000030,-0.000049,0.000000,0.000000,0.000000,-0.000396
2025-10-26T01:40:42.730796,67.702,-0.179883,-0.478177,0.007709,-0.018398,-0.006436,0.896209,-0.443204,0.004776,0.038692,-2.222974,-0.000167,-0.000034,0.000000,0.000000,0.000000,-0.000506
2025-10-26T01:40:42.830275,67.802,-0.179859,-0.478160,0.007706,-0.016632,-0.006031,0.896253,-0.443191,0.003934,0.035166,-2.223059,-0.000461,-0.000023,0.000000,0.000000,0.000000,-0.000590
2025-10-26T01:40:42.930616,67.902,-0.179833,-0.478135,0.007703,-0.014715,-0.005381,0.896292,-0.443187,0.003399,0.031152,-2.223117,-0.000657,-0.000021,0.000000,0.000000,0.000000,-0.000618
2025-10-26T01:40:43.030646,68.002,-0.179779,-0.478076,0.007698,-0.010739,-0.003815,0.896357,-0.443186,0.002681,0.022636,-2.223199,-0.000950,-0.000023,0.000000,0.000000,0.000000,-0.000634
2025-10-26T01:40:43.131933,68.103,-0.179708,-0.477993,0.007694,-0.005452,-0.001530,0.896413,-0.443183,0.002090,0.011131,-2.223272,-0.001242,-0.000028,0.000000,0.000000,0.000000,-0.000628
2025-10-26T01:40:43.230499,68.202,-0.179665,-0.477945,0.008096,-0.001522,0.000175,0.896403,-0.443238,0.001663,0.002574,-2.223175,-0.001075,0.000204,0.000000,0.000000,0.000000,0.002772
2025-10-26T01:40:43.330709,68.302,-0.179627,-0.477901,0.008266,0.001170,0.001266,0.896384,-0.443276,0.001232,-0.003221,-2.223093,-0.000629,-0.000027,0.000000,0.000000,0.000000,0.000317
2025-10-26T01:40:43.430454,68.402,-0.179608,-0.477884,0.008414,0.002233,0.001585,0.896381,-0.443276,0.000862,-0.005410,-2.223092,-0.000106,-0.000033,0.000000,0.000000,0.000000,-0.000212
2025-10-26T01:40:43.530666,68.502,-0.179620,-0.477906,0.008236,0.000999,0.000751,0.896390,-0.443264,0.000460,-0.002456,-2.223119,0.000573,-0.000034,0.000000,0.000000,0.000000,-0.000319
2025-10-26T01:40:43.630747,68.602,-0.179650,-0.477948,0.008026,-0.001200,-0.000430,0.896395,-0.443254,0.000293,0.002533,-2.223141,0.000867,-0.000039,0.000000,0.000000,0.000000,-0.000321
2025-10-26T01:40:43.730638,68.702,-0.179690,-0.478001,0.007761,-0.004023,-0.001879,0.896392,-0.443240,0.000197,0.008878,-2.223163,0.000921,-0.000042,0.000000,0.000000,0.000000,-0.000316
2025-10-26T01:40:43.830154,68.801,-0.179739,-0.478065,0.007696,-0.007407,-0.003574,0.896378,-0.443215,0.000158,0.016449,-2.223195,0.000629,-0.000052,0.000000,0.000000,0.000000,-0.000319
2025-10-26T01:40:43.930246,68.902,-0.179762,-0.478095,0.007697,-0.008931,-0.004313,0.896369,-0.443198,0.000185,0.019836,-2.223216,0.000433,-0.000057,0.000000,0.000000,0.000000,-0.000321
2025-10-26T01:40:44.030480,69.002,-0.179781,-0.478120,0.007698,-0.010111,-0.004848,0.896364,-0.443178,0.000271,0.022426,-2.223246,0.000140,-0.000062,0.000000,0.000000,0.000000,-0.000325
2025-10-26T01:40:44.130337,69.102,-0.179785,-0.478123,0.007698,-0.010157,-0.004830,0.896368,-0.443168,0.000343,0.022492,-2.223266,-0.000055,-0.000064,0.000000,0.000000,0.000000,-0.000329
2025-10-26T01:40:44.230675,69.202,-0.179775,-0.478108,0.007697,-0.009111,-0.004249,0.896386,-0.443160,0.000458,0.020101,-2.223297,-0.000348,-0.000066,0.000000,0.000000,0.000000,-0.000341
2025-10-26T01:40:44.330475,69.302,-0.179758,-0.478084,0.007696,-0.007669,-0.003494,0.896405,-0.443157,0.000532,0.016846,-2.223319,-0.000544,-0.000067,0.000000,0.000000,0.000000,-0.000352
2025-10-26T01:40:44.430663,69.402,-0.179717,-0.478030,0.007693,-0.004388,-0.001816,0.896434,-0.443153,0.000632,0.009477,-2.223354,-0.000836,-0.000067,0.000000,0.000000,0.000000,-0.000374
2025-10-26T01:40:44.530353,69.502,-0.179685,-0.477987,0.008094,-0.001858,-0.000563,0.896447,-0.443146,0.000638,0.003830,-2.223379,-0.000657,-0.000062,0.000000,0.000000,0.000000,-0.000390
2025-10-26T01:40:44.630920,69.602,-0.179666,-0.477964,0.008103,-0.000461,0.000121,0.896454,-0.443136,0.000625,0.000720,-2.223405,-0.000274,-0.000066,0.000000,0.000000,0.000000,-0.000381
2025-10-26T01:40:44.730320,69.702,-0.179663,-0.477960,0.008075,-0.000172,0.000265,0.896460,-0.443125,0.000626,0.000073,-2.223430,0.000073,-0.000068,0.000000,0.000000,0.000000,-0.000361
2025-10-26T01:40:44.830797,69.802,-0.179684,-0.477987,0.008043,-0.001593,-0.000428,0.896467,-0.443108,0.000645,0.003236,-2.223464,0.000536,-0.000069,0.000000,0.000000,0.000000,-0.000328
2025-10-26T01:40:44.930173,69.901,-0.179724,-0.478040,0.007703,-0.004357,-0.001813,0.896465,-0.443089,0.000611,0.009418,-2.223495,0.000542,-0.000053,0.000000,0.000000,0.000000,-0.000300
2025-10-26T01:40:45.030837,70.002,-0.179744,-0.478065,0.007694,-0.005609,-0.002442,0.896463,-0.443076,0.000591,0.012220,-2.223516,0.000347,-0.000056,0.000000,0.000000,0.000000,-0.000305
2025-10-26T01:40:45.130575,70.102,-0.179758,-0.478083,0.007695,-0.006380,-0.002819,0.896465,-0.443060,0.000598,0.013937,-2.223547,0.000055,-0.000059,0.000000,0.000000,0.000000,-0.000320
2025-10-26T01:40:45.230882,70.202,-0.179757,-0.478082,0.007695,-0.006154,-0.002696,0.896471,-0.443051,0.000619,0.013423,-2.223568,-0.000140,-0.000061,0.000000,0.000000,0.000000,-0.000332
2025-10-26T01:40:45.329870,70.301,-0.179741,-0.478060,0.007694,-0.004703,-0.001956,0.896487,-0.443041,0.000661,0.010166,-2.223601,-0.000433,-0.000063,0.000000,0.000000,0.000000,-0.000351
2025-10-26T01:40:45.430456,70.402,-0.179720,-0.478034,0.007820,-0.003029,-0.001130,0.896499,-0.443034,0.000658,0.006433,-2.223625,-0.000548,-0.000030,0.000000,0.000000,0.000000,-0.000353
2025-10-26T01:40:45.530381,70.502,-0.179704,-0.478016,0.008092,-0.001856,-0.000667,0.896507,-0.443025,0.000449,0.003920,-2.223651,-0.000189,-0.000037,0.000000,0.000000,0.000000,-0.000365
2025-10-26T01:40:45.630749,70.602,-0.179709,-0.478025,0.008059,-0.002130,-0.000894,0.896515,-0.443008,0.000284,0.004612,-2.223687,0.000309,-0.000049,0.000000,0.000000,0.000000,-0.000346
2025-10-26T01:40:45.731485,70.702,-0.179725,-0.478047,0.007760,-0.003226,-0.001501,0.896516,-0.442996,0.000167,0.007113,-2.223710,0.000350,-0.000031,0.000000,0.000000,0.000000,-0.000329
2025-10-26T01:40:45.829952,70.801,-0.179738,-0.478066,0.007693,-0.003981,-0.001941,0.896521,-0.442980,0.000046,0.008858,-2.223744,0.000057,-0.000044,0.000000,0.000000,0.000000,-0.000327
2025-10-26T01:40:45.930307,70.902,-0.179737,-0.478065,0.007693,-0.003759,-0.001832,0.896527,-0.442970,0.000044,0.008363,-2.223766,-0.000137,-0.000052,0.000000,0.000000,0.000000,-0.000328
2025-10-26T01:40:46.030517,71.002,-0.179725,-0.478050,0.007952,-0.002668,-0.001296,0.896538,-0.442957,0.000039,0.005933,-2.223799,-0.000148,-0.000039,0.000000,0.000000,0.000000,-0.000334
2025-10-26T01:40:46.130931,71.102,-0.179724,-0.478049,0.008005,-0.002515,-0.001253,0.896543,-0.442947,-0.000019,0.005619,-2.223822,0.000083,-0.000046,0.000000,0.000000,0.000000,-0.000341
2025-10-26T01:40:46.231195,71.202,-0.179734,-0.478062,0.007774,-0.003099,-0.001516,0.896549,-0.442931,0.000026,0.006900,-2.223856,0.000122,-0.000057,0.000000,0.000000,0.000000,-0.000334
2025-10-26T01:40:46.331162,71.302,-0.179738,-0.478067,0.007742,-0.003214,-0.001566,0.896553,-0.442921,0.000040,0.007151,-2.223878,0.000001,-0.000042,0.000000,0.000000,0.000000,-0.000329
2025-10-26T01:40:46.430961,71.402,-0.179737,-0.478066,0.007802,-0.003008,-0.001492,0.896559,-0.442912,-0.000011,0.006715,-2.223900,-0.000070,-0.000044,0.000000,0.000000,0.000000,-0.000331
2025-10-26T01:40:46.531386,71.503,-0.179737,-0.478066,0.007879,-0.002843,-0.001382,0.896567,-0.442897,0.000040,0.006321,-2.223933,0.000024,-0.000055,0.000000,0.000000,0.000000,-0.000335
2025-10-26T01:40:46.630107,71.601,-0.179740,-0.478070,0.007860,-0.002931,-0.001431,0.896572,-0.442887,0.000031,0.006522,-2.223956,0.000071,-0.000045,0.000000,0.000000,0.000000,-0.000333
2025-10-26T01:40:46.731482,71.702,-0.179743,-0.478074,0.007806,-0.003020,-0.001487,0.896576,-0.442877,0.000008,0.006734,-2.223978,0.000030,-0.000046,0.000000,0.000000,0.000000,-0.000333
2025-10-26T01:40:46.830273,71.801,-0.179746,-0.478077,0.007829,-0.003004,-0.001469,0.896584,-0.442862,0.000027,0.006688,-2.224011,0.000012,-0.000055,0.000000,0.000000,0.000000,-0.000333
2025-10-26T01:40:46.930228,71.902,-0.179747,-0.478078,0.007828,-0.002950,-0.001432,0.896589,-0.442852,0.000046,0.006559,-2.224034,-0.000009,-0.000048,0.000000,0.000000,0.000000,-0.000332
2025-10-26T01:40:47.030909,72.002,-0.179748,-0.478081,0.007839,-0.002936,-0.001441,0.896594,-0.442842,0.000017,0.006541,-2.224056,0.000022,-0.000047,0.000000,0.000000,0.000000,-0.000332
2025-10-26T01:40:47.130321,72.102,-0.179750,-0.478084,0.007841,-0.002967,-0.001455,0.896599,-0.442832,0.000018,0.006609,-2.224078,0.000037,-0.000053,0.000000,0.000000,0.000000,-0.000333
2025-10-26T01:40:47.230903,72.202,-0.179752,-0.478086,0.007836,-0.002988,-0.001466,0.896604,-0.442822,0.000018,0.006656,-2.224100,0.000036,-0.000049,0.000000,0.000000,0.000000,-0.000332
2025-10-26T01:40:47.330632,72.302,-0.179754,-0.478089,0.007816,-0.002976,-0.001465,0.896608,-0.442812,0.000009,0.006634,-2.224123,0.000000,-0.000049,0.000000,0.000000,0.000000,-0.000332
2025-10-26T01:40:47.430303,72.402,-0.179757,-0.478092,0.007831,-0.002961,-0.001448,0.896616,-0.442797,0.000026,0.006592,-2.224156,0.000017,-0.000051,0.000000,0.000000,0.000000,-0.000332
2025-10-26T01:40:47.530256,72.502,-0.179758,-0.478094,0.007848,-0.002968,-0.001447,0.896621,-0.442787,0.000034,0.006603,-2.224178,0.000036,-0.000051,0.000000,0.000000,0.000000,-0.000332
2025-10-26T01:40:47.630526,72.602,-0.179761,-0.478098,0.007829,-0.002972,-0.001458,0.896628,-0.442772,0.000018,0.006621,-2.224212,0.000018,-0.000048,0.000000,0.000000,0.000000,-0.000332
2025-10-26T01:40:47.730631,72.702,-0.179763,-0.478100,0.007816,-0.002969,-0.001457,0.896633,-0.442762,0.000016,0.006615,-2.224234,0.000002,-0.000052,0.000000,0.000000,0.000000,-0.000331
2025-10-26T01:40:47.830573,72.802,-0.179765,-0.478102,0.007844,-0.002973,-0.001454,0.896638,-0.442752,0.000025,0.006618,-2.224256,0.000030,-0.000051,0.000000,0.000000,0.000000,-0.000332
2025-10-26T01:40:47.930320,72.902,-0.179766,-0.478104,0.007823,-0.002969,-0.001447,0.896643,-0.442742,0.000035,0.006606,-2.224278,0.000007,-0.000050,0.000000,0.000000,0.000000,-0.000331
2025-10-26T01:40:48.030314,73.002,-0.179769,-0.478108,0.007841,-0.002970,-0.001456,0.896650,-0.442727,0.000020,0.006616,-2.224311,0.000028,-0.000047,0.000000,0.000000,0.000000,-0.000331
2025-10-26T01:40:48.130416,73.102,-0.179771,-0.478110,0.007840,-0.002970,-0.001457,0.896655,-0.442717,0.000016,0.006617,-2.224334,0.000032,-0.000048,0.000000,0.000000,0.000000,-0.000331
2025-10-26T01:40:48.230595,73.202,-0.179774,-0.478114,0.007832,-0.002974,-0.001458,0.896663,-0.442702,0.000018,0.006624,-2.224367,0.000022,-0.000048,0.000000,0.000000,0.000000,-0.000330
2025-10-26T01:40:48.330525,73.302,-0.179775,-0.478116,0.007845,-0.002970,-0.001455,0.896667,-0.442692,0.000021,0.006614,-2.224389,0.000029,-0.000050,0.000000,0.000000,0.000000,-0.000331
2025-10-26T01:40:48.431234,73.403,-0.179778,-0.478119,0.007823,-0.002967,-0.001451,0.896675,-0.442678,0.000025,0.006606,-2.224422,0.000008,-0.000047,0.000000,0.000000,0.000000,-0.000330
2025-10-26T01:40:48.530729,73.502,-0.179780,-0.478122,0.007829,-0.002971,-0.001455,0.896680,-0.442668,0.000021,0.006615,-2.224444,0.000019,-0.000051,0.000000,0.000000,0.000000,-0.000330
2025-10-26T01:40:48.630307,73.602,-0.179782,-0.478124,0.007840,-0.002975,-0.001455,0.896685,-0.442658,0.000024,0.006623,-2.224466,0.000032,-0.000048,0.000000,0.000000,0.000000,-0.000330
2025-10-26T01:40:48.730256,73.702,-0.179784,-0.478128,0.007819,-0.002969,-0.001462,0.896692,-0.442643,0.000007,0.006620,-2.224500,0.000009,-0.000050,0.000000,0.000000,0.000000,-0.000330
2025-10-26T01:40:48.830589,73.802,-0.179786,-0.478130,0.007846,-0.002974,-0.001459,0.896697,-0.442633,0.000016,0.006624,-2.224522,0.000032,-0.000052,0.000000,0.000000,0.000000,-0.000331
2025-10-26T01:40:48.931031,73.902,-0.179789,-0.478133,0.007818,-0.002970,-0.001448,0.896704,-0.442618,0.000032,0.006609,-2.224555,0.000002,-0.000050,0.000000,0.000000,0.000000,-0.000330
2025-10-26T01:40:49.030419,74.002,-0.179790,-0.478136,0.007835,-0.002971,-0.001455,0.896709,-0.442608,0.000021,0.006617,-2.224577,0.000023,-0.000045,0.000000,0.000000,0.000000,-0.000329
2025-10-26T01:40:49.130342,74.102,-0.179792,-0.478138,0.007845,-0.002970,-0.001462,0.896714,-0.442598,0.000007,0.006620,-2.224599,0.000035,-0.000047,0.000000,0.000000,0.000000,-0.000330
2025-10-26T01:40:49.230392,74.202,-0.179795,-0.478142,0.007830,-0.002972,-0.001461,0.896721,-0.442583,0.000011,0.006624,-2.224632,0.000021,-0.000054,0.000000,0.000000,0.000000,-0.000330
2025-10-26T01:40:49.330080,74.301,-0.179797,-0.478144,0.007844,-0.002974,-0.001451,0.896726,-0.442573,0.000030,0.006619,-2.224654,0.000033,-0.000050,0.000000,0.000000,0.000000,-0.000330
2025-10-26T01:40:49.429962,74.401,-0.179799,-0.478147,0.007823,-0.002970,-0.001449,0.896733,-0.442559,0.000029,0.006609,-2.224687,0.000011,-0.000048,0.000000,0.000000,0.000000,-0.000328
2025-10-26T01:40:49.530932,74.502,-0.179801,-0.478150,0.007839,-0.002970,-0.001461,0.896738,-0.442549,0.000008,0.006619,-2.224709,0.000027,-0.000048,0.000000,0.000000,0.000000,-0.000329
2025-10-26T01:40:49.630809,74.602,-0.179804,-0.478153,0.007814,-0.002971,-0.001459,0.896746,-0.442534,0.000014,0.006620,-2.224743,0.000001,-0.000053,0.000000,0.000000,0.000000,-0.000329
2025-10-26T01:40:49.730095,74.701,-0.179806,-0.478157,0.007843,-0.002976,-0.001450,0.896753,-0.442519,0.000033,0.006621,-2.224775,0.000032,-0.000047,0.000000,0.000000,0.000000,-0.000329
2025-10-26T01:40:49.830557,74.802,-0.179808,-0.478159,0.007816,-0.002968,-0.001453,0.896758,-0.442509,0.000021,0.006609,-2.224798,0.000001,-0.000049,0.000000,0.000000,0.000000,-0.000329
2025-10-26T01:40:49.930411,74.902,-0.179810,-0.478161,0.007836,-0.002970,-0.001453,0.896763,-0.442499,0.000023,0.006613,-2.224820,0.000023,-0.000051,0.000000,0.000000,0.000000,-0.000329
2025-10-26T01:40:50.030887,75.002,-0.179812,-0.478165,0.007843,-0.002970,-0.001450,0.896770,-0.442485,0.000028,0.006609,-2.224853,0.000034,-0.000048,0.000000,0.000000,0.000000,-0.000329
2025-10-26T01:40:50.130450,75.102,-0.179814,-0.478167,0.007818,-0.002970,-0.001450,0.896775,-0.442475,0.000026,0.006610,-2.224875,0.000004,-0.000049,0.000000,0.000000,0.000000,-0.000328
2025-10-26T01:40:50.231041,75.202,-0.179816,-0.478169,0.007830,-0.002973,-0.001454,0.896780,-0.442465,0.000024,0.006618,-2.224897,0.000020,-0.000049,0.000000,0.000000,0.000000,-0.000328
2025-10-26T01:40:50.330587,75.302,-0.179819,-0.478173,0.007822,-0.002973,-0.001450,0.896787,-0.442450,0.000030,0.006616,-2.224929,0.000007,-0.000050,0.000000,0.000000,0.000000,-0.000328
2025-10-26T01:40:50.430428,75.402,-0.179820,-0.478175,0.007823,-0.002971,-0.001450,0.896792,-0.442440,0.000028,0.006612,-2.224951,0.000014,-0.000048,0.000000,0.000000,0.000000,-0.000327
2025-10-26T01:40:50.530026,75.501,-0.179823,-0.478179,0.007845,-0.002969,-0.001451,0.896799,-0.442425,0.000025,0.006609,-2.224984,0.000035,-0.000050,0.000000,0.000000,0.000000,-0.000328
2025-10-26T01:40:50.630039,75.601,-0.179825,-0.478181,0.007823,-0.002967,-0.001455,0.896804,-0.442416,0.000015,0.006610,-2.225006,0.000009,-0.000046,0.000000,0.000000,0.000000,-0.000328
2025-10-26T01:40:50.730482,75.702,-0.179827,-0.478185,0.007848,-0.002972,-0.001464,0.896811,-0.442401,0.000004,0.006626,-2.225039,0.000037,-0.000050,0.000000,0.000000,0.000000,-0.000328
2025-10-26T01:40:50.830236,75.801,-0.179829,-0.478187,0.007835,-0.002972,-0.001454,0.896816,-0.442391,0.000021,0.006618,-2.225061,0.000024,-0.000051,0.000000,0.000000,0.000000,-0.000328
2025-10-26T01:40:50.930734,75.902,-0.179832,-0.478190,0.007822,-0.002964,-0.001450,0.896823,-0.442376,0.000021,0.006600,-2.225094,0.000005,-0.000047,0.000000,0.000000,0.000000,-0.000327
2025-10-26T01:40:51.030019,76.001,-0.179834,-0.478194,0.007828,-0.002967,-0.001463,0.896831,-0.442361,0.000001,0.006616,-2.225127,0.000020,-0.000050,0.000000,0.000000,0.000000,-0.000327
2025-10-26T01:40:51.130467,76.102,-0.179836,-0.478196,0.007844,-0.002974,-0.001457,0.896836,-0.442352,0.000018,0.006624,-2.225149,0.000031,-0.000053,0.000000,0.000000,0.000000,-0.000328
2025-10-26T01:40:51.230341,76.202,-0.179839,-0.478199,0.007816,-0.002972,-0.001445,0.896843,-0.442337,0.000036,0.006609,-2.225182,0.000002,-0.000053,0.000000,0.000000,0.000000,-0.000327
2025-10-26T01:40:51.330837,76.302,-0.179841,-0.478202,0.007834,-0.002969,-0.001448,0.896848,-0.442327,0.000029,0.006608,-2.225204,0.000021,-0.000044,0.000000,0.000000,0.000000,-0.000326
2025-10-26T01:40:51.430745,76.402,-0.179843,-0.478205,0.007839,-0.002964,-0.001465,0.896855,-0.442312,-0.000005,0.006613,-2.225237,0.000030,-0.000050,0.000000,0.000000,0.000000,-0.000328
2025-10-26T01:40:51.530297,76.502,-0.179845,-0.478208,0.007820,-0.002973,-0.001455,0.896860,-0.442303,0.000020,0.006621,-2.225258,0.000011,-0.000057,0.000000,0.000000,0.000000,-0.000327
2025-10-26T01:40:51.630360,76.602,-0.179848,-0.478211,0.007838,-0.002973,-0.001452,0.896867,-0.442288,0.000024,0.006617,-2.225291,0.000024,-0.000045,0.000000,0.000000,0.000000,-0.000326
2025-10-26T01:40:51.730700,76.702,-0.179850,-0.478214,0.007838,-0.002967,-0.001453,0.896874,-0.442273,0.000018,0.006608,-2.225324,0.000029,-0.000051,0.000000,0.000000,0.000000,-0.000327
2025-10-26T01:40:51.830401,76.802,-0.179852,-0.478217,0.007819,-0.002971,-0.001447,0.896879,-0.442263,0.000033,0.006610,-2.225346,0.000010,-0.000054,0.000000,0.000000,0.000000,-0.000326
2025-10-26T01:40:51.931054,76.902,-0.179855,-0.478220,0.007846,-0.002974,-0.001447,0.896886,-0.442249,0.000035,0.006615,-2.225379,0.000034,-0.000048,0.000000,0.000000,0.000000,-0.000326
2025-10-26T01:40:52.030420,77.002,-0.179857,-0.478222,0.007816,-0.002969,-0.001448,0.896891,-0.442239,0.000029,0.006606,-2.225400,0.000001,-0.000050,0.000000,0.000000,0.000000,-0.000326
2025-10-26T01:40:52.130553,77.102,-0.179859,-0.478226,0.007840,-0.002975,-0.001451,0.896898,-0.442224,0.000029,0.006619,-2.225433,0.000029,-0.000050,0.000000,0.000000,0.000000,-0.000326
2025-10-26T01:40:52.230239,77.202,-0.179861,-0.478228,0.007837,-0.002972,-0.001451,0.896903,-0.442214,0.000027,0.006615,-2.225455,0.000028,-0.000050,0.000000,0.000000,0.000000,-0.000326
2025-10-26T01:40:52.330419,77.302,-0.179864,-0.478232,0.007817,-0.002967,-0.001451,0.896911,-0.442200,0.000022,0.006605,-2.225488,0.000003,-0.000051,0.000000,0.000000,0.000000,-0.000325
2025-10-26T01:40:52.430883,77.402,-0.179866,-0.478234,0.007839,-0.002974,-0.001448,0.896915,-0.442190,0.000032,0.006616,-2.225509,0.000027,-0.000052,0.000000,0.000000,0.000000,-0.000326
2025-10-26T01:40:52.530489,77.502,-0.179868,-0.478238,0.007828,-0.002972,-0.001446,0.896923,-0.442175,0.000034,0.006611,-2.225542,0.000013,-0.000047,0.000000,0.000000,0.000000,-0.000325
2025-10-26T01:40:52.630148,77.601,-0.179870,-0.478240,0.007832,-0.002973,-0.001450,0.896927,-0.442166,0.000027,0.006615,-2.225564,0.000020,-0.000050,0.000000,0.000000,0.000000,-0.000325
2025-10-26T01:40:52.730413,77.702,-0.179873,-0.478243,0.007823,-0.002969,-0.001449,0.896935,-0.442151,0.000025,0.006607,-2.225597,0.000007,-0.000049,0.000000,0.000000,0.000000,-0.000325
2025-10-26T01:40:52.831038,77.802,-0.179875,-0.478247,0.007830,-0.002972,-0.001450,0.896942,-0.442136,0.000027,0.006613,-2.225629,0.000020,-0.000049,0.000000,0.000000,0.000000,-0.000325
2025-10-26T01:40:52.930542,77.902,-0.179877,-0.478249,0.007841,-0.002971,-0.001455,0.896947,-0.442127,0.000018,0.006617,-2.225651,0.000028,-0.000048,0.000000,0.000000,0.000000,-0.000325
2025-10-26T01:40:53.030275,78.002,-0.179880,-0.478253,0.007816,-0.002971,-0.001454,0.896954,-0.442112,0.000019,0.006615,-2.225684,0.000002,-0.000051,0.000000,0.000000,0.000000,-0.000325
2025-10-26T01:40:53.130409,78.102,-0.179882,-0.478255,0.007843,-0.002978,-0.001452,0.896959,-0.442102,0.000029,0.006627,-2.225705,0.000030,-0.000051,0.000000,0.000000,0.000000,-0.000325
2025-10-26T01:40:53.229990,78.201,-0.179884,-0.478258,0.007819,-0.002968,-0.001448,0.896966,-0.442088,0.000028,0.006605,-2.225738,0.000002,-0.000048,0.000000,0.000000,0.000000,-0.000324
2025-10-26T01:40:53.330285,78.302,-0.179886,-0.478261,0.007830,-0.002968,-0.001451,0.896971,-0.442078,0.000021,0.006608,-2.225760,0.000020,-0.000047,0.000000,0.000000,0.000000,-0.000324
2025-10-26T01:40:53.430661,78.402,-0.179889,-0.478264,0.007846,-0.002972,-0.001457,0.896978,-0.442063,0.000013,0.006619,-2.225792,0.000036,-0.000049,0.000000,0.000000,0.000000,-0.000325
2025-10-26T01:40:53.530651,78.502,-0.179890,-0.478267,0.007820,-0.002972,-0.001456,0.896983,-0.442053,0.000016,0.006619,-2.225814,0.000006,-0.000049,0.000000,0.000000,0.000000,-0.000324
2025-10-26T01:40:53.630513,78.602,-0.179892,-0.478269,0.007817,-0.002968,-0.001452,0.896987,-0.442044,0.000019,0.006608,-2.225836,0.000000,-0.000050,0.000000,0.000000,0.000000,-0.000324
2025-10-26T01:40:53.730875,78.702,-0.179895,-0.478272,0.007833,-0.002966,-0.001455,0.896995,-0.442029,0.000012,0.006608,-2.225868,0.000022,-0.000051,0.000000,0.000000,0.000000,-0.000324
2025-10-26T01:40:53.831105,78.802,-0.179897,-0.478275,0.007842,-0.002972,-0.001453,0.896999,-0.442019,0.000021,0.006615,-2.225890,0.000032,-0.000050,0.000000,0.000000,0.000000,-0.000324
2025-10-26T01:40:53.930309,78.902,-0.179899,-0.478278,0.007822,-0.002977,-0.001446,0.897007,-0.442005,0.000037,0.006620,-2.225922,0.000015,-0.000052,0.000000,0.000000,0.000000,-0.000323
2025-10-26T01:40:54.030267,79.001,-0.179902,-0.478281,0.007845,-0.002972,-0.001448,0.897014,-0.441990,0.000029,0.006613,-2.225955,0.000034,-0.000047,0.000000,0.000000,0.000000,-0.000324
2025-10-26T01:40:54.130571,79.102,-0.179904,-0.478284,0.007822,-0.002969,-0.001449,0.897019,-0.441981,0.000024,0.006608,-2.225976,0.000006,-0.000048,0.000000,0.000000,0.000000,-0.000324
2025-10-26T01:40:54.230553,79.202,-0.179906,-0.478287,0.007840,-0.002976,-0.001454,0.897026,-0.441966,0.000022,0.006623,-2.226009,0.000030,-0.000051,0.000000,0.000000,0.000000,-0.000324
2025-10-26T01:40:54.331075,79.302,-0.179908,-0.478290,0.007844,-0.002972,-0.001449,0.897030,-0.441956,0.000027,0.006613,-2.226031,0.000032,-0.000047,0.000000,0.000000,0.000000,-0.000323
2025-10-26T01:40:54.430352,79.402,-0.179910,-0.478292,0.007828,-0.002967,-0.001446,0.897035,-0.441947,0.000028,0.006602,-2.226052,0.000011,-0.000051,0.000000,0.000000,0.000000,-0.000324
2025-10-26T01:40:54.530480,79.502,-0.179912,-0.478296,0.007835,-0.002971,-0.001457,0.897042,-0.441932,0.000012,0.006619,-2.226085,0.000024,-0.000048,0.000000,0.000000,0.000000,-0.000323
2025-10-26T01:40:54.630331,79.602,-0.179914,-0.478298,0.007840,-0.002971,-0.001461,0.897047,-0.441922,0.000005,0.006623,-2.226106,0.000032,-0.000047,0.000000,0.000000,0.000000,-0.000323
2025-10-26T01:40:54.730327,79.702,-0.179917,-0.478301,0.007837,-0.002976,-0.001456,0.897054,-0.441908,0.000018,0.006626,-2.226139,0.000026,-0.000049,0.000000,0.000000,0.000000,-0.000322
2025-10-26T01:40:54.829944,79.801,-0.179919,-0.478303,0.007845,-0.002970,-0.001450,0.897059,-0.441898,0.000024,0.006611,-2.226160,0.000033,-0.000050,0.000000,0.000000,0.000000,-0.000323
2025-10-26T01:40:54.930714,79.902,-0.179921,-0.478307,0.007818,-0.002965,-0.001455,0.897066,-0.441884,0.000010,0.006606,-2.226193,0.000004,-0.000049,0.000000,0.000000,0.000000,-0.000322
2025-10-26T01:40:55.030750,80.002,-0.179923,-0.478309,0.007839,-0.002974,-0.001458,0.897071,-0.441874,0.000013,0.006623,-2.226214,0.000028,-0.000051,0.000000,0.000000,0.000000,-0.000322
2025-10-26T01:40:55.130724,80.102,-0.179926,-0.478313,0.007827,-0.002972,-0.001446,0.897078,-0.441859,0.000032,0.006611,-2.226246,0.000010,-0.000052,0.000000,0.000000,0.000000,-0.000323
2025-10-26T01:40:55.230354,80.202,-0.179928,-0.478316,0.007824,-0.002969,-0.001450,0.897085,-0.441845,0.000021,0.006609,-2.226279,0.000014,-0.000045,0.000000,0.000000,0.000000,-0.000321
2025-10-26T01:40:55.330973,80.302,-0.179930,-0.478319,0.007838,-0.002968,-0.001458,0.897090,-0.441835,0.000007,0.006613,-2.226301,0.000027,-0.000050,0.000000,0.000000,0.000000,-0.000322
2025-10-26T01:40:55.430538,80.402,-0.179932,-0.478321,0.007846,-0.002971,-0.001454,0.897095,-0.441826,0.000016,0.006615,-2.226322,0.000033,-0.000051,0.000000,0.000000,0.000000,-0.000322
2025-10-26T01:40:55.530306,80.502,-0.179935,-0.478324,0.007823,-0.002976,-0.001447,0.897102,-0.441811,0.000033,0.006618,-2.226354,0.000016,-0.000052,0.000000,0.000000,0.000000,-0.000321
2025-10-26T01:40:55.630631,80.602,-0.179936,-0.478327,0.007841,-0.002974,-0.001450,0.897107,-0.441801,0.000026,0.006618,-2.226376,0.000028,-0.000048,0.000000,0.000000,0.000000,-0.000321
2025-10-26T01:40:55.730954,80.702,-0.179938,-0.478329,0.007833,-0.002970,-0.001451,0.897112,-0.441792,0.000021,0.006612,-2.226397,0.000022,-0.000050,0.000000,0.000000,0.000000,-0.000322
2025-10-26T01:40:55.830672,80.802,-0.179940,-0.478331,0.007824,-0.002973,-0.001448,0.897116,-0.441782,0.000029,0.006614,-2.226419,0.000015,-0.000052,0.000000,0.000000,0.000000,-0.000321
2025-10-26T01:40:55.930157,80.902,-0.179942,-0.478334,0.007845,-0.002977,-0.001446,0.897121,-0.441772,0.000037,0.006620,-2.226440,0.000034,-0.000050,0.000000,0.000000,0.000000,-0.000321
2025-10-26T01:40:56.030367,81.002,-0.179944,-0.478337,0.007818,-0.002969,-0.001448,0.897128,-0.441758,0.000025,0.006607,-2.226473,0.000002,-0.000049,0.000000,0.000000,0.000000,-0.000321
2025-10-26T01:40:56.130892,81.102,-0.179946,-0.478339,0.007839,-0.002973,-0.001448,0.897133,-0.441748,0.000029,0.006613,-2.226494,0.000026,-0.000051,0.000000,0.000000,0.000000,-0.000321
2025-10-26T01:40:56.230578,81.202,-0.179948,-0.478342,0.007835,-0.002972,-0.001444,0.897138,-0.441739,0.000034,0.006609,-2.226515,0.000024,-0.000049,0.000000,0.000000,0.000000,-0.000321
2025-10-26T01:40:56.330136,81.301,-0.179951,-0.478345,0.007835,-0.002976,-0.001448,0.897145,-0.441724,0.000030,0.006619,-2.226548,0.000024,-0.000046,0.000000,0.000000,0.000000,-0.000320
2025-10-26T01:40:56.430372,81.402,-0.179952,-0.478348,0.007840,-0.002973,-0.001457,0.897149,-0.441715,0.000011,0.006621,-2.226569,0.000031,-0.000046,0.000000,0.000000,0.000000,-0.000321
2025-10-26T01:40:56.530333,81.502,-0.179955,-0.478351,0.007843,-0.002975,-0.001459,0.897157,-0.441700,0.000011,0.006628,-2.226602,0.000030,-0.000050,0.000000,0.000000,0.000000,-0.000321
2025-10-26T01:40:56.630442,81.602,-0.179957,-0.478353,0.007823,-0.002973,-0.001453,0.897161,-0.441691,0.000018,0.006618,-2.226623,0.000007,-0.000050,0.000000,0.000000,0.000000,-0.000321
2025-10-26T01:40:56.730381,81.702,-0.179959,-0.478357,0.007839,-0.002971,-0.001455,0.897168,-0.441676,0.000013,0.006616,-2.226655,0.000025,-0.000048,0.000000,0.000000,0.000000,-0.000320
2025-10-26T01:40:56.830032,81.801,-0.179961,-0.478359,0.007841,-0.002969,-0.001452,0.897173,-0.441667,0.000017,0.006610,-2.226677,0.000028,-0.000048,0.000000,0.000000,0.000000,-0.000320
2025-10-26T01:40:56.930666,81.902,-0.180370,-0.478890,0.007844,-0.002967,-0.001439,0.897181,-0.441652,0.000039,0.006595,-2.226710,0.010032,-0.000049,0.000000,0.000000,0.000000,-0.000336
2025-10-26T01:40:57.030994,82.002,-0.180786,-0.479431,0.007845,-0.002966,-0.001450,0.897185,-0.441642,0.000017,0.006603,-2.226732,0.010034,-0.000042,0.000000,0.000000,0.000000,-0.000321
2025-10-26T01:40:57.130829,82.102,-0.181614,-0.480507,0.007835,-0.002968,-0.001460,0.897193,-0.441627,0.000001,0.006615,-2.226765,0.015019,-0.000051,0.000000,0.000000,0.000000,-0.000324
2025-10-26T01:40:57.230494,82.202,-0.182441,-0.481582,0.007818,-0.002968,-0.001450,0.897198,-0.441617,0.000019,0.006606,-2.226787,0.020000,-0.000051,0.000000,0.000000,0.000000,-0.000326
2025-10-26T01:40:57.330946,82.302,-0.183891,-0.483466,0.007842,-0.002965,-0.001453,0.897205,-0.441602,0.000012,0.006603,-2.226820,0.025028,-0.000046,0.000000,0.000000,0.000000,-0.000323
2025-10-26T01:40:57.430447,82.402,-0.185133,-0.485079,0.007844,-0.002963,-0.001453,0.897210,-0.441592,0.000009,0.006600,-2.226843,0.030031,-0.000052,0.000000,0.000000,0.000000,-0.000325
2025-10-26T01:40:57.530495,82.502,-0.186583,-0.486961,0.007844,-0.002971,-0.001438,0.897215,-0.441582,0.000043,0.006602,-2.226865,0.035034,-0.000053,0.000000,0.000000,0.000000,-0.000326
2025-10-26T01:40:57.630252,82.601,-0.189070,-0.490192,0.007835,-0.002971,-0.001452,0.897222,-0.441567,0.000018,0.006613,-2.226898,0.040025,-0.000042,0.000000,0.000000,0.000000,-0.000320
2025-10-26T01:40:57.730394,82.702,-0.190934,-0.492614,0.007816,-0.002964,-0.001461,0.897227,-0.441557,-0.000005,0.006610,-2.226920,0.044994,-0.000050,0.000000,0.000000,0.000000,-0.000324
2025-10-26T01:40:57.830181,82.802,-0.194044,-0.496652,0.007851,-0.002976,-0.001436,0.897234,-0.441542,0.000052,0.006608,-2.226953,0.050036,-0.000054,0.000000,0.000000,0.000000,-0.000322
2025-10-26T01:40:57.930570,82.902,-0.196323,-0.499613,0.007837,-0.002969,-0.001442,0.897239,-0.441532,0.000033,0.006602,-2.226975,0.055021,-0.000041,0.000000,0.000000,0.000000,-0.000321
2025-10-26T01:40:58.030508,83.002,-0.200155,-0.504589,0.007825,-0.002958,-0.001463,0.897247,-0.441517,-0.000013,0.006601,-2.227009,0.065018,-0.000054,0.000000,0.000000,0.000000,-0.000334
2025-10-26T01:40:58.130481,83.102,-0.202953,-0.508222,0.007833,-0.002968,-0.001448,0.897252,-0.441507,0.000023,0.006605,-2.227031,0.070024,-0.000057,0.000000,0.000000,0.000000,-0.000332
2025-10-26T01:40:58.231054,83.202,-0.205859,-0.511996,0.007843,-0.002978,-0.001438,0.897256,-0.441498,0.000050,0.006614,-2.227053,0.070034,-0.000050,0.000000,0.000000,0.000000,-0.000321
2025-10-26T01:40:58.330581,83.302,-0.210625,-0.518184,0.007819,-0.002960,-0.001457,0.897264,-0.441483,-0.000001,0.006598,-2.227087,0.079939,-0.000048,0.000000,0.000000,0.000000,-0.000329
2025-10-26T01:40:58.430217,83.401,-0.213946,-0.522496,0.007826,-0.002967,-0.001455,0.897269,-0.441473,0.000009,0.006608,-2.227108,0.080018,-0.000055,0.000000,0.000000,0.000000,-0.000321
2025-10-26T01:40:58.531227,83.502,-0.218927,-0.528964,0.007841,-0.002979,-0.001450,0.897175,-0.441663,0.000030,0.006625,-2.226685,0.079998,-0.000085,0.000000,0.000000,0.000000,0.023646
2025-10-26T01:40:58.630650,83.602,-0.222239,-0.533278,0.007839,-0.002969,-0.001455,0.896542,-0.442947,0.000022,0.006613,-2.223821,0.079927,-0.000075,0.000000,0.000000,0.000000,0.066661
2025-10-26T01:40:58.731025,83.702,-0.225531,-0.537602,0.007840,-0.002958,-0.001465,0.895311,-0.445429,0.000011,0.006602,-2.218280,0.079898,-0.000072,0.000000,0.000000,0.000000,0.090621
2025-10-26T01:40:58.830254,83.801,-0.230417,-0.544125,0.007824,-0.002958,-0.001468,0.893030,-0.449985,0.000040,0.006605,-2.208091,0.079832,0.000004,0.000000,0.000000,0.000000,0.121847
2025-10-26T01:40:58.930481,83.902,-0.233630,-0.548502,0.007819,-0.002948,-0.001495,0.890865,-0.454257,0.000015,0.006610,-2.198512,0.079774,-0.000042,0.000000,0.000000,0.000000,0.165818
2025-10-26T01:40:59.030488,84.002,-0.236792,-0.552911,0.007841,-0.002943,-0.001519,0.888057,-0.459721,0.000008,0.006625,-2.186225,0.079758,-0.000117,0.000000,0.000000,0.000000,0.189895
2025-10-26T01:40:59.130531,84.102,-0.239897,-0.557358,0.007817,-0.002935,-0.001534,0.885011,-0.465559,0.000018,0.006623,-2.173054,0.079715,-0.000111,0.000000,0.000000,0.000000,0.196007
2025-10-26T01:40:59.230803,84.202,-0.242942,-0.561845,0.007822,-0.002926,-0.001545,0.881873,-0.471475,0.000033,0.006617,-2.159661,0.079725,-0.000110,0.000000,0.000000,0.000000,0.197540
2025-10-26T01:40:59.330746,84.302,-0.245927,-0.566373,0.007842,-0.002913,-0.001560,0.878683,-0.477395,0.000039,0.006608,-2.146212,0.079741,-0.000105,0.000000,0.000000,0.000000,0.197918
2025-10-26T01:40:59.430847,84.402,-0.250289,-0.573239,0.007846,-0.002890,-0.001600,0.873818,-0.486243,0.000015,0.006607,-2.126017,0.079743,-0.000110,0.000000,0.000000,0.000000,0.198005
2025-10-26T01:40:59.530000,84.501,-0.253120,-0.577864,0.007821,-0.002883,-0.001617,0.870524,-0.492114,0.000023,0.006611,-2.112553,0.079707,-0.000133,0.000000,0.000000,0.000000,0.197999
2025-10-26T01:40:59.630163,84.601,-0.255888,-0.582527,0.007819,-0.002875,-0.001634,0.867192,-0.497963,0.000028,0.006614,-2.099089,0.079710,-0.000125,0.000000,0.000000,0.000000,0.197980
2025-10-26T01:40:59.730061,84.701,-0.259933,-0.589590,0.007846,-0.002863,-0.001659,0.862986,-0.505217,0.000030,0.006617,-2.082320,0.079839,-0.000035,0.000000,0.000000,0.000000,0.129562
2025-10-26T01:40:59.830573,84.802,-0.262575,-0.594335,0.007816,-0.002852,-0.001667,0.861005,-0.508586,0.000031,0.006607,-2.074503,0.079839,-0.000137,0.000000,0.000000,0.000000,0.106108
2025-10-26T01:40:59.930159,84.901,-0.266473,-0.601490,0.007843,-0.002847,-0.001683,0.858355,-0.513046,0.000032,0.006615,-2.064127,0.079879,-0.000078,0.000000,0.000000,0.000000,0.099577
2025-10-26T01:41:00.030141,85.001,-0.269032,-0.606283,0.007822,-0.002836,-0.001698,0.856620,-0.515937,0.000017,0.006611,-2.057383,0.079855,-0.000093,0.000000,0.000000,0.000000,0.098916
2025-10-26T01:41:00.131395,85.102,-0.272809,-0.613503,0.007835,-0.002831,-0.001711,0.854010,-0.520247,0.000024,0.006615,-2.047306,0.079869,-0.000088,0.000000,0.000000,0.000000,0.098726
2025-10-26T01:41:00.231218,85.202,-0.275291,-0.618338,0.007840,-0.002829,-0.001712,0.852672,-0.522437,0.000036,0.006613,-2.042173,0.079941,-0.000073,0.000000,0.000000,0.000000,0.060968
2025-10-26T01:41:00.330331,85.302,-0.277752,-0.623187,0.007824,-0.002829,-0.001712,0.851814,-0.523834,0.000048,0.006612,-2.038895,0.079968,-0.000041,0.000000,0.000000,0.000000,0.026690
2025-10-26T01:41:00.430404,85.402,-0.281430,-0.630474,0.007840,-0.002819,-0.001728,0.851535,-0.524287,0.000013,0.006613,-2.037830,0.080024,-0.000037,0.000000,0.000000,0.000000,0.002547
2025-10-26T01:41:00.530078,85.501,-0.283880,-0.635334,0.007843,-0.002820,-0.001728,0.851516,-0.524318,0.000015,0.006615,-2.037757,0.080030,-0.000049,0.000000,0.000000,0.000000,0.000186
2025-10-26T01:41:00.630653,85.602,-0.287556,-0.642624,0.007819,-0.002823,-0.001718,0.851522,-0.524308,0.000034,0.006609,-2.037782,0.080006,-0.000049,0.000000,0.000000,0.000000,-0.000454
2025-10-26T01:41:00.730367,85.702,-0.290006,-0.647485,0.007827,-0.002826,-0.001717,0.851531,-0.524294,0.000040,0.006613,-2.037815,0.080017,-0.000047,0.000000,0.000000,0.000000,-0.000515
2025-10-26T01:41:00.830439,85.801,-0.293682,-0.654775,0.007834,-0.002815,-0.001732,0.851545,-0.524271,0.000002,0.006610,-2.037868,0.080022,-0.000049,0.000000,0.000000,0.000000,-0.000532
2025-10-26T01:41:00.930874,85.902,-0.296133,-0.659634,0.007842,-0.002826,-0.001723,0.851554,-0.524256,0.000029,0.006619,-2.037904,0.080033,-0.000051,0.000000,0.000000,0.000000,-0.000533
2025-10-26T01:41:01.030140,86.001,-0.298584,-0.664494,0.007834,-0.002826,-0.001716,0.851564,-0.524241,0.000040,0.006613,-2.037940,0.080026,-0.000045,0.000000,0.000000,0.000000,-0.000532
2025-10-26T01:41:01.130195,86.101,-0.302261,-0.671784,0.007819,-0.002816,-0.001726,0.851578,-0.524218,0.000013,0.006606,-2.037994,0.080004,-0.000046,0.000000,0.000000,0.000000,-0.000532
2025-10-26T01:41:01.230429,86.202,-0.304712,-0.676643,0.007839,-0.002822,-0.001729,0.851587,-0.524202,0.000015,0.006619,-2.038029,0.080027,-0.000049,0.000000,0.000000,0.000000,-0.000531
2025-10-26T01:41:01.330361,86.301,-0.308390,-0.683932,0.007820,-0.002823,-0.001726,0.851601,-0.524180,0.000020,0.006618,-2.038083,0.080008,-0.000046,0.000000,0.000000,0.000000,-0.000530
2025-10-26T01:41:01.430796,86.402,-0.310842,-0.688792,0.007820,-0.002821,-0.001722,0.851611,-0.524164,0.000025,0.006610,-2.038119,0.080008,-0.000051,0.000000,0.000000,0.000000,-0.000529
2025-10-26T01:41:01.530685,86.502,-0.313294,-0.693651,0.007840,-0.002824,-0.001720,0.851620,-0.524149,0.000032,0.006613,-2.038154,0.080028,-0.000047,0.000000,0.000000,0.000000,-0.000529
2025-10-26T01:41:01.630404,86.602,-0.315746,-0.698510,0.007840,-0.002822,-0.001725,0.851629,-0.524134,0.000020,0.006615,-2.038190,0.080033,-0.000044,0.000000,0.000000,0.000000,-0.000529
2025-10-26T01:41:01.730060,86.701,-0.319425,-0.705799,0.007839,-0.002824,-0.001730,0.851643,-0.524111,0.000013,0.006625,-2.038243,0.080026,-0.000048,0.000000,0.000000,0.000000,-0.000527
2025-10-26T01:41:01.830376,86.802,-0.321878,-0.710657,0.007834,-0.002824,-0.001730,0.851653,-0.524096,0.000014,0.006623,-2.038279,0.080026,-0.000046,0.000000,0.000000,0.000000,-0.000527
2025-10-26T01:41:01.930936,86.902,-0.324330,-0.715516,0.007829,-0.002818,-0.001725,0.851662,-0.524081,0.000015,0.006608,-2.038314,0.080012,-0.000047,0.000000,0.000000,0.000000,-0.000527
2025-10-26T01:41:02.030349,87.002,-0.326784,-0.720375,0.007827,-0.002822,-0.001718,0.851671,-0.524066,0.000032,0.006608,-2.038350,0.080017,-0.000051,0.000000,0.000000,0.000000,-0.000526
2025-10-26T01:41:02.130510,87.102,-0.330464,-0.727663,0.007845,-0.002826,-0.001723,0.851685,-0.524043,0.000026,0.006619,-2.038403,0.080036,-0.000046,0.000000,0.000000,0.000000,-0.000526
2025-10-26T01:41:02.230555,87.202,-0.332917,-0.732522,0.007821,-0.002823,-0.001724,0.851694,-0.524028,0.000022,0.006617,-2.038438,0.080007,-0.000044,0.000000,0.000000,0.000000,-0.000525
2025-10-26T01:41:02.330467,87.302,-0.336597,-0.739809,0.007840,-0.002820,-0.001735,0.851708,-0.524006,0.000000,0.006622,-2.038491,0.080029,-0.000049,0.000000,0.000000,0.000000,-0.000525
2025-10-26T01:41:02.430077,87.401,-0.340279,-0.747097,0.007824,-0.002822,-0.001719,0.851722,-0.523983,0.000029,0.006610,-2.038544,0.080009,-0.000049,0.000000,0.000000,0.000000,-0.000525
2025-10-26T01:41:02.530685,87.502,-0.342733,-0.751955,0.007823,-0.002821,-0.001717,0.851731,-0.523968,0.000032,0.006605,-2.038579,0.080011,-0.000050,0.000000,0.000000,0.000000,-0.000523
2025-10-26T01:41:02.630169,87.602,-0.345187,-0.756813,0.007833,-0.002821,-0.001723,0.851741,-0.523953,0.000022,0.006611,-2.038615,0.080021,-0.000048,0.000000,0.000000,0.000000,-0.000523
2025-10-26T01:41:02.730731,87.702,-0.348869,-0.764100,0.007823,-0.002822,-0.001725,0.851754,-0.523931,0.000018,0.006616,-2.038667,0.080011,-0.000045,0.000000,0.000000,0.000000,-0.000523
2025-10-26T01:41:02.829877,87.801,-0.352551,-0.771387,0.007828,-0.002821,-0.001724,0.851768,-0.523908,0.000019,0.006613,-2.038720,0.080016,-0.000050,0.000000,0.000000,0.000000,-0.000521
2025-10-26T01:41:02.930597,87.902,-0.355006,-0.776244,0.007846,-0.002823,-0.001719,0.851777,-0.523893,0.000029,0.006610,-2.038755,0.080032,-0.000050,0.000000,0.000000,0.000000,-0.000521
2025-10-26T01:41:03.030464,88.002,-0.358689,-0.783531,0.007817,-0.002821,-0.001719,0.851791,-0.523871,0.000027,0.006608,-2.038808,0.080004,-0.000046,0.000000,0.000000,0.000000,-0.000519
2025-10-26T01:41:03.130544,88.102,-0.361144,-0.788388,0.007843,-0.002823,-0.001727,0.851800,-0.523856,0.000016,0.006619,-2.038843,0.080031,-0.000047,0.000000,0.000000,0.000000,-0.000518
2025-10-26T01:41:03.231957,88.203,-0.364828,-0.795675,0.007819,-0.002822,-0.001728,0.851814,-0.523834,0.000012,0.006617,-2.038895,0.080009,-0.000050,0.000000,0.000000,0.000000,-0.000516
2025-10-26T01:41:03.331072,88.302,-0.367284,-0.800532,0.007845,-0.002826,-0.001730,0.851823,-0.523819,0.000013,0.006626,-2.038930,0.080033,-0.000048,0.000000,0.000000,0.000000,-0.000516
2025-10-26T01:41:03.430935,88.402,-0.369740,-0.805389,0.007825,-0.002823,-0.001726,0.851832,-0.523804,0.000016,0.006617,-2.038964,0.080012,-0.000046,0.000000,0.000000,0.000000,-0.000516
2025-10-26T01:41:03.530684,88.502,-0.373424,-0.812675,0.007831,-0.002818,-0.001725,0.851846,-0.523782,0.000014,0.006608,-2.039016,0.080018,-0.000047,0.000000,0.000000,0.000000,-0.000514
2025-10-26T01:41:03.630688,88.602,-0.375880,-0.817532,0.007843,-0.002820,-0.001727,0.851855,-0.523767,0.000012,0.006615,-2.039051,0.080033,-0.000049,0.000000,0.000000,0.000000,-0.000514
2025-10-26T01:41:03.730987,88.702,-0.378337,-0.822389,0.007818,-0.002824,-0.001724,0.851864,-0.523753,0.000021,0.006618,-2.039085,0.080007,-0.000047,0.000000,0.000000,0.000000,-0.000513
2025-10-26T01:41:03.830439,88.802,-0.382022,-0.829674,0.007819,-0.002821,-0.001720,0.851878,-0.523731,0.000024,0.006609,-2.039137,0.080008,-0.000048,0.000000,0.000000,0.000000,-0.000510
2025-10-26T01:41:03.929968,88.901,-0.384480,-0.834531,0.007831,-0.002820,-0.001719,0.851887,-0.523716,0.000026,0.006605,-2.039172,0.080019,-0.000049,0.000000,0.000000,0.000000,-0.000510
2025-10-26T01:41:04.030389,89.002,-0.388165,-0.841816,0.007842,-0.002820,-0.001727,0.851900,-0.523694,0.000011,0.006614,-2.039223,0.080032,-0.000046,0.000000,0.000000,0.000000,-0.000510
2025-10-26T01:41:04.131266,89.102,-0.390623,-0.846672,0.007818,-0.002819,-0.001731,0.851909,-0.523679,0.000003,0.006617,-2.039257,0.080007,-0.000046,0.000000,0.000000,0.000000,-0.000510
2025-10-26T01:41:04.230855,89.202,-0.394309,-0.853957,0.007840,-0.002828,-0.001725,0.851922,-0.523658,0.000023,0.006625,-2.039309,0.080031,-0.000051,0.000000,0.000000,0.000000,-0.000509
2025-10-26T01:41:04.330453,89.302,-0.396767,-0.858813,0.007829,-0.002821,-0.001717,0.851931,-0.523643,0.000030,0.006606,-2.039343,0.080013,-0.000045,0.000000,0.000000,0.000000,-0.000508
2025-10-26T01:41:04.430454,89.402,-0.400454,-0.866097,0.007830,-0.002821,-0.001723,0.851945,-0.523621,0.000018,0.006611,-2.039394,0.080020,-0.000047,0.000000,0.000000,0.000000,-0.000506
2025-10-26T01:41:04.530137,89.501,-0.402913,-0.870953,0.007840,-0.002822,-0.001727,0.851954,-0.523607,0.000013,0.006618,-2.039428,0.080028,-0.000049,0.000000,0.000000,0.000000,-0.000506
2025-10-26T01:41:04.630582,89.602,-0.406601,-0.878237,0.007814,-0.002827,-0.001718,0.851967,-0.523585,0.000032,0.006616,-2.039479,0.080003,-0.000050,0.000000,0.000000,0.000000,-0.000505
2025-10-26T01:41:04.730325,89.702,-0.409059,-0.883093,0.007834,-0.002827,-0.001716,0.851976,-0.523570,0.000037,0.006615,-2.039513,0.080021,-0.000047,0.000000,0.000000,0.000000,-0.000504
2025-10-26T01:41:04.830368,89.802,-0.412747,-0.890377,0.007841,-0.002820,-0.001722,0.851989,-0.523549,0.000018,0.006609,-2.039564,0.080033,-0.000045,0.000000,0.000000,0.000000,-0.000504
2025-10-26T01:41:04.930885,89.902,-0.416436,-0.897660,0.007824,-0.002823,-0.001726,0.852003,-0.523527,0.000014,0.006619,-2.039615,0.080016,-0.000050,0.000000,0.000000,0.000000,-0.000503
2025-10-26T01:41:05.030277,90.002,-0.418896,-0.902516,0.007836,-0.002826,-0.001726,0.852011,-0.523513,0.000017,0.006622,-2.039649,0.080024,-0.000047,0.000000,0.000000,0.000000,-0.000502
2025-10-26T01:41:05.130271,90.102,-0.422585,-0.909799,0.007843,-0.002820,-0.001722,0.852025,-0.523491,0.000018,0.006609,-2.039700,0.080033,-0.000046,0.000000,0.000000,0.000000,-0.000502
2025-10-26T01:41:05.230030,90.201,-0.426275,-0.917082,0.007818,-0.002819,-0.001722,0.852038,-0.523469,0.000018,0.006607,-2.039750,0.080005,-0.000050,0.000000,0.000000,0.000000,-0.000502
2025-10-26T01:41:05.330300,90.302,-0.428735,-0.921937,0.007843,-0.002828,-0.001722,0.852047,-0.523455,0.000027,0.006622,-2.039784,0.080031,-0.000050,0.000000,0.000000,0.000000,-0.000501
2025-10-26T01:41:05.430745,90.402,-0.432425,-0.929220,0.007838,-0.002822,-0.001726,0.852060,-0.523434,0.000013,0.006615,-2.039835,0.080029,-0.000043,0.000000,0.000000,0.000000,-0.000501
2025-10-26T01:41:05.530278,90.502,-0.434885,-0.934075,0.007820,-0.002817,-0.001729,0.852069,-0.523419,0.000003,0.006611,-2.039868,0.080006,-0.000047,0.000000,0.000000,0.000000,-0.000501
2025-10-26T01:41:05.630639,90.602,-0.438577,-0.941357,0.007841,-0.002827,-0.001720,0.852082,-0.523398,0.000028,0.006618,-2.039919,0.080030,-0.000048,0.000000,0.000000,0.000000,-0.000500
2025-10-26T01:41:05.730321,90.702,-0.441037,-0.946212,0.007822,-0.002825,-0.001716,0.852091,-0.523383,0.000033,0.006610,-2.039952,0.080009,-0.000046,0.000000,0.000000,0.000000,-0.000499
2025-10-26T01:41:05.830446,90.802,-0.444729,-0.953494,0.007850,-0.002830,-0.001714,0.852104,-0.523362,0.000041,0.006617,-2.040003,0.080036,-0.000047,0.000000,0.000000,0.000000,-0.000498
2025-10-26T01:41:05.930669,90.902,-0.448421,-0.960776,0.007816,-0.002822,-0.001724,0.852117,-0.523341,0.000015,0.006614,-2.040053,0.080004,-0.000046,0.000000,0.000000,0.000000,-0.000497
2025-10-26T01:41:06.030823,91.002,-0.450882,-0.965631,0.007843,-0.002823,-0.001732,0.852126,-0.523326,0.000003,0.006624,-2.040086,0.080031,-0.000047,0.000000,0.000000,0.000000,-0.000497
2025-10-26T01:41:06.130828,91.102,-0.454575,-0.972912,0.007816,-0.002823,-0.001722,0.852139,-0.523305,0.000019,0.006614,-2.040136,0.080002,-0.000049,0.000000,0.000000,0.000000,-0.000495
2025-10-26T01:41:06.230372,91.202,-0.457037,-0.977766,0.007827,-0.002822,-0.001718,0.852148,-0.523291,0.000025,0.006608,-2.040170,0.080016,-0.000048,0.000000,0.000000,0.000000,-0.000494
2025-10-26T01:41:06.330147,91.302,-0.460730,-0.985048,0.007843,-0.002822,-0.001723,0.852161,-0.523270,0.000017,0.006613,-2.040220,0.080029,-0.000049,0.000000,0.000000,0.000000,-0.000493
2025-10-26T01:41:06.432249,91.403,-0.464423,-0.992329,0.007817,-0.002825,-0.001721,0.852174,-0.523248,0.000023,0.006617,-2.040269,0.080004,-0.000046,0.000000,0.000000,0.000000,-0.000492
2025-10-26T01:41:06.530916,91.502,-0.466886,-0.997183,0.007820,-0.002822,-0.001718,0.852182,-0.523234,0.000026,0.006607,-2.040302,0.080004,-0.000048,0.000000,0.000000,0.000000,-0.000490
2025-10-26T01:41:06.631956,91.603,-0.470580,-1.004463,0.007831,-0.002822,-0.001713,0.852195,-0.523213,0.000033,0.006603,-2.040352,0.080019,-0.000050,0.000000,0.000000,0.000000,-0.000490
2025-10-26T01:41:06.730373,91.702,-0.473043,-1.009317,0.007843,-0.002826,-0.001719,0.852204,-0.523199,0.000026,0.006615,-2.040385,0.080031,-0.000047,0.000000,0.000000,0.000000,-0.000489
2025-10-26T01:41:06.830901,91.802,-0.476738,-1.016598,0.007819,-0.002829,-0.001722,0.852217,-0.523178,0.000025,0.006623,-2.040434,0.080010,-0.000050,0.000000,0.000000,0.000000,-0.000488
2025-10-26T01:41:06.930457,91.902,-0.479201,-1.021451,0.007828,-0.002824,-0.001720,0.852226,-0.523164,0.000024,0.006613,-2.040467,0.080016,-0.000050,0.000000,0.000000,0.000000,-0.000487
2025-10-26T01:41:07.030393,92.002,-0.482896,-1.028731,0.007843,-0.002824,-0.001720,0.852238,-0.523143,0.000024,0.006613,-2.040516,0.080033,-0.000047,0.000000,0.000000,0.000000,-0.000487
2025-10-26T01:41:07.130635,92.102,-0.485360,-1.033585,0.007819,-0.002823,-0.001720,0.852247,-0.523129,0.000022,0.006612,-2.040549,0.080006,-0.000046,0.000000,0.000000,0.000000,-0.000486
2025-10-26T01:41:07.230653,92.202,-0.489056,-1.040865,0.007836,-0.002826,-0.001722,0.852260,-0.523108,0.000022,0.006619,-2.040598,0.080024,-0.000047,0.000000,0.000000,0.000000,-0.000485
2025-10-26T01:41:07.331343,92.303,-0.492752,-1.048144,0.007832,-0.002824,-0.001715,0.852273,-0.523088,0.000030,0.006607,-2.040647,0.080019,-0.000047,0.000000,0.000000,0.000000,-0.000484
2025-10-26T01:41:07.430285,92.402,-0.495217,-1.052997,0.007819,-0.002822,-0.001721,0.852281,-0.523074,0.000019,0.006611,-2.040679,0.080010,-0.000048,0.000000,0.000000,0.000000,-0.000483
2025-10-26T01:41:07.530668,92.502,-0.497681,-1.057850,0.007845,-0.002825,-0.001727,0.852290,-0.523060,0.000011,0.006621,-2.040712,0.080033,-0.000047,0.000000,0.000000,0.000000,-0.000483
2025-10-26T01:41:07.630473,92.602,-0.501378,-1.065129,0.007823,-0.002825,-0.001728,0.852302,-0.523039,0.000011,0.006623,-2.040760,0.080015,-0.000049,0.000000,0.000000,0.000000,-0.000482
2025-10-26T01:41:07.730184,92.701,-0.505076,-1.072408,0.007832,-0.002825,-0.001719,0.852315,-0.523018,0.000025,0.006614,-2.040809,0.080019,-0.000050,0.000000,0.000000,0.000000,-0.000482
2025-10-26T01:41:07.830115,92.801,-0.507541,-1.077261,0.007822,-0.002826,-0.001716,0.852323,-0.523005,0.000030,0.006612,-2.040841,0.080011,-0.000050,0.000000,0.000000,0.000000,-0.000480
2025-10-26T01:41:07.930737,92.902,-0.511239,-1.084540,0.007844,-0.002830,-0.001719,0.852336,-0.522984,0.000029,0.006622,-2.040890,0.080036,-0.000048,0.000000,0.000000,0.000000,-0.000481
2025-10-26T01:41:08.031056,93.002,-0.514937,-1.091818,0.007823,-0.002826,-0.001716,0.852349,-0.522963,0.000030,0.006612,-2.040938,0.080013,-0.000046,0.000000,0.000000,0.000000,-0.000479
2025-10-26T01:41:08.130533,93.102,-0.517403,-1.096671,0.007846,-0.002823,-0.001721,0.852357,-0.522949,0.000019,0.006611,-2.040971,0.080033,-0.000047,0.000000,0.000000,0.000000,-0.000480
2025-10-26T01:41:08.230649,93.202,-0.521102,-1.103949,0.007817,-0.002819,-0.001725,0.852370,-0.522929,0.000008,0.006609,-2.041019,0.080006,-0.000047,0.000000,0.000000,0.000000,-0.000479
2025-10-26T01:41:08.330328,93.302,-0.523568,-1.108801,0.007844,-0.002825,-0.001725,0.852378,-0.522915,0.000013,0.006620,-2.041051,0.080032,-0.000049,0.000000,0.000000,0.000000,-0.000479
2025-10-26T01:41:08.430085,93.401,-0.527268,-1.116079,0.007821,-0.002830,-0.001717,0.852391,-0.522895,0.000031,0.006620,-2.041099,0.080014,-0.000051,0.000000,0.000000,0.000000,-0.000478
2025-10-26T01:41:08.530241,93.502,-0.529734,-1.120931,0.007840,-0.002829,-0.001714,0.852399,-0.522881,0.000036,0.006615,-2.041131,0.080026,-0.000046,0.000000,0.000000,0.000000,-0.000477
2025-10-26T01:41:08.630106,93.601,-0.533434,-1.128209,0.007834,-0.002819,-0.001719,0.852412,-0.522860,0.000017,0.006604,-2.041180,0.080024,-0.000043,0.000000,0.000000,0.000000,-0.000477
2025-10-26T01:41:08.729958,93.701,-0.537135,-1.135486,0.007832,-0.002826,-0.001723,0.852425,-0.522840,0.000017,0.006620,-2.041228,0.080022,-0.000049,0.000000,0.000000,0.000000,-0.000476
2025-10-26T01:41:08.830077,93.801,-0.539602,-1.140338,0.007841,-0.002829,-0.001723,0.852433,-0.522826,0.000020,0.006625,-2.041260,0.080032,-0.000049,0.000000,0.000000,0.000000,-0.000476
2025-10-26T01:41:08.930879,93.902,-0.543303,-1.147615,0.007825,-0.002821,-0.001717,0.852445,-0.522806,0.000022,0.006606,-2.041308,0.080010,-0.000045,0.000000,0.000000,0.000000,-0.000475
2025-10-26T01:41:09.030689,94.002,-0.545771,-1.152466,0.007821,-0.002818,-0.001720,0.852454,-0.522792,0.000014,0.006602,-2.041340,0.080006,-0.000047,0.000000,0.000000,0.000000,-0.000474
2025-10-26T01:41:09.129943,94.101,-0.549472,-1.159743,0.007835,-0.002828,-0.001719,0.852466,-0.522772,0.000027,0.006618,-2.041387,0.080023,-0.000047,0.000000,0.000000,0.000000,-0.000472
2025-10-26T01:41:09.230301,94.202,-0.551940,-1.164594,0.007840,-0.002827,-0.001722,0.852475,-0.522758,0.000021,0.006621,-2.041419,0.080032,-0.000045,0.000000,0.000000,0.000000,-0.000472
2025-10-26T01:41:09.331036,94.302,-0.555643,-1.171871,0.007819,-0.002821,-0.001719,0.852487,-0.522738,0.000018,0.006606,-2.041467,0.080002,-0.000048,0.000000,0.000000,0.000000,-0.000471
2025-10-26T01:41:09.430221,94.401,-0.559345,-1.179147,0.007828,-0.002817,-0.001722,0.852499,-0.522718,0.000010,0.006604,-2.041514,0.080018,-0.000044,0.000000,0.000000,0.000000,-0.000469
2025-10-26T01:41:09.530087,94.501,-0.561814,-1.183998,0.007831,-0.002821,-0.001723,0.852508,-0.522704,0.000010,0.006611,-2.041546,0.080021,-0.000048,0.000000,0.000000,0.000000,-0.000468
2025-10-26T01:41:09.630085,94.601,-0.565517,-1.191275,0.007838,-0.002829,-0.001716,0.852520,-0.522684,0.000031,0.006617,-2.041593,0.080026,-0.000048,0.000000,0.000000,0.000000,-0.000467
2025-10-26T01:41:09.730362,94.702,-0.569220,-1.198551,0.007816,-0.002827,-0.001716,0.852532,-0.522664,0.000029,0.006613,-2.041640,0.080003,-0.000047,0.000000,0.000000,0.000000,-0.000466
2025-10-26T01:41:09.830574,94.802,-0.571690,-1.203401,0.007831,-0.002827,-0.001719,0.852540,-0.522651,0.000024,0.006618,-2.041671,0.080019,-0.000046,0.000000,0.000000,0.000000,-0.000465
2025-10-26T01:41:09.930897,94.902,-0.575394,-1.210677,0.007835,-0.002822,-0.001722,0.852553,-0.522631,0.000014,0.006611,-2.041718,0.080026,-0.000045,0.000000,0.000000,0.000000,-0.000466
2025-10-26T01:41:10.030288,95.002,-0.577863,-1.215527,0.007819,-0.002826,-0.001717,0.852561,-0.522617,0.000026,0.006614,-2.041750,0.080010,-0.000052,0.000000,0.000000,0.000000,-0.000464
2025-10-26T01:41:10.130539,95.102,-0.581568,-1.222803,0.007846,-0.002829,-0.001719,0.852573,-0.522598,0.000026,0.006620,-2.041796,0.080034,-0.000046,0.000000,0.000000,0.000000,-0.000464
2025-10-26T01:41:10.230887,95.202,-0.584038,-1.227653,0.007816,-0.002824,-0.001719,0.852581,-0.522584,0.000021,0.006612,-2.041828,0.080003,-0.000047,0.000000,0.000000,0.000000,-0.000463
2025-10-26T01:41:10.330815,95.302,-0.587743,-1.234928,0.007845,-0.002826,-0.001720,0.852593,-0.522564,0.000020,0.006616,-2.041874,0.080035,-0.000047,0.000000,0.000000,0.000000,-0.000463
2025-10-26T01:41:10.430278,95.401,-0.590213,-1.239778,0.007816,-0.002824,-0.001716,0.852602,-0.522551,0.000024,0.006608,-2.041905,0.080003,-0.000049,0.000000,0.000000,0.000000,-0.000462
2025-10-26T01:41:10.530594,95.502,-0.593919,-1.247053,0.007843,-0.002826,-0.001713,0.852614,-0.522531,0.000032,0.006610,-2.041952,0.080034,-0.000047,0.000000,0.000000,0.000000,-0.000461
2025-10-26T01:41:10.630967,95.602,-0.596390,-1.251902,0.007819,-0.002824,-0.001717,0.852622,-0.522518,0.000024,0.006609,-2.041983,0.080005,-0.000044,0.000000,0.000000,0.000000,-0.000460
2025-10-26T01:41:10.731431,95.703,-0.598861,-1.256752,0.007819,-0.002821,-0.001719,0.852630,-0.522505,0.000016,0.006608,-2.042014,0.080005,-0.000049,0.000000,0.000000,0.000000,-0.000460
2025-10-26T01:41:10.830637,95.802,-0.602567,-1.264027,0.007825,-0.002823,-0.001715,0.852642,-0.522485,0.000025,0.006606,-2.042060,0.080015,-0.000050,0.000000,0.000000,0.000000,-0.000459
2025-10-26T01:41:10.930927,95.902,-0.605038,-1.268876,0.007845,-0.002828,-0.001715,0.852650,-0.522472,0.000030,0.006614,-2.042091,0.080035,-0.000048,0.000000,0.000000,0.000000,-0.000459
2025-10-26T01:41:11.030873,96.002,-0.608746,-1.276150,0.007821,-0.002829,-0.001711,0.852662,-0.522452,0.000038,0.006612,-2.042137,0.080011,-0.000049,0.000000,0.000000,0.000000,-0.000458
2025-10-26T01:41:11.131130,96.102,-0.611217,-1.281000,0.007844,-0.002827,-0.001717,0.852670,-0.522439,0.000025,0.006615,-2.042168,0.080030,-0.000047,0.000000,0.000000,0.000000,-0.000458
2025-10-26T01:41:11.230021,96.201,-0.614925,-1.288273,0.007816,-0.002825,-0.001714,0.852682,-0.522419,0.000029,0.006609,-2.042214,0.080003,-0.000048,0.000000,0.000000,0.000000,-0.000457
2025-10-26T01:41:11.330645,96.302,-0.618633,-1.295547,0.007845,-0.002831,-0.001713,0.852694,-0.522400,0.000037,0.006618,-2.042260,0.080035,-0.000048,0.000000,0.000000,0.000000,-0.000457
2025-10-26T01:41:11.430657,96.402,-0.621105,-1.300396,0.007823,-0.002824,-0.001713,0.852702,-0.522387,0.000029,0.006606,-2.042291,0.080009,-0.000043,0.000000,0.000000,0.000000,-0.000457
2025-10-26T01:41:11.530045,96.501,-0.624814,-1.307670,0.007837,-0.002826,-0.001720,0.852714,-0.522367,0.000018,0.006617,-2.042337,0.080024,-0.000048,0.000000,0.000000,0.000000,-0.000456
2025-10-26T01:41:11.630974,96.602,-0.628522,-1.314943,0.007818,-0.002826,-0.001720,0.852726,-0.522347,0.000019,0.006618,-2.042383,0.080006,-0.000046,0.000000,0.000000,0.000000,-0.000456
2025-10-26T01:41:11.730310,96.702,-0.630995,-1.319792,0.007822,-0.002825,-0.001719,0.852734,-0.522334,0.000019,0.006614,-2.042414,0.080013,-0.000048,0.000000,0.000000,0.000000,-0.000454
2025-10-26T01:41:11.830406,96.802,-0.634705,-1.327065,0.007843,-0.002826,-0.001717,0.852746,-0.522315,0.000024,0.006612,-2.042459,0.080030,-0.000045,0.000000,0.000000,0.000000,-0.000454
2025-10-26T01:41:11.930482,96.902,-0.637178,-1.331913,0.007835,-0.002825,-0.001718,0.852754,-0.522302,0.000021,0.006614,-2.042490,0.080026,-0.000045,0.000000,0.000000,0.000000,-0.000454
2025-10-26T01:41:12.030955,97.002,-0.639651,-1.336762,0.007828,-0.002830,-0.001720,0.852762,-0.522289,0.000023,0.006623,-2.042520,0.080018,-0.000049,0.000000,0.000000,0.000000,-0.000452
2025-10-26T01:41:12.130488,97.102,-0.643362,-1.344035,0.007846,-0.002828,-0.001715,0.852899,-0.522065,0.000027,0.006614,-2.043046,0.080069,0.000004,0.000000,0.000000,0.000000,-0.025558
2025-10-26T01:41:12.230284,97.202,-0.645846,-1.348883,0.007838,-0.002831,-0.001707,0.853685,-0.520779,0.000035,0.006612,-2.046060,0.080147,-0.000043,0.000000,0.000000,0.000000,-0.069389
2025-10-26T01:41:12.330608,97.302,-0.649616,-1.356141,0.007839,-0.002842,-0.001701,0.856000,-0.516965,0.000025,0.006624,-2.054983,0.080172,-0.000004,0.000000,0.000000,0.000000,-0.096233
2025-10-26T01:41:12.430508,97.402,-0.652168,-1.360960,0.007845,-0.002842,-0.001699,0.857716,-0.514114,0.000007,0.006622,-2.061638,0.080185,-0.000006,0.000000,0.000000,0.000000,-0.098873
2025-10-26T01:41:12.530387,97.502,-0.656066,-1.368156,0.007824,-0.002853,-0.001677,0.861066,-0.508483,0.000012,0.006618,-2.074743,0.080230,0.000008,0.000000,0.000000,0.000000,-0.143353
2025-10-26T01:41:12.631039,97.602,-0.658726,-1.372924,0.007832,-0.002862,-0.001653,0.863977,-0.503521,0.000025,0.006610,-2.086248,0.080294,0.000039,0.000000,0.000000,0.000000,-0.185390
2025-10-26T01:41:12.730836,97.702,-0.662830,-1.380017,0.007844,-0.002880,-0.001623,0.869017,-0.494771,0.000030,0.006611,-2.106444,0.080363,0.000065,0.000000,0.000000,0.000000,-0.221986
2025-10-26T01:41:12.830695,97.802,-0.667095,-1.387022,0.007828,-0.002900,-0.001596,0.875324,-0.483525,0.000010,0.006620,-2.132232,0.080428,0.000060,0.000000,0.000000,0.000000,-0.282561
2025-10-26T01:41:12.930470,97.902,-0.670049,-1.391628,0.007845,-0.002916,-0.001572,0.880047,-0.474876,0.000003,0.006625,-2.151941,0.080460,0.000045,0.000000,0.000000,0.000000,-0.294310
2025-10-26T01:41:13.030062,98.001,-0.674651,-1.398423,0.007821,-0.002939,-0.001514,0.887128,-0.461511,0.000026,0.006611,-2.182192,0.080431,0.000029,0.000000,0.000000,0.000000,-0.297705
2025-10-26T01:41:13.130600,98.102,-0.677833,-1.402874,0.007831,-0.002953,-0.001482,0.891758,-0.452501,0.000028,0.006608,-2.202451,0.080443,0.000024,0.000000,0.000000,0.000000,-0.298062
2025-10-26T01:41:13.230608,98.202,-0.682779,-1.409433,0.007843,-0.002973,-0.001448,0.898533,-0.438894,0.000008,0.006614,-2.232853,0.081554,0.000181,0.000000,0.000000,0.000000,-0.297104
2025-10-26T01:41:13.330752,98.302,-0.686205,-1.413745,0.007820,-0.002987,-0.001413,0.902907,-0.429824,0.000016,0.006608,-2.252992,0.080922,0.000047,0.000000,0.000000,0.000000,-0.296159
2025-10-26T01:41:13.431176,98.402,-0.691502,-1.420078,0.007840,-0.003011,-0.001369,0.909300,-0.416127,0.000017,0.006616,-2.283223,0.080940,0.000050,0.000000,0.000000,0.000000,-0.296605
2025-10-26T01:41:13.531746,98.502,-0.695139,-1.424210,0.007845,-0.003025,-0.001339,0.913452,-0.406933,0.000016,0.006616,-2.303400,0.080957,0.000053,0.000000,0.000000,0.000000,-0.296828
2025-10-26T01:41:13.630450,98.602,-0.698858,-1.428268,0.007819,-0.003039,-0.001309,0.917513,-0.397691,0.000016,0.006618,-2.323589,0.080927,0.000065,0.000000,0.000000,0.000000,-0.296965
2025-10-26T01:41:13.730829,98.702,-0.702658,-1.432250,0.007845,-0.003056,-0.001282,0.921483,-0.388406,0.000011,0.006628,-2.343786,0.080953,0.000067,0.000000,0.000000,0.000000,-0.297071
2025-10-26T01:41:13.830327,98.802,-0.708506,-1.438078,0.007832,-0.003073,-0.001233,0.927262,-0.374399,0.000014,0.006622,-2.374092,0.080938,0.000076,0.000000,0.000000,0.000000,-0.297159
2025-10-26T01:41:13.930599,98.902,-0.712502,-1.441864,0.007842,-0.003082,-0.001202,0.930998,-0.365010,0.000012,0.006617,-2.394300,0.080953,0.000078,0.000000,0.000000,0.000000,-0.297208
2025-10-26T01:41:14.030141,99.001,-0.718636,-1.447390,0.007820,-0.003098,-0.001150,0.936423,-0.350857,0.000020,0.006610,-2.424617,0.080923,0.000093,0.000000,0.000000,0.000000,-0.297242
2025-10-26T01:41:14.130471,99.102,-0.722817,-1.450970,0.007845,-0.003114,-0.001119,0.939921,-0.341375,0.000022,0.006618,-2.444830,0.080945,0.000094,0.000000,0.000000,0.000000,-0.297271
2025-10-26T01:41:14.230386,99.202,-0.729221,-1.456179,0.007823,-0.003127,-0.001074,0.944989,-0.327086,0.000016,0.006613,-2.475153,0.080920,0.000105,0.000000,0.000000,0.000000,-0.297295
2025-10-26T01:41:14.330606,99.302,-0.733570,-1.459534,0.007844,-0.003141,-0.001043,0.948245,-0.317522,0.000017,0.006620,-2.495358,0.080455,-0.000088,0.000000,0.000000,0.000000,-0.297199
2025-10-26T01:41:14.430427,99.402,-0.740199,-1.464373,0.007819,-0.003155,-0.000998,0.952953,-0.303100,0.000010,0.006619,-2.525701,0.080436,-0.000088,0.000000,0.000000,0.000000,-0.297613
2025-10-26T01:41:14.530296,99.502,-0.744699,-1.467485,0.007848,-0.003167,-0.000970,0.955971,-0.293441,0.000003,0.006625,-2.545940,0.080470,-0.000103,0.000000,0.000000,0.000000,-0.297654
2025-10-26T01:41:14.630112,99.601,-0.751566,-1.471982,0.007819,-0.003179,-0.000906,0.960315,-0.278897,0.000032,0.006611,-2.576299,0.080435,-0.000094,0.000000,0.000000,0.000000,-0.297635
2025-10-26T01:41:14.730327,99.702,-0.758568,-1.476267,0.007843,-0.003192,-0.000864,0.964438,-0.264289,0.000021,0.006613,-2.606657,0.080477,-0.000112,0.000000,0.000000,0.000000,-0.297610
2025-10-26T01:41:14.830155,99.802,-0.763306,-1.479006,0.007841,-0.003200,-0.000831,0.967063,-0.254517,0.000022,0.006612,-2.626893,0.080483,-0.000112,0.000000,0.000000,0.000000,-0.297599
2025-10-26T01:41:14.930897,99.902,-0.770517,-1.482932,0.007839,-0.003216,-0.000785,0.970814,-0.239812,0.000018,0.006621,-2.657246,0.080489,-0.000119,0.000000,0.000000,0.000000,-0.297563
2025-10-26T01:41:15.030826,100.002,-0.777844,-1.486638,0.007816,-0.003223,-0.000741,0.974341,-0.225053,0.000006,0.006615,-2.687595,0.080461,-0.000099,0.000000,0.000000,0.000000,-0.297538
2025-10-26T01:41:15.130126,100.101,-0.785281,-1.490119,0.007839,-0.003234,-0.000690,0.977643,-0.210243,0.000010,0.006614,-2.717942,0.080506,-0.000127,0.000000,0.000000,0.000000,-0.297512
2025-10-26T01:41:15.230683,100.202,-0.790297,-1.492314,0.007845,-0.003240,-0.000648,0.979720,-0.200344,0.000028,0.006609,-2.738172,0.080521,-0.000124,0.000000,0.000000,0.000000,-0.297501
2025-10-26T01:41:15.331133,100.302,-0.797902,-1.495416,0.007828,-0.003253,-0.000602,0.982647,-0.185458,0.000023,0.006616,-2.768515,0.080515,-0.000115,0.000000,0.000000,0.000000,-0.297468
2025-10-26T01:41:15.430615,100.402,-0.805599,-1.498287,0.007822,-0.003260,-0.000563,0.985347,-0.170530,0.000002,0.006616,-2.798856,0.080507,-0.000097,0.000000,0.000000,0.000000,-0.297465
2025-10-26T01:41:15.529869,100.501,-0.813380,-1.500923,0.007834,-0.003272,-0.000495,0.987820,-0.155563,0.000040,0.006618,-2.829195,0.080537,-0.000114,0.000000,0.000000,0.000000,-0.297439
2025-10-26T01:41:15.630709,100.602,-0.818610,-1.502549,0.007838,-0.003270,-0.000472,0.989343,-0.145566,0.000018,0.006609,-2.849421,0.080546,-0.000109,0.000000,0.000000,0.000000,-0.297435
2025-10-26T01:41:15.730618,100.702,-0.826516,-1.504790,0.007844,-0.003279,-0.000421,0.991437,-0.130543,0.000022,0.006612,-2.879759,0.080566,-0.000101,0.000000,0.000000,0.000000,-0.297435
2025-10-26T01:41:15.830419,100.802,-0.831823,-1.506151,0.007819,-0.003287,-0.000386,0.992707,-0.120510,0.000026,0.006618,-2.899983,0.080542,-0.000091,0.000000,0.000000,0.000000,-0.297423
2025-10-26T01:41:15.930492,100.902,-0.839832,-1.507992,0.007847,-0.003293,-0.000351,0.994420,-0.105439,-0.000003,0.006623,-2.930321,0.080581,-0.000087,0.000000,0.000000,0.000000,-0.297436
2025-10-26T01:41:16.030406,101.002,-0.845201,-1.509084,0.007834,-0.003291,-0.000311,0.995436,-0.095378,0.000009,0.006612,-2.950546,0.080568,-0.000069,0.000000,0.000000,0.000000,-0.297441
2025-10-26T01:41:16.130615,101.102,-0.853294,-1.510519,0.007820,-0.003291,-0.000256,0.996768,-0.080268,0.000018,0.006602,-2.980884,0.080552,-0.000049,0.000000,0.000000,0.000000,-0.297440
2025-10-26T01:41:16.230429,101.202,-0.858712,-1.511339,0.007829,-0.003297,-0.000229,0.997529,-0.070183,0.000007,0.006610,-3.001110,0.080576,-0.000056,0.000000,0.000000,0.000000,-0.297446
2025-10-26T01:41:16.330349,101.302,-0.866872,-1.512373,0.007827,-0.003306,-0.000174,0.998479,-0.055035,0.000016,0.006620,-3.031467,0.080606,0.000113,0.000000,0.000000,0.000000,-0.298101
2025-10-26T01:41:16.430805,101.402,-0.872327,-1.512927,0.007817,-0.003304,-0.000140,0.998986,-0.044907,0.000018,0.006613,-3.051747,0.080580,0.000107,0.000000,0.000000,0.000000,-0.298315
2025-10-26T01:41:16.531071,101.502,-0.880526,-1.513549,0.007834,-0.003302,-0.000085,0.999553,-0.029706,0.000026,0.006605,-3.082171,0.080599,0.000083,0.000000,0.000000,0.000000,-0.298190
2025-10-26T01:41:16.630273,101.602,-0.886000,-1.513824,0.007837,-0.003303,-0.000057,0.999803,-0.019574,0.000015,0.006606,-3.102443,0.080597,0.000073,0.000000,0.000000,0.000000,-0.298045
2025-10-26T01:41:16.730958,101.702,-0.894219,-1.514027,0.007828,-0.003309,-0.000007,0.999985,-0.004381,0.000016,0.006617,-3.132830,0.080580,0.000060,0.000000,0.000000,0.000000,-0.297796
2025-10-26T01:41:16.830249,101.802,-0.899700,-1.514023,0.007817,-0.003308,0.000024,0.999978,0.005740,0.000010,0.006616,3.130113,0.080563,0.000052,0.000000,0.000000,0.000000,-0.297594
2025-10-26T01:41:16.931059,101.902,-0.907918,-1.513808,0.007839,-0.003306,0.000080,0.999776,0.020907,0.000022,0.006614,3.099774,0.080599,0.000027,0.000000,0.000000,0.000000,-0.297281
2025-10-26T01:41:17.030656,102.002,-0.913392,-1.513525,0.007846,-0.003303,0.000115,0.999514,0.031008,0.000024,0.006610,3.079567,0.080613,0.000018,0.000000,0.000000,0.000000,-0.297070
2025-10-26T01:41:17.130418,102.102,-0.921591,-1.512892,0.007818,-0.003301,0.000162,0.998930,0.046138,0.000018,0.006609,3.049284,0.080582,0.000005,0.000000,0.000000,0.000000,-0.296744
2025-10-26T01:41:17.230942,102.202,-0.927044,-1.512331,0.007828,-0.003301,0.000193,0.998413,0.056210,0.000014,0.006613,3.029113,0.080613,-0.000008,0.000000,0.000000,0.000000,-0.296524
2025-10-26T01:41:17.330552,102.302,-0.935204,-1.511291,0.007828,-0.003299,0.000242,0.997449,0.071303,0.000011,0.006616,2.998865,0.080561,0.000105,0.000000,0.000000,0.000000,-0.297217
2025-10-26T01:41:17.430818,102.402,-0.940621,-1.510465,0.007832,-0.003301,0.000272,0.996677,0.081389,0.000006,0.006624,2.978633,0.080570,0.000084,0.000000,0.000000,0.000000,-0.297718
2025-10-26T01:41:17.530307,102.501,-0.948712,-1.509021,0.007824,-0.003291,0.000327,0.995326,0.096517,0.000017,0.006614,2.948256,0.080542,0.000126,0.000000,0.000000,0.000000,-0.297884
2025-10-26T01:41:17.630316,102.602,-0.954080,-1.507923,0.007824,-0.003283,0.000362,0.994297,0.106593,0.000020,0.006606,2.927999,0.080552,0.000103,0.000000,0.000000,0.000000,-0.297913
