timestamp,elapsed_time_sec,x,y,z,qx,qy,qz,qw,roll,pitch,yaw,linear_vel_x,linear_vel_y,linear_vel_z,angular_vel_x,angular_vel_y,angular_vel_z
2025-10-26T22:36:54.738085,0.101,-1.997636,-0.499999,0.007845,0.000009,0.003309,0.000755,0.999994,0.000024,0.006618,0.001509,0.000031,-0.000010,0.000000,0.000000,0.000000,0.000019
2025-10-26T22:36:54.837975,0.201,-1.997633,-0.499999,0.007823,0.000013,0.003306,0.000756,0.999994,0.000032,0.006612,0.001512,0.000013,-0.000011,0.000000,0.000000,0.000000,0.000019
2025-10-26T22:36:54.937957,0.301,-1.997630,-0.499999,0.007845,0.000016,0.003307,0.000757,0.999994,0.000038,0.006614,0.001513,0.000033,-0.000010,0.000000,0.000000,0.000000,0.000018
2025-10-26T22:36:55.037629,0.401,-1.997627,-0.499999,0.007819,0.000006,0.003307,0.000758,0.999994,0.000018,0.006615,0.001516,0.000009,-0.000005,0.000000,0.000000,0.000000,0.000020
2025-10-26T22:36:55.137895,0.501,-1.997624,-0.499998,0.007845,-0.000000,0.003312,0.000759,0.999994,0.000004,0.006624,0.001517,0.000032,-0.000007,0.000000,0.000000,0.000000,0.000018
2025-10-26T22:36:55.237927,0.601,-1.997621,-0.499999,0.007825,0.000008,0.003310,0.000760,0.999994,0.000021,0.006620,0.001520,0.000013,-0.000012,0.000000,0.000000,0.000000,0.000019
2025-10-26T22:36:55.337501,0.701,-1.997618,-0.499999,0.007832,0.000013,0.003305,0.000761,0.999994,0.000030,0.006610,0.001521,0.000017,-0.000009,0.000000,0.000000,0.000000,0.000019
2025-10-26T22:36:55.437657,0.801,-1.997615,-0.499999,0.007847,0.000006,0.003306,0.000762,0.999994,0.000018,0.006613,0.001524,0.000034,-0.000008,0.000000,0.000000,0.000000,0.000018
2025-10-26T22:36:55.537528,0.901,-1.997611,-0.499999,0.007819,0.000008,0.003306,0.000763,0.999994,0.000020,0.006611,0.001526,0.000009,-0.000010,0.000000,0.000000,0.000000,0.000019
2025-10-26T22:36:55.637644,1.001,-1.997609,-0.499999,0.007834,0.000009,0.003308,0.000764,0.999994,0.000022,0.006617,0.001528,0.000020,-0.000010,0.000000,0.000000,0.000000,0.000019
2025-10-26T22:36:55.737885,1.101,-1.997605,-0.499999,0.007842,0.000007,0.003307,0.000765,0.999994,0.000019,0.006614,0.001530,0.000029,-0.000008,0.000000,0.000000,0.000000,0.000019
2025-10-26T22:36:55.837846,1.201,-1.997603,-0.499999,0.007827,0.000007,0.003305,0.000766,0.999994,0.000018,0.006610,0.001531,0.000017,-0.000010,0.000000,0.000000,0.000000,0.000018
2025-10-26T22:36:55.937771,1.301,-1.997599,-0.499999,0.007837,0.000012,0.003310,0.000767,0.999994,0.000029,0.006619,0.001534,0.000023,-0.000010,0.000000,0.000000,0.000000,0.000019
2025-10-26T22:36:56.037552,1.401,-1.997595,-0.499999,0.007823,0.000010,0.003307,0.000768,0.999994,0.000025,0.006614,0.001536,0.000013,-0.000009,0.000000,0.000000,0.000000,0.000018
2025-10-26T22:36:56.137811,1.501,-1.997593,-0.499999,0.007835,0.000011,0.003311,0.000769,0.999994,0.000026,0.006621,0.001538,0.000021,-0.000010,0.000000,0.000000,0.000000,0.000019
2025-10-26T22:36:56.237680,1.601,-1.997589,-0.499999,0.007835,0.000009,0.003306,0.000770,0.999994,0.000023,0.006612,0.001540,0.000027,-0.000006,0.000000,0.000000,0.000000,0.000019
2025-10-26T22:36:56.337903,1.701,-1.997587,-0.499998,0.007820,0.000006,0.003304,0.000771,0.999994,0.000016,0.006607,0.001542,0.000008,-0.000008,0.000000,0.000000,0.000000,0.000019
2025-10-26T22:36:56.437637,1.801,-1.997583,-0.499999,0.007845,0.000014,0.003308,0.000772,0.999994,0.000032,0.006616,0.001544,0.000035,-0.000011,0.000000,0.000000,0.000000,0.000018
2025-10-26T22:36:56.537427,1.901,-1.997581,-0.499999,0.007821,0.000018,0.003305,0.000773,0.999994,0.000041,0.006611,0.001546,0.000010,-0.000009,0.000000,0.000000,0.000000,0.000019
2025-10-26T22:36:56.637821,2.001,-1.997577,-0.499999,0.007845,0.000011,0.003307,0.000774,0.999994,0.000027,0.006614,0.001548,0.000031,-0.000008,0.000000,0.000000,0.000000,0.000019
2025-10-26T22:36:56.738635,2.101,-1.997575,-0.499999,0.007833,0.000010,0.003307,0.000775,0.999994,0.000026,0.006614,0.001550,0.000027,-0.000009,0.000000,0.000000,0.000000,0.000018
2025-10-26T22:36:56.838762,2.201,-1.997571,-0.499999,0.007834,0.000009,0.003311,0.000776,0.999994,0.000024,0.006621,0.001552,0.000021,-0.000009,0.000000,0.000000,0.000000,0.000019
2025-10-26T22:36:56.938565,2.301,-1.997569,-0.499999,0.007838,0.000013,0.003311,0.000777,0.999994,0.000030,0.006621,0.001554,0.000033,-0.000010,0.000000,0.000000,0.000000,0.000018
2025-10-26T22:36:57.038489,2.401,-1.997565,-0.499999,0.007820,0.000010,0.003302,0.000778,0.999994,0.000025,0.006604,0.001556,0.000007,-0.000008,0.000000,0.000000,0.000000,0.000019
2025-10-26T22:36:57.137950,2.501,-1.997563,-0.499999,0.007840,0.000010,0.003305,0.000779,0.999994,0.000025,0.006610,0.001558,0.000027,-0.000008,0.000000,0.000000,0.000000,0.000019
2025-10-26T22:36:57.238573,2.601,-1.997559,-0.499998,0.007828,0.000005,0.003309,0.000780,0.999994,0.000015,0.006617,0.001560,0.000020,-0.000008,0.000000,0.000000,0.000000,0.000018
2025-10-26T22:36:57.337949,2.701,-1.997556,-0.499998,0.007819,0.000005,0.003311,0.000781,0.999994,0.000014,0.006622,0.001562,0.000009,-0.000008,0.000000,0.000000,0.000000,0.000019
2025-10-26T22:36:57.438007,2.801,-1.997553,-0.499998,0.007831,0.000008,0.003303,0.000782,0.999994,0.000020,0.006606,0.001564,0.000016,-0.000010,0.000000,0.000000,0.000000,0.000019
2025-10-26T22:36:57.538013,2.901,-1.997551,-0.499998,0.007839,0.000003,0.003303,0.000783,0.999994,0.000011,0.006606,0.001566,0.000024,-0.000005,0.000000,0.000000,0.000000,0.000019
2025-10-26T22:36:57.638557,3.001,-1.997547,-0.499998,0.007841,0.000004,0.003308,0.000784,0.999994,0.000013,0.006617,0.001568,0.000034,-0.000009,0.000000,0.000000,0.000000,0.000018
2025-10-26T22:36:57.739910,3.103,-1.997543,-0.499998,0.007829,0.000008,0.003304,0.000785,0.999994,0.000022,0.006608,0.001570,0.000018,-0.000007,0.000000,0.000000,0.000000,0.000019
2025-10-26T22:36:57.837805,3.201,-1.997541,-0.499998,0.007825,0.000008,0.003305,0.000786,0.999994,0.000021,0.006610,0.001572,0.000013,-0.000011,0.000000,0.000000,0.000000,0.000019
2025-10-26T22:36:57.938708,3.302,-1.997538,-0.499999,0.007845,0.000011,0.003308,0.000787,0.999994,0.000028,0.006615,0.001574,0.000034,-0.000010,0.000000,0.000000,0.000000,0.000018
2025-10-26T22:36:58.038415,3.401,-1.997535,-0.499999,0.007828,0.000017,0.003308,0.000788,0.999994,0.000039,0.006616,0.001576,0.000016,-0.000011,0.000000,0.000000,0.000000,0.000019
2025-10-26T22:36:58.137831,3.501,-1.997532,-0.499999,0.007844,0.000015,0.003307,0.000789,0.999994,0.000034,0.006614,0.001578,0.000028,-0.000007,0.000000,0.000000,0.000000,0.000019
2025-10-26T22:36:58.237729,3.601,-1.997529,-0.499998,0.007818,0.000008,0.003303,0.000790,0.999994,0.000022,0.006607,0.001580,0.000007,-0.000008,0.000000,0.000000,0.000000,0.000019
2025-10-26T22:36:58.338051,3.701,-1.997526,-0.499998,0.007840,0.000006,0.003312,0.000791,0.999994,0.000017,0.006624,0.001582,0.000027,-0.000009,0.000000,0.000000,0.000000,0.000019
2025-10-26T22:36:58.438103,3.801,-1.997524,-0.499998,0.007842,0.000009,0.003308,0.000792,0.999994,0.000023,0.006617,0.001583,0.000029,-0.000009,0.000000,0.000000,0.000000,0.000019
2025-10-26T22:36:58.537989,3.901,-1.997522,-0.499998,0.007838,0.000008,0.003305,0.000792,0.999994,0.000022,0.006609,0.001585,0.000029,-0.000006,0.000000,0.000000,0.000000,0.000019
2025-10-26T22:36:58.637763,4.001,-1.997519,-0.499998,0.007818,0.000005,0.003304,0.000793,0.999994,0.000015,0.006608,0.001586,0.000005,-0.000010,0.000000,0.000000,0.000000,0.000019
2025-10-26T22:36:58.738017,4.101,-1.997515,-0.499998,0.007840,0.000011,0.003312,0.000794,0.999994,0.000027,0.006624,0.001589,0.000031,-0.000009,0.000000,0.000000,0.000000,0.000019
2025-10-26T22:36:58.837430,4.201,-1.997513,-0.499998,0.007844,0.000005,0.003308,0.000795,0.999994,0.000014,0.006616,0.001590,0.000035,-0.000007,0.000000,0.000000,0.000000,0.000018
2025-10-26T22:36:58.938910,4.302,-1.997511,-0.499998,0.007817,0.000005,0.003304,0.000796,0.999994,0.000015,0.006607,0.001592,0.000005,-0.000009,0.000000,0.000000,0.000000,0.000019
2025-10-26T22:36:59.037484,4.401,-1.997507,-0.499998,0.007839,0.000009,0.003307,0.000797,0.999994,0.000024,0.006614,0.001594,0.000024,-0.000009,0.000000,0.000000,0.000000,0.000019
2025-10-26T22:36:59.139406,4.502,-1.997505,-0.499998,0.007844,0.000012,0.003307,0.000798,0.999994,0.000029,0.006614,0.001596,0.000036,-0.000010,0.000000,0.000000,0.000000,0.000018
2025-10-26T22:36:59.237776,4.601,-1.997501,-0.499999,0.007823,0.000014,0.003307,0.000799,0.999994,0.000034,0.006613,0.001598,0.000013,-0.000008,0.000000,0.000000,0.000000,0.000020
2025-10-26T22:36:59.337703,4.701,-1.997498,-0.499998,0.007845,0.000009,0.003307,0.000800,0.999994,0.000023,0.006615,0.001600,0.000033,-0.000008,0.000000,0.000000,0.000000,0.000019
2025-10-26T22:36:59.438044,4.801,-1.997495,-0.499998,0.007819,0.000013,0.003306,0.000801,0.999994,0.000031,0.006612,0.001602,0.000008,-0.000009,0.000000,0.000000,0.000000,0.000019
2025-10-26T22:36:59.538598,4.901,-1.997492,-0.499999,0.007845,0.000016,0.003310,0.000802,0.999994,0.000037,0.006620,0.001604,0.000032,-0.000010,0.000000,0.000000,0.000000,0.000019
2025-10-26T22:36:59.638141,5.001,-1.997490,-0.499998,0.007835,0.000012,0.003305,0.000803,0.999994,0.000028,0.006610,0.001606,0.000028,-0.000007,0.000000,0.000000,0.000000,0.000018
2025-10-26T22:36:59.737856,5.101,-1.997488,-0.499998,0.007820,0.000010,0.003303,0.000803,0.999994,0.000025,0.006607,0.001607,0.000008,-0.000009,0.000000,0.000000,0.000000,0.000019
2025-10-26T22:36:59.838940,5.202,-1.997485,-0.499998,0.007845,0.000013,0.003309,0.000804,0.999994,0.000032,0.006618,0.001609,0.000032,-0.000010,0.000000,0.000000,0.000000,0.000019
2025-10-26T22:36:59.937806,5.301,-1.997483,-0.499998,0.007840,0.000010,0.003309,0.000805,0.999994,0.000026,0.006619,0.001610,0.000033,-0.000005,0.000000,0.000000,0.000000,0.000019
2025-10-26T22:37:00.038224,5.401,-1.997479,-0.499998,0.007829,0.000000,0.003310,0.000806,0.999994,0.000006,0.006619,0.001613,0.000017,-0.000009,0.000000,0.000000,0.000000,0.000019
2025-10-26T22:37:00.138108,5.501,-1.997477,-0.499998,0.007841,0.000010,0.003311,0.000807,0.999994,0.000025,0.006622,0.001614,0.000032,-0.000011,0.000000,0.000000,0.000000,0.000019
2025-10-26T22:37:00.237882,5.601,-1.997473,-0.499998,0.007819,0.000011,0.003306,0.000808,0.999994,0.000027,0.006613,0.001617,0.000008,-0.000008,0.000000,0.000000,0.000000,0.000019
2025-10-26T22:37:00.337852,5.701,-1.997471,-0.499998,0.007845,0.000012,0.003308,0.000809,0.999994,0.000029,0.006616,0.001618,0.000031,-0.000010,0.000000,0.000000,0.000000,0.000019
2025-10-26T22:37:00.437691,5.801,-1.997468,-0.499998,0.007818,0.000014,0.003303,0.000810,0.999994,0.000033,0.006605,0.001620,0.000008,-0.000009,0.000000,0.000000,0.000000,0.000019
2025-10-26T22:37:00.537639,5.901,-1.997466,-0.499998,0.007836,0.000014,0.003307,0.000811,0.999994,0.000033,0.006614,0.001621,0.000023,-0.000007,0.000000,0.000000,0.000000,0.000019
2025-10-26T22:37:00.638062,6.001,-1.997462,-0.499998,0.007842,0.000003,0.003308,0.000812,0.999994,0.000011,0.006615,0.001624,0.000035,-0.000007,0.000000,0.000000,0.000000,0.000018
2025-10-26T22:37:00.737858,6.101,-1.997460,-0.499998,0.007821,0.000005,0.003305,0.000813,0.999994,0.000015,0.006610,0.001625,0.000009,-0.000011,0.000000,0.000000,0.000000,0.000018
2025-10-26T22:37:00.837520,6.201,-1.997456,-0.499998,0.007841,0.000015,0.003307,0.000814,0.999994,0.000036,0.006614,0.001628,0.000026,-0.000011,0.000000,0.000000,0.000000,0.000019
2025-10-26T22:37:00.937985,6.301,-1.997454,-0.499999,0.007837,0.000017,0.003307,0.000815,0.999994,0.000040,0.006615,0.001629,0.000030,-0.000006,0.000000,0.000000,0.000000,0.000019
2025-10-26T22:37:01.038041,6.401,-1.997450,-0.499998,0.007820,-0.000001,0.003307,0.000816,0.999994,0.000004,0.006614,0.001632,0.000007,-0.000007,0.000000,0.000000,0.000000,0.000019
2025-10-26T22:37:01.137729,6.501,-1.997446,-0.499998,0.007841,0.000008,0.003311,0.000817,0.999994,0.000022,0.006622,0.001634,0.000029,-0.000012,0.000000,0.000000,0.000000,0.000018
2025-10-26T22:37:01.237837,6.601,-1.997444,-0.499998,0.007824,0.000013,0.003306,0.000818,0.999994,0.000031,0.006611,0.001636,0.000013,-0.000009,0.000000,0.000000,0.000000,0.000019
2025-10-26T22:37:01.338054,6.701,-1.997442,-0.499998,0.007817,0.000007,0.003304,0.000819,0.999994,0.000019,0.006608,0.001637,0.000004,-0.000007,0.000000,0.000000,0.000000,0.000019
2025-10-26T22:37:01.438260,6.801,-1.997438,-0.499998,0.007846,0.000009,0.003310,0.000820,0.999994,0.000024,0.006619,0.001640,0.000034,-0.000010,0.000000,0.000000,0.000000,0.000018
2025-10-26T22:37:01.538185,6.901,-1.997436,-0.499998,0.007825,0.000012,0.003308,0.000821,0.999994,0.000029,0.006616,0.001641,0.000015,-0.000008,0.000000,0.000000,0.000000,0.000019
2025-10-26T22:37:01.638256,7.001,-1.997433,-0.499998,0.007832,0.000006,0.003310,0.000821,0.999994,0.000018,0.006619,0.001643,0.000018,-0.000008,0.000000,0.000000,0.000000,0.000019
2025-10-26T22:37:01.737715,7.101,-1.997430,-0.499998,0.007823,0.000003,0.003306,0.000823,0.999994,0.000012,0.006611,0.001645,0.000013,-0.000008,0.000000,0.000000,0.000000,0.000018
2025-10-26T22:37:01.837731,7.201,-1.997427,-0.499998,0.007817,0.000007,0.003303,0.000823,0.999994,0.000020,0.006606,0.001647,0.000004,-0.000010,0.000000,0.000000,0.000000,0.000019
2025-10-26T22:37:01.938039,7.301,-1.997425,-0.499998,0.007844,0.000013,0.003307,0.000824,0.999994,0.000032,0.006613,0.001648,0.000029,-0.000011,0.000000,0.000000,0.000000,0.000019
2025-10-26T22:37:02.038028,7.401,-1.997421,-0.499998,0.007823,0.000009,0.003308,0.000825,0.999994,0.000024,0.006617,0.001651,0.000014,-0.000008,0.000000,0.000000,0.000000,0.000019
2025-10-26T22:37:02.138065,7.501,-1.997419,-0.499998,0.007817,0.000006,0.003303,0.000826,0.999994,0.000016,0.006607,0.001652,0.000004,-0.000008,0.000000,0.000000,0.000000,0.000019
2025-10-26T22:37:02.237940,7.601,-1.997415,-0.499998,0.007832,0.000012,0.003304,0.000827,0.999994,0.000030,0.006607,0.001655,0.000018,-0.000009,0.000000,0.000000,0.000000,0.000019
2025-10-26T22:37:02.338056,7.701,-1.997413,-0.499998,0.007843,0.000011,0.003309,0.000828,0.999994,0.000027,0.006618,0.001656,0.000030,-0.000006,0.000000,0.000000,0.000000,0.000019
2025-10-26T22:37:02.437722,7.801,-1.997409,-0.499998,0.007820,0.000001,0.003312,0.000829,0.999994,0.000008,0.006624,0.001659,0.000012,-0.000009,0.000000,0.000000,0.000000,0.000019
2025-10-26T22:37:02.539676,7.903,-1.997405,-0.499998,0.007842,0.000014,0.003308,0.000831,0.999994,0.000034,0.006616,0.001661,0.000030,-0.000010,0.000000,0.000000,0.000000,0.000019
2025-10-26T22:37:02.637678,8.001,-1.997403,-0.499998,0.007828,0.000013,0.003303,0.000831,0.999994,0.000031,0.006607,0.001663,0.000018,-0.000008,0.000000,0.000000,0.000000,0.000018
2025-10-26T22:37:02.738415,8.101,-1.997400,-0.499998,0.007822,0.000012,0.003306,0.000832,0.999994,0.000030,0.006612,0.001664,0.000013,-0.000008,0.000000,0.000000,0.000000,0.000019
2025-10-26T22:37:02.838004,8.201,-1.997397,-0.499998,0.007835,0.000009,0.003308,0.000833,0.999994,0.000024,0.006616,0.001667,0.000028,-0.000009,0.000000,0.000000,0.000000,0.000018
2025-10-26T22:37:02.938118,8.301,-1.997394,-0.499998,0.007828,0.000009,0.003310,0.000834,0.999994,0.000024,0.006619,0.001668,0.000016,-0.000010,0.000000,0.000000,0.000000,0.000019
2025-10-26T22:37:03.038082,8.401,-1.997391,-0.499998,0.007840,0.000010,0.003309,0.000835,0.999994,0.000025,0.006617,0.001671,0.000032,-0.000006,0.000000,0.000000,0.000000,0.000019
2025-10-26T22:37:03.138492,8.501,-1.997388,-0.499998,0.007818,0.000004,0.003303,0.000836,0.999994,0.000015,0.006606,0.001672,0.000005,-0.000008,0.000000,0.000000,0.000000,0.000019
2025-10-26T22:37:03.238356,8.601,-1.997385,-0.499998,0.007845,0.000011,0.003309,0.000837,0.999994,0.000028,0.006617,0.001675,0.000032,-0.000011,0.000000,0.000000,0.000000,0.000018
2025-10-26T22:37:03.338235,8.701,-1.997382,-0.499998,0.007831,0.000016,0.003307,0.000838,0.999994,0.000037,0.006613,0.001676,0.000022,-0.000007,0.000000,0.000000,0.000000,0.000019
2025-10-26T22:37:03.437657,8.801,-1.997379,-0.499998,0.007841,0.000009,0.003308,0.000839,0.999994,0.000024,0.006615,0.001679,0.000026,-0.000009,0.000000,0.000000,0.000000,0.000019
2025-10-26T22:37:03.538169,8.901,-1.997376,-0.499998,0.007840,0.000013,0.003306,0.000840,0.999994,0.000031,0.006613,0.001680,0.000034,-0.000010,0.000000,0.000000,0.000000,0.000018
2025-10-26T22:37:03.637971,9.001,-1.997374,-0.499998,0.007823,0.000017,0.003307,0.000841,0.999994,0.000039,0.006615,0.001682,0.000013,-0.000011,0.000000,0.000000,0.000000,0.000019
2025-10-26T22:37:03.738191,9.101,-1.997370,-0.499998,0.007847,0.000010,0.003306,0.000842,0.999994,0.000026,0.006613,0.001684,0.000035,-0.000008,0.000000,0.000000,0.000000,0.000018
2025-10-26T22:37:03.837966,9.201,-1.997367,-0.499998,0.007817,0.000008,0.003307,0.000843,0.999994,0.000021,0.006613,0.001687,0.000005,-0.000008,0.000000,0.000000,0.000000,0.000019
2025-10-26T22:37:03.938708,9.301,-1.997364,-0.499998,0.007837,0.000008,0.003312,0.000844,0.999994,0.000022,0.006624,0.001688,0.000026,-0.000008,0.000000,0.000000,0.000000,0.000019
2025-10-26T22:37:04.037880,9.401,-1.997361,-0.499998,0.007840,0.000011,0.003304,0.000845,0.999994,0.000027,0.006608,0.001691,0.000031,-0.000010,0.000000,0.000000,0.000000,0.000018
2025-10-26T22:37:04.137741,9.501,-1.997358,-0.499998,0.007817,0.000011,0.003303,0.000846,0.999994,0.000028,0.006606,0.001692,0.000005,-0.000006,0.000000,0.000000,0.000000,0.000019
2025-10-26T22:37:04.237607,9.601,-1.997354,-0.499998,0.007845,0.000004,0.003310,0.000847,0.999994,0.000014,0.006619,0.001694,0.000035,-0.000008,0.000000,0.000000,0.000000,0.000018
2025-10-26T22:37:04.338378,9.701,-1.997352,-0.499998,0.007816,0.000004,0.003309,0.000848,0.999994,0.000013,0.006617,0.001696,0.000005,-0.000008,0.000000,0.000000,0.000000,0.000019
2025-10-26T22:37:04.437973,9.801,-1.997350,-0.499998,0.007843,0.000005,0.003314,0.000849,0.999994,0.000015,0.006628,0.001698,0.000030,-0.000009,0.000000,0.000000,0.000000,0.000019
2025-10-26T22:37:04.537512,9.901,-1.997346,-0.499998,0.007842,0.000008,0.003303,0.000850,0.999994,0.000023,0.006607,0.001700,0.000031,-0.000010,0.000000,0.000000,0.000000,0.000018
2025-10-26T22:37:04.637754,10.001,-1.997344,-0.499998,0.007833,0.000005,0.003300,0.000851,0.999994,0.000015,0.006600,0.001702,0.000024,-0.000007,0.000000,0.000000,0.000000,0.000018
2025-10-26T22:37:04.738263,10.101,-1.997340,-0.499998,0.007836,0.000004,0.003311,0.000852,0.999994,0.000014,0.006623,0.001704,0.000024,-0.000010,0.000000,0.000000,0.000000,0.000019
2025-10-26T22:37:04.838412,10.201,-1.997337,-0.499998,0.007842,0.000012,0.003310,0.000853,0.999994,0.000029,0.006620,0.001706,0.000031,-0.000012,0.000000,0.000000,0.000000,0.000018
2025-10-26T22:37:04.938022,10.301,-1.997335,-0.499998,0.007835,0.000013,0.003303,0.000854,0.999994,0.000031,0.006606,0.001707,0.000027,-0.000008,0.000000,0.000000,0.000000,0.000018
2025-10-26T22:37:05.037984,10.401,-1.997332,-0.499998,0.007820,0.000006,0.003305,0.000855,0.999994,0.000019,0.006609,0.001710,0.000009,-0.000007,0.000000,0.000000,0.000000,0.000019
2025-10-26T22:37:05.138594,10.502,-1.997328,-0.499998,0.007840,0.000004,0.003312,0.000856,0.999994,0.000014,0.006623,0.001712,0.000035,-0.000009,0.000000,0.000000,0.000000,0.000018
2025-10-26T22:37:05.238270,10.601,-1.997325,-0.499998,0.007821,0.000003,0.003307,0.000857,0.999994,0.000012,0.006614,0.001714,0.000010,-0.000009,0.000000,0.000000,0.000000,0.000018
2025-10-26T22:37:05.338288,10.701,-1.997322,-0.499998,0.007839,0.000011,0.003307,0.000858,0.999994,0.000027,0.006613,0.001716,0.000024,-0.000012,0.000000,0.000000,0.000000,0.000019
2025-10-26T22:37:05.438137,10.801,-1.997318,-0.499998,0.007823,0.000013,0.003305,0.000859,0.999994,0.000032,0.006611,0.001718,0.000014,-0.000006,0.000000,0.000000,0.000000,0.000019
2025-10-26T22:37:05.538423,10.901,-1.997316,-0.499998,0.007835,0.000006,0.003311,0.000860,0.999994,0.000018,0.006623,0.001720,0.000022,-0.000008,0.000000,0.000000,0.000000,0.000019
2025-10-26T22:37:05.638123,11.001,-1.997312,-0.499998,0.007816,0.000003,0.003309,0.000861,0.999994,0.000012,0.006617,0.001722,0.000005,-0.000010,0.000000,0.000000,0.000000,0.000019
2025-10-26T22:37:05.739216,11.102,-1.997310,-0.499998,0.007823,0.000011,0.003305,0.000862,0.999994,0.000028,0.006609,0.001724,0.000009,-0.000010,0.000000,0.000000,0.000000,0.000019
2025-10-26T22:37:05.837735,11.201,-1.997307,-0.499998,0.007837,0.000012,0.003306,0.000863,0.999994,0.000029,0.006612,0.001726,0.000023,-0.000008,0.000000,0.000000,0.000000,0.000019
2025-10-26T22:37:05.938147,11.301,-1.997304,-0.499998,0.007835,0.000007,0.003308,0.000864,0.999994,0.000019,0.006616,0.001728,0.000029,-0.000008,0.000000,0.000000,0.000000,0.000018
2025-10-26T22:37:06.037819,11.401,-1.997301,-0.499998,0.007821,0.000006,0.003310,0.000865,0.999994,0.000018,0.006620,0.001729,0.000012,-0.000008,0.000000,0.000000,0.000000,0.000019
2025-10-26T22:37:06.138105,11.501,-1.997298,-0.499998,0.007840,0.000009,0.003305,0.000866,0.999994,0.000024,0.006610,0.001732,0.000026,-0.000012,0.000000,0.000000,0.000000,0.000018
2025-10-26T22:37:06.238586,11.602,-1.997295,-0.499998,0.007824,0.000015,0.003303,0.000867,0.999994,0.000036,0.006607,0.001734,0.000015,-0.000009,0.000000,0.000000,0.000000,0.000019
2025-10-26T22:37:06.338509,11.701,-1.997291,-0.499998,0.007839,0.000005,0.003310,0.000868,0.999994,0.000017,0.006619,0.001736,0.000025,-0.000008,0.000000,0.000000,0.000000,0.000019
2025-10-26T22:37:06.438081,11.801,-1.997289,-0.499998,0.007835,0.000002,0.003309,0.000869,0.999994,0.000011,0.006618,0.001737,0.000029,-0.000008,0.000000,0.000000,0.000000,0.000018
2025-10-26T22:37:06.538066,11.901,-1.997285,-0.499998,0.007841,0.000003,0.003314,0.000870,0.999994,0.000011,0.006628,0.001740,0.000027,-0.000009,0.000000,0.000000,0.000000,0.000019
2025-10-26T22:37:06.637606,12.001,-1.997282,-0.499998,0.007819,0.000011,0.003306,0.000871,0.999994,0.000028,0.006612,0.001742,0.000005,-0.000010,0.000000,0.000000,0.000000,0.000019
2025-10-26T22:37:06.738849,12.101,-1.997279,-0.499998,0.007834,0.000012,0.003308,0.000872,0.999994,0.000029,0.006615,0.001744,0.000021,-0.000008,0.000000,0.000000,0.000000,0.000019
2025-10-26T22:37:06.838503,12.201,-1.997277,-0.499998,0.007842,0.000011,0.003309,0.000873,0.999994,0.000028,0.006619,0.001745,0.000035,-0.000009,0.000000,0.000000,0.000000,0.000018
2025-10-26T22:37:06.937614,12.301,-1.997273,-0.499998,0.007832,0.000014,0.003309,0.000874,0.999994,0.000034,0.006617,0.001748,0.000019,-0.000009,0.000000,0.000000,0.000000,0.000019
2025-10-26T22:37:07.038043,12.401,-1.997271,-0.499998,0.007847,0.000007,0.003305,0.000875,0.999994,0.000021,0.006610,0.001749,0.000034,-0.000007,0.000000,0.000000,0.000000,0.000018
2025-10-26T22:37:07.137454,12.501,-1.997267,-0.499998,0.007822,0.000001,0.003305,0.000876,0.999994,0.000009,0.006609,0.001752,0.000012,-0.000008,0.000000,0.000000,0.000000,0.000019
2025-10-26T22:37:07.238092,12.601,-1.997265,-0.499998,0.007845,0.000003,0.003309,0.000877,0.999994,0.000011,0.006618,0.001753,0.000033,-0.000009,0.000000,0.000000,0.000000,0.000018
2025-10-26T22:37:07.338006,12.701,-1.997262,-0.499998,0.007817,0.000007,0.003307,0.000877,0.999994,0.000021,0.006614,0.001755,0.000006,-0.000011,0.000000,0.000000,0.000000,0.000018
2025-10-26T22:37:07.437986,12.801,-1.997259,-0.499998,0.007840,0.000016,0.003309,0.000879,0.999994,0.000038,0.006617,0.001757,0.000030,-0.000009,0.000000,0.000000,0.000000,0.000019
2025-10-26T22:37:07.537863,12.901,-1.997257,-0.499998,0.007827,0.000012,0.003301,0.000879,0.999994,0.000030,0.006602,0.001759,0.000016,-0.000009,0.000000,0.000000,0.000000,0.000018
2025-10-26T22:37:07.637749,13.001,-1.997253,-0.499998,0.007821,0.000005,0.003304,0.000881,0.999994,0.000016,0.006608,0.001761,0.000010,-0.000008,0.000000,0.000000,0.000000,0.000019
2025-10-26T22:37:07.738379,13.101,-1.997250,-0.499998,0.007845,0.000006,0.003312,0.000881,0.999994,0.000018,0.006624,0.001763,0.000033,-0.000010,0.000000,0.000000,0.000000,0.000018
2025-10-26T22:37:07.837641,13.201,-1.997247,-0.499998,0.007830,0.000008,0.003307,0.000883,0.999994,0.000022,0.006614,0.001765,0.000020,-0.000008,0.000000,0.000000,0.000000,0.000019
2025-10-26T22:37:07.937766,13.301,-1.997243,-0.499998,0.007834,0.000006,0.003305,0.000884,0.999994,0.000018,0.006611,0.001768,0.000020,-0.000008,0.000000,0.000000,0.000000,0.000019
2025-10-26T22:37:08.037760,13.401,-1.997241,-0.499998,0.007845,0.000002,0.003307,0.000885,0.999994,0.000009,0.006615,0.001769,0.000035,-0.000008,0.000000,0.000000,0.000000,0.000018
2025-10-26T22:37:08.137587,13.501,-1.997237,-0.499998,0.007830,0.000004,0.003310,0.000886,0.999994,0.000014,0.006620,0.001772,0.000018,-0.000010,0.000000,0.000000,0.000000,0.000019
2025-10-26T22:37:08.238022,13.601,-1.997235,-0.499998,0.007841,0.000011,0.003310,0.000887,0.999994,0.000029,0.006619,0.001773,0.000030,-0.000010,0.000000,0.000000,0.000000,0.000019
2025-10-26T22:37:08.338154,13.701,-1.997231,-0.499998,0.007820,0.000011,0.003302,0.000888,0.999994,0.000027,0.006605,0.001776,0.000008,-0.000010,0.000000,0.000000,0.000000,0.000019
2025-10-26T22:37:08.437559,13.801,-1.997229,-0.499998,0.007839,0.000015,0.003307,0.000889,0.999994,0.000036,0.006613,0.001777,0.000024,-0.000011,0.000000,0.000000,0.000000,0.000019
2025-10-26T22:37:08.538054,13.901,-1.997225,-0.499998,0.007823,0.000006,0.003307,0.000890,0.999994,0.000017,0.006615,0.001780,0.000014,-0.000006,0.000000,0.000000,0.000000,0.000019
2025-10-26T22:37:08.637696,14.001,-1.997222,-0.499998,0.007842,0.000001,0.003314,0.000891,0.999994,0.000009,0.006628,0.001781,0.000026,-0.000010,0.000000,0.000000,0.000000,0.000018
2025-10-26T22:37:08.738582,14.101,-1.997219,-0.499998,0.007816,0.000007,0.003310,0.000892,0.999994,0.000019,0.006619,0.001783,0.000004,-0.000009,0.000000,0.000000,0.000000,0.000019
2025-10-26T22:37:08.837807,14.201,-1.997215,-0.499998,0.007846,0.000012,0.003307,0.000893,0.999994,0.000030,0.006613,0.001786,0.000030,-0.000011,0.000000,0.000000,0.000000,0.000019
2025-10-26T22:37:08.938854,14.302,-1.997213,-0.499998,0.007840,0.000009,0.003306,0.000894,0.999994,0.000024,0.006613,0.001788,0.000034,-0.000007,0.000000,0.000000,0.000000,0.000018
2025-10-26T22:37:09.037767,14.401,-1.997209,-0.499998,0.007839,0.000004,0.003310,0.000895,0.999994,0.000015,0.006621,0.001790,0.000024,-0.000009,0.000000,0.000000,0.000000,0.000019
2025-10-26T22:37:09.138013,14.501,-1.997207,-0.499998,0.007835,0.000004,0.003309,0.000896,0.999994,0.000015,0.006619,0.001791,0.000029,-0.000009,0.000000,0.000000,0.000000,0.000018
2025-10-26T22:37:09.237706,14.601,-1.997203,-0.499998,0.007835,0.000007,0.003312,0.000897,0.999994,0.000019,0.006623,0.001794,0.000022,-0.000008,0.000000,0.000000,0.000000,0.000019
2025-10-26T22:37:09.337664,14.701,-1.997201,-0.499998,0.007846,0.000007,0.003306,0.000898,0.999994,0.000020,0.006612,0.001795,0.000033,-0.000009,0.000000,0.000000,0.000000,0.000018
2025-10-26T22:37:09.437647,14.801,-1.997197,-0.499998,0.007829,0.000004,0.003302,0.000899,0.999994,0.000014,0.006603,0.001798,0.000020,-0.000009,0.000000,0.000000,0.000000,0.000018
2025-10-26T22:37:09.538499,14.901,-1.997193,-0.499998,0.007832,0.000014,0.003310,0.000900,0.999994,0.000033,0.006619,0.001800,0.000021,-0.000010,0.000000,0.000000,0.000000,0.000019
2025-10-26T22:37:09.639258,15.002,-1.997190,-0.499998,0.007842,-0.000000,0.003308,0.000901,0.999994,0.000005,0.006617,0.001802,0.000033,-0.000007,0.000000,0.000000,0.000000,0.000018
2025-10-26T22:37:09.737949,15.101,-1.997187,-0.499998,0.007819,0.000003,0.003306,0.000902,0.999994,0.000012,0.006611,0.001804,0.000007,-0.000013,0.000000,0.000000,0.000000,0.000018
2025-10-26T22:37:09.837564,15.201,-1.997185,-0.499998,0.007820,0.000015,0.003303,0.000903,0.999994,0.000035,0.006606,0.001806,0.000005,-0.000011,0.000000,0.000000,0.000000,0.000019
2025-10-26T22:37:09.937446,15.301,-1.997181,-0.499998,0.007846,0.000007,0.003307,0.000904,0.999994,0.000020,0.006614,0.001808,0.000032,-0.000005,0.000000,0.000000,0.000000,0.000019
2025-10-26T22:37:10.037860,15.401,-1.997179,-0.499998,0.007820,0.000001,0.003307,0.000905,0.999994,0.000007,0.006614,0.001810,0.000012,-0.000009,0.000000,0.000000,0.000000,0.000018
2025-10-26T22:37:10.137807,15.501,-1.997175,-0.499998,0.007840,0.000012,0.003311,0.000906,0.999994,0.000031,0.006622,0.001812,0.000025,-0.000012,0.000000,0.000000,0.000000,0.000019
2025-10-26T22:37:10.237680,15.601,-1.997173,-0.499998,0.007831,0.000011,0.003309,0.000907,0.999994,0.000028,0.006618,0.001814,0.000024,-0.000005,0.000000,0.000000,0.000000,0.000019
2025-10-26T22:37:10.338655,15.701,-1.997169,-0.499998,0.007839,0.000004,0.003311,0.000908,0.999994,0.000014,0.006622,0.001816,0.000024,-0.000009,0.000000,0.000000,0.000000,0.000019
2025-10-26T22:37:10.438359,15.801,-1.997167,-0.499998,0.007835,0.000004,0.003308,0.000909,0.999994,0.000015,0.006616,0.001818,0.000028,-0.000009,0.000000,0.000000,0.000000,0.000018
2025-10-26T22:37:10.538034,15.901,-1.997163,-0.499998,0.007841,0.000007,0.003309,0.000910,0.999994,0.000021,0.006618,0.001820,0.000026,-0.000010,0.000000,0.000000,0.000000,0.000019
2025-10-26T22:37:10.637502,16.001,-1.997161,-0.499998,0.007828,0.000010,0.003305,0.000911,0.999994,0.000027,0.006610,0.001822,0.000019,-0.000010,0.000000,0.000000,0.000000,0.000018
2025-10-26T22:37:10.737678,16.101,-1.997157,-0.499998,0.007843,0.000015,0.003307,0.000912,0.999994,0.000037,0.006614,0.001824,0.000029,-0.000010,0.000000,0.000000,0.000000,0.000019
2025-10-26T22:37:10.838003,16.201,-1.997154,-0.499998,0.007816,0.000006,0.003306,0.000913,0.999994,0.000017,0.006611,0.001826,0.000005,-0.000006,0.000000,0.000000,0.000000,0.000019
2025-10-26T22:37:10.938104,16.301,-1.997151,-0.499998,0.007841,-0.000001,0.003311,0.000914,0.999994,0.000005,0.006623,0.001828,0.000027,-0.000008,0.000000,0.000000,0.000000,0.000019
2025-10-26T22:37:11.037966,16.401,-1.997147,-0.499998,0.007817,0.000005,0.003309,0.000915,0.999994,0.000016,0.006617,0.001830,0.000004,-0.000011,0.000000,0.000000,0.000000,0.000019
2025-10-26T22:37:11.138489,16.501,-1.997144,-0.499998,0.007838,0.000010,0.003305,0.000916,0.999994,0.000025,0.006610,0.001833,0.000022,-0.000009,0.000000,0.000000,0.000000,0.000019
2025-10-26T22:37:11.237833,16.601,-1.997141,-0.499998,0.007840,0.000005,0.003306,0.000917,0.999994,0.000016,0.006611,0.001834,0.000026,-0.000010,0.000000,0.000000,0.000000,0.000019
2025-10-26T22:37:11.337913,16.701,-1.997138,-0.499998,0.007820,0.000006,0.003306,0.000918,0.999994,0.000018,0.006612,0.001837,0.000011,-0.000011,0.000000,0.000000,0.000000,0.000018
2025-10-26T22:37:11.438713,16.802,-1.997135,-0.499998,0.007837,0.000011,0.003313,0.000919,0.999994,0.000028,0.006627,0.001838,0.000024,-0.000011,0.000000,0.000000,0.000000,0.000019
2025-10-26T22:37:11.537868,16.901,-1.997132,-0.499998,0.007828,0.000010,0.003305,0.000920,0.999994,0.000026,0.006611,0.001841,0.000018,-0.000007,0.000000,0.000000,0.000000,0.000018
2025-10-26T22:37:11.638388,17.001,-1.997129,-0.499998,0.007825,0.000009,0.003304,0.000921,0.999994,0.000024,0.006607,0.001842,0.000013,-0.000010,0.000000,0.000000,0.000000,0.000019
2025-10-26T22:37:11.738056,17.101,-1.997126,-0.499998,0.007846,0.000009,0.003310,0.000922,0.999994,0.000024,0.006619,0.001845,0.000035,-0.000007,0.000000,0.000000,0.000000,0.000019
2025-10-26T22:37:11.837412,17.201,-1.997123,-0.499998,0.007816,0.000004,0.003310,0.000923,0.999994,0.000015,0.006620,0.001846,0.000006,-0.000007,0.000000,0.000000,0.000000,0.000019
2025-10-26T22:37:11.937755,17.301,-1.997120,-0.499998,0.007836,0.000001,0.003308,0.000924,0.999994,0.000007,0.006616,0.001849,0.000020,-0.000009,0.000000,0.000000,0.000000,0.000019
2025-10-26T22:37:12.037901,17.401,-1.997117,-0.499998,0.007845,0.000007,0.003307,0.000925,0.999994,0.000020,0.006614,0.001850,0.000035,-0.000011,0.000000,0.000000,0.000000,0.000018
2025-10-26T22:37:12.137708,17.501,-1.997114,-0.499998,0.007816,0.000012,0.003302,0.000926,0.999994,0.000030,0.006604,0.001853,0.000004,-0.000008,0.000000,0.000000,0.000000,0.000019
2025-10-26T22:37:12.237813,17.601,-1.997111,-0.499998,0.007834,0.000013,0.003308,0.000927,0.999994,0.000033,0.006617,0.001854,0.000022,-0.000008,0.000000,0.000000,0.000000,0.000019
2025-10-26T22:37:12.338565,17.701,-1.997108,-0.499998,0.007818,0.000010,0.003308,0.000928,0.999994,0.000026,0.006615,0.001857,0.000009,-0.000008,0.000000,0.000000,0.000000,0.000019
2025-10-26T22:37:12.438001,17.801,-1.997105,-0.499998,0.007828,0.000004,0.003309,0.000929,0.999994,0.000014,0.006618,0.001858,0.000015,-0.000007,0.000000,0.000000,0.000000,0.000019
2025-10-26T22:37:12.537862,17.901,-1.997102,-0.499998,0.007832,0.000003,0.003308,0.000930,0.999994,0.000012,0.006615,0.001861,0.000026,-0.000013,0.000000,0.000000,0.000000,0.000018
2025-10-26T22:37:12.637457,18.001,-1.997099,-0.499998,0.007815,0.000017,0.003305,0.000931,0.999994,0.000040,0.006609,0.001862,0.000004,-0.000012,0.000000,0.000000,0.000000,0.000019
2025-10-26T22:37:12.738268,18.101,-1.997095,-0.499998,0.007839,0.000007,0.003307,0.000932,0.999994,0.000020,0.006614,0.001865,0.000023,-0.000005,0.000000,0.000000,0.000000,0.000019
2025-10-26T22:37:12.837410,18.201,-1.997093,-0.499998,0.007846,0.000004,0.003307,0.000933,0.999994,0.000013,0.006614,0.001866,0.000034,-0.000009,0.000000,0.000000,0.000000,0.000018
2025-10-26T22:37:12.937613,18.301,-1.997089,-0.499998,0.007819,0.000005,0.003307,0.000934,0.999994,0.000016,0.006613,0.001869,0.000009,-0.000007,0.000000,0.000000,0.000000,0.000019
2025-10-26T22:37:13.038138,18.401,-1.997087,-0.499998,0.007839,0.000002,0.003312,0.000935,0.999994,0.000010,0.006625,0.001870,0.000024,-0.000009,0.000000,0.000000,0.000000,0.000019
2025-10-26T22:37:13.138065,18.501,-1.997085,-0.499998,0.007835,0.000002,0.003311,0.000936,0.999994,0.000010,0.006623,0.001872,0.000029,-0.000009,0.000000,0.000000,0.000000,0.000018
2025-10-26T22:37:13.238253,18.601,-1.997081,-0.499998,0.007838,0.000009,0.003310,0.000937,0.999994,0.000025,0.006621,0.001874,0.000023,-0.000008,0.000000,0.000000,0.000000,0.000019
2025-10-26T22:37:13.338242,18.701,-1.997079,-0.499998,0.007845,0.000008,0.003305,0.000938,0.999994,0.000023,0.006610,0.001876,0.000035,-0.000010,0.000000,0.000000,0.000000,0.000018
2025-10-26T22:37:13.437424,18.801,-1.997075,-0.499998,0.007819,0.000008,0.003306,0.000939,0.999994,0.000022,0.006612,0.001878,0.000009,-0.000006,0.000000,0.000000,0.000000,0.000020
2025-10-26T22:37:13.538041,18.901,-1.997072,-0.499998,0.007845,0.000003,0.003312,0.000940,0.999994,0.000013,0.006624,0.001880,0.000032,-0.000008,0.000000,0.000000,0.000000,0.000019
2025-10-26T22:37:13.637526,19.001,-1.997070,-0.499998,0.007816,0.000003,0.003309,0.000941,0.999994,0.000012,0.006618,0.001881,0.000005,-0.000010,0.000000,0.000000,0.000000,0.000019
2025-10-26T22:37:13.738198,19.101,-1.997066,-0.499998,0.007845,0.000012,0.003307,0.000942,0.999994,0.000031,0.006615,0.001884,0.000030,-0.000011,0.000000,0.000000,0.000000,0.000018
2025-10-26T22:37:13.837806,19.201,-1.997064,-0.499998,0.007826,0.000014,0.003304,0.000943,0.999994,0.000035,0.006607,0.001885,0.000015,-0.000007,0.000000,0.000000,0.000000,0.000019
2025-10-26T22:37:13.938169,19.301,-1.997062,-0.499998,0.007830,0.000008,0.003309,0.000943,0.999994,0.000022,0.006618,0.001887,0.000018,-0.000008,0.000000,0.000000,0.000000,0.000019
2025-10-26T22:37:14.039235,19.402,-1.997059,-0.499998,0.007841,0.000008,0.003311,0.000944,0.999994,0.000023,0.006621,0.001888,0.000030,-0.000009,0.000000,0.000000,0.000000,0.000019
2025-10-26T22:37:14.138210,19.501,-1.997056,-0.499998,0.007836,0.000008,0.003302,0.000945,0.999994,0.000021,0.006605,0.001891,0.000028,-0.000009,0.000000,0.000000,0.000000,0.000018
2025-10-26T22:37:14.238096,19.601,-1.997053,-0.499998,0.007818,0.000009,0.003304,0.000946,0.999994,0.000024,0.006608,0.001892,0.000007,-0.000009,0.000000,0.000000,0.000000,0.000019
2025-10-26T22:37:14.337864,19.701,-1.997051,-0.499998,0.007844,0.000010,0.003312,0.000947,0.999994,0.000025,0.006625,0.001894,0.000032,-0.000009,0.000000,0.000000,0.000000,0.000019
2025-10-26T22:37:14.438209,19.801,-1.997047,-0.499998,0.007816,0.000006,0.003307,0.000948,0.999994,0.000019,0.006615,0.001896,0.000004,-0.000006,0.000000,0.000000,0.000000,0.000019
2025-10-26T22:37:14.538091,19.901,-1.997045,-0.499998,0.007835,0.000002,0.003309,0.000949,0.999994,0.000011,0.006617,0.001898,0.000021,-0.000010,0.000000,0.000000,0.000000,0.000019
2025-10-26T22:37:14.637777,20.001,-1.997042,-0.499998,0.007840,0.000005,0.003308,0.000950,0.999994,0.000016,0.006615,0.001900,0.000034,-0.000010,0.000000,0.000000,0.000000,0.000018
2025-10-26T22:37:14.738418,20.101,-1.997039,-0.499998,0.007839,0.000010,0.003310,0.000951,0.999994,0.000026,0.006619,0.001902,0.000024,-0.000010,0.000000,0.000000,0.000000,0.000019
2025-10-26T22:37:14.837903,20.201,-1.997036,-0.499998,0.007835,0.000014,0.003307,0.000952,0.999994,0.000034,0.006614,0.001904,0.000028,-0.000010,0.000000,0.000000,0.000000,0.000018
2025-10-26T22:37:14.938071,20.301,-1.997033,-0.499998,0.007824,0.000012,0.003304,0.000953,0.999994,0.000030,0.006609,0.001906,0.000013,-0.000006,0.000000,0.000000,0.000000,0.000020
2025-10-26T22:37:15.038539,20.401,-1.997030,-0.499998,0.007839,0.000005,0.003306,0.000954,0.999994,0.000016,0.006613,0.001907,0.000025,-0.000010,0.000000,0.000000,0.000000,0.000018
2025-10-26T22:37:15.138635,20.502,-1.997027,-0.499998,0.007842,0.000009,0.003306,0.000955,0.999994,0.000025,0.006612,0.001910,0.000030,-0.000010,0.000000,0.000000,0.000000,0.000019
2025-10-26T22:37:15.238032,20.601,-1.997024,-0.499998,0.007823,0.000012,0.003306,0.000956,0.999994,0.000031,0.006611,0.001912,0.000014,-0.000010,0.000000,0.000000,0.000000,0.000018
2025-10-26T22:37:15.337657,20.701,-1.997022,-0.499998,0.007823,0.000012,0.003309,0.000957,0.999994,0.000030,0.006617,0.001913,0.000013,-0.000008,0.000000,0.000000,0.000000,0.000019
2025-10-26T22:37:15.440893,20.804,-1.997018,-0.499998,0.007835,0.000004,0.003308,0.000958,0.999994,0.000015,0.006617,0.001915,0.000028,-0.000008,0.000000,0.000000,0.000000,0.000018
2025-10-26T22:37:15.538286,20.901,-1.997016,-0.499998,0.007828,0.000003,0.003309,0.000958,0.999994,0.000013,0.006619,0.001917,0.000016,-0.000009,0.000000,0.000000,0.000000,0.000019
2025-10-26T22:37:15.638006,21.001,-1.997013,-0.499998,0.007845,0.000004,0.003310,0.000959,0.999994,0.000014,0.006620,0.001919,0.000035,-0.000009,0.000000,0.000000,0.000000,0.000018
2025-10-26T22:37:15.737747,21.101,-1.997009,-0.499998,0.007832,0.000008,0.003309,0.000960,0.999994,0.000022,0.006618,0.001921,0.000018,-0.000010,0.000000,0.000000,0.000000,0.000019
2025-10-26T22:37:15.838165,21.201,-1.997007,-0.499998,0.007843,0.000011,0.003308,0.000961,0.999994,0.000028,0.006616,0.001923,0.000035,-0.000010,0.000000,0.000000,0.000000,0.000018
2025-10-26T22:37:15.937870,21.301,-1.997003,-0.499998,0.007835,0.000016,0.003308,0.000962,0.999994,0.000038,0.006616,0.001925,0.000021,-0.000011,0.000000,0.000000,0.000000,0.000019
2025-10-26T22:37:16.038850,21.402,-1.997001,-0.499998,0.007835,0.000018,0.003307,0.000963,0.999994,0.000042,0.006615,0.001927,0.000029,-0.000007,0.000000,0.000000,0.000000,0.000019
2025-10-26T22:37:16.138058,21.501,-1.996997,-0.499997,0.007832,0.000004,0.003311,0.000964,0.999994,0.000014,0.006623,0.001929,0.000019,-0.000007,0.000000,0.000000,0.000000,0.000019
2025-10-26T22:37:16.237676,21.601,-1.996995,-0.499997,0.007842,0.000000,0.003312,0.000965,0.999994,0.000007,0.006623,0.001930,0.000036,-0.000010,0.000000,0.000000,0.000000,0.000018
2025-10-26T22:37:16.338989,21.702,-1.996991,-0.499998,0.007841,0.000007,0.003312,0.000966,0.999994,0.000020,0.006624,0.001933,0.000026,-0.000010,0.000000,0.000000,0.000000,0.000019
2025-10-26T22:37:16.438282,21.801,-1.996989,-0.499998,0.007828,0.000012,0.003307,0.000967,0.999994,0.000029,0.006614,0.001935,0.000018,-0.000010,0.000000,0.000000,0.000000,0.000018
2025-10-26T22:37:16.539410,21.902,-1.996985,-0.499998,0.007843,0.000018,0.003308,0.000968,0.999994,0.000042,0.006615,0.001937,0.000029,-0.000011,0.000000,0.000000,0.000000,0.000019
2025-10-26T22:37:16.637841,22.001,-1.996983,-0.499998,0.007835,0.000013,0.003307,0.000969,0.999994,0.000033,0.006613,0.001939,0.000029,-0.000006,0.000000,0.000000,0.000000,0.000019
2025-10-26T22:37:16.737773,22.101,-1.996979,-0.499997,0.007841,0.000002,0.003311,0.000970,0.999994,0.000011,0.006621,0.001941,0.000027,-0.000008,0.000000,0.000000,0.000000,0.000019
2025-10-26T22:37:16.837857,22.201,-1.996977,-0.499997,0.007828,-0.000000,0.003308,0.000971,0.999994,0.000006,0.006616,0.001942,0.000019,-0.000008,0.000000,0.000000,0.000000,0.000018
2025-10-26T22:37:16.938406,22.301,-1.996973,-0.499997,0.007843,0.000000,0.003312,0.000972,0.999994,0.000007,0.006625,0.001945,0.000029,-0.000009,0.000000,0.000000,0.000000,0.000019
2025-10-26T22:37:17.037627,22.401,-1.996970,-0.499997,0.007819,0.000005,0.003310,0.000974,0.999994,0.000016,0.006620,0.001947,0.000008,-0.000009,0.000000,0.000000,0.000000,0.000019
2025-10-26T22:37:17.138519,22.501,-1.996967,-0.499997,0.007843,0.000007,0.003311,0.000974,0.999994,0.000019,0.006622,0.001949,0.000027,-0.000009,0.000000,0.000000,0.000000,0.000019
2025-10-26T22:37:17.237970,22.601,-1.996964,-0.499998,0.007819,0.000014,0.003302,0.000976,0.999994,0.000034,0.006604,0.001951,0.000006,-0.000012,0.000000,0.000000,0.000000,0.000018
2025-10-26T22:37:17.337554,22.701,-1.996961,-0.499998,0.007828,0.000012,0.003307,0.000976,0.999994,0.000031,0.006613,0.001953,0.000017,-0.000008,0.000000,0.000000,0.000000,0.000019
2025-10-26T22:37:17.437546,22.801,-1.996957,-0.499997,0.007828,0.000007,0.003308,0.000978,0.999994,0.000021,0.006616,0.001955,0.000019,-0.000008,0.000000,0.000000,0.000000,0.000018
2025-10-26T22:37:17.538126,22.901,-1.996955,-0.499997,0.007825,0.000006,0.003310,0.000978,0.999994,0.000019,0.006620,0.001957,0.000015,-0.000008,0.000000,0.000000,0.000000,0.000019
2025-10-26T22:37:17.637981,23.001,-1.996952,-0.499998,0.007844,0.000011,0.003304,0.000980,0.999994,0.000029,0.006609,0.001959,0.000028,-0.000011,0.000000,0.000000,0.000000,0.000018
2025-10-26T22:37:17.738194,23.101,-1.996949,-0.499998,0.007844,0.000013,0.003306,0.000980,0.999994,0.000033,0.006612,0.001961,0.000036,-0.000008,0.000000,0.000000,0.000000,0.000019
2025-10-26T22:37:17.837668,23.201,-1.996945,-0.499997,0.007829,0.000008,0.003310,0.000982,0.999994,0.000023,0.006620,0.001963,0.000018,-0.000008,0.000000,0.000000,0.000000,0.000019
2025-10-26T22:37:17.938407,23.301,-1.996943,-0.499997,0.007845,-0.000001,0.003311,0.000982,0.999994,0.000004,0.006622,0.001965,0.000033,-0.000006,0.000000,0.000000,0.000000,0.000019
2025-10-26T22:37:18.038061,23.401,-1.996939,-0.499997,0.007820,0.000007,0.003303,0.000984,0.999994,0.000021,0.006606,0.001967,0.000008,-0.000012,0.000000,0.000000,0.000000,0.000018
2025-10-26T22:37:18.138641,23.501,-1.996937,-0.499998,0.007845,0.000017,0.003308,0.000984,0.999994,0.000040,0.006616,0.001969,0.000028,-0.000011,0.000000,0.000000,0.000000,0.000019
2025-10-26T22:37:18.237884,23.601,-1.996933,-0.499997,0.007823,0.000010,0.003307,0.000986,0.999994,0.000026,0.006613,0.001971,0.000014,-0.000007,0.000000,0.000000,0.000000,0.000019
2025-10-26T22:37:18.338633,23.702,-1.996930,-0.499997,0.007845,0.000006,0.003313,0.000987,0.999994,0.000019,0.006626,0.001974,0.000032,-0.000009,0.000000,0.000000,0.000000,0.000019
2025-10-26T22:37:18.437812,23.801,-1.996927,-0.499997,0.007840,0.000005,0.003306,0.000988,0.999994,0.000016,0.006612,0.001975,0.000031,-0.000009,0.000000,0.000000,0.000000,0.000018
2025-10-26T22:37:18.537687,23.901,-1.996924,-0.499998,0.007820,0.000014,0.003302,0.000989,0.999994,0.000034,0.006603,0.001978,0.000007,-0.000009,0.000000,0.000000,0.000000,0.000019
2025-10-26T22:37:18.638262,24.001,-1.996921,-0.499997,0.007839,0.000010,0.003308,0.000990,0.999994,0.000026,0.006617,0.001979,0.000025,-0.000009,0.000000,0.000000,0.000000,0.000019
2025-10-26T22:37:18.739248,24.102,-1.996918,-0.499997,0.007816,0.000008,0.003309,0.000991,0.999994,0.000023,0.006617,0.001981,0.000005,-0.000008,0.000000,0.000000,0.000000,0.000019
2025-10-26T22:37:18.838490,24.201,-1.996914,-0.499997,0.007840,0.000006,0.003307,0.000992,0.999994,0.000019,0.006614,0.001984,0.000025,-0.000009,0.000000,0.000000,0.000000,0.000019
2025-10-26T22:37:18.937782,24.301,-1.996912,-0.499997,0.007842,0.000004,0.003305,0.000993,0.999994,0.000015,0.006611,0.001985,0.000035,-0.000008,0.000000,0.000000,0.000000,0.000018
2025-10-26T22:37:19.038963,24.402,-1.996908,-0.499997,0.007829,0.000006,0.003303,0.000994,0.999994,0.000019,0.006606,0.001988,0.000018,-0.000012,0.000000,0.000000,0.000000,0.000018
2025-10-26T22:37:19.138218,24.501,-1.996906,-0.499997,0.007820,0.000011,0.003302,0.000995,0.999994,0.000029,0.006604,0.001989,0.000009,-0.000010,0.000000,0.000000,0.000000,0.000019
2025-10-26T22:37:19.238879,24.602,-1.996902,-0.499997,0.007835,0.000009,0.003307,0.000996,0.999994,0.000025,0.006615,0.001992,0.000022,-0.000010,0.000000,0.000000,0.000000,0.000019
2025-10-26T22:37:19.337794,24.701,-1.996899,-0.499997,0.007840,0.000010,0.003308,0.000997,0.999994,0.000027,0.006617,0.001993,0.000034,-0.000009,0.000000,0.000000,0.000000,0.000018
2025-10-26T22:37:19.438747,24.801,-1.996897,-0.499997,0.007816,0.000009,0.003306,0.000997,0.999994,0.000024,0.006612,0.001995,0.000004,-0.000006,0.000000,0.000000,0.000000,0.000019
2025-10-26T22:37:19.537943,24.901,-1.996895,-0.499997,0.007841,0.000002,0.003309,0.000998,0.999994,0.000011,0.006619,0.001997,0.000026,-0.000008,0.000000,0.000000,0.000000,0.000019
2025-10-26T22:37:19.638067,25.001,-1.996892,-0.499997,0.007840,0.000004,0.003309,0.000999,0.999994,0.000015,0.006617,0.001998,0.000034,-0.000009,0.000000,0.000000,0.000000,0.000018
2025-10-26T22:37:19.737484,25.101,-1.996890,-0.499997,0.007823,0.000007,0.003310,0.001000,0.999994,0.000021,0.006619,0.002000,0.000013,-0.000011,0.000000,0.000000,0.000000,0.000019
2025-10-26T22:37:19.837687,25.201,-1.996887,-0.499997,0.007842,0.000005,0.003310,0.001001,0.999994,0.000017,0.006621,0.002001,0.000026,-0.000007,0.000000,0.000000,0.000000,0.000019
2025-10-26T22:37:19.938137,25.301,-1.996885,-0.499997,0.007841,0.000002,0.003307,0.001001,0.999994,0.000011,0.006614,0.002003,0.000034,-0.000009,0.000000,0.000000,0.000000,0.000018
2025-10-26T22:37:20.037513,25.401,-1.996882,-0.499997,0.007823,0.000005,0.003308,0.001002,0.999994,0.000017,0.006615,0.002004,0.000013,-0.000010,0.000000,0.000000,0.000000,0.000019
2025-10-26T22:37:20.138224,25.501,-1.996880,-0.499997,0.007845,0.000009,0.003310,0.001003,0.999994,0.000024,0.006620,0.002006,0.000034,-0.000010,0.000000,0.000000,0.000000,0.000018
2025-10-26T22:37:20.238031,25.601,-1.996878,-0.499997,0.007816,0.000012,0.003307,0.001004,0.999994,0.000031,0.006613,0.002008,0.000005,-0.000010,0.000000,0.000000,0.000000,0.000019
2025-10-26T22:37:20.337865,25.701,-1.996875,-0.499997,0.007832,0.000010,0.003307,0.001005,0.999994,0.000026,0.006614,0.002009,0.000018,-0.000008,0.000000,0.000000,0.000000,0.000019
2025-10-26T22:37:20.438746,25.802,-1.996873,-0.499997,0.007846,0.000009,0.003306,0.001005,0.999994,0.000024,0.006612,0.002011,0.000033,-0.000009,0.000000,0.000000,0.000000,0.000018
2025-10-26T22:37:20.539134,25.901,-1.996869,-0.499997,0.007819,0.000011,0.003307,0.001007,0.999994,0.000029,0.006615,0.002013,0.000009,-0.000008,0.000000,0.000000,0.000000,0.000020
2025-10-26T22:37:20.637823,26.001,-1.996867,-0.499997,0.007838,0.000007,0.003310,0.001007,0.999994,0.000021,0.006621,0.002015,0.000024,-0.000006,0.000000,0.000000,0.000000,0.000019
2025-10-26T22:37:20.738445,26.101,-1.996864,-0.499997,0.007838,-0.000001,0.003308,0.001008,0.999994,0.000004,0.006616,0.002016,0.000032,-0.000008,0.000000,0.000000,0.000000,0.000018
2025-10-26T22:37:20.838213,26.201,-1.996861,-0.499997,0.007822,0.000012,0.003307,0.001009,0.999994,0.000031,0.006615,0.002019,0.000012,-0.000013,0.000000,0.000000,0.000000,0.000019
2025-10-26T22:37:20.937753,26.301,-1.996858,-0.499998,0.007850,0.000021,0.003308,0.001010,0.999994,0.000049,0.006616,0.002021,0.000037,-0.000010,0.000000,0.000000,0.000000,0.000019
2025-10-26T22:37:21.037977,26.401,-1.996855,-0.499997,0.007823,0.000007,0.003303,0.001011,0.999994,0.000020,0.006606,0.002023,0.000011,-0.000006,0.000000,0.000000,0.000000,0.000019
2025-10-26T22:37:21.138123,26.501,-1.996852,-0.499997,0.007824,0.000004,0.003306,0.001012,0.999994,0.000014,0.006611,0.002024,0.000014,-0.000009,0.000000,0.000000,0.000000,0.000019
2025-10-26T22:37:21.237856,26.601,-1.996850,-0.499997,0.007835,0.000006,0.003310,0.001013,0.999994,0.000018,0.006620,0.002026,0.000022,-0.000007,0.000000,0.000000,0.000000,0.000019
2025-10-26T22:37:21.338398,26.701,-1.996846,-0.499997,0.007814,0.000001,0.003309,0.001014,0.999994,0.000008,0.006618,0.002028,0.000005,-0.000010,0.000000,0.000000,0.000000,0.000019
2025-10-26T22:37:21.440368,26.803,-1.996844,-0.499997,0.007843,0.000007,0.003313,0.001015,0.999994,0.000020,0.006626,0.002030,0.000029,-0.000011,0.000000,0.000000,0.000000,0.000019
2025-10-26T22:37:21.537432,26.901,-1.996841,-0.499997,0.007840,0.000004,0.003307,0.001016,0.999994,0.000015,0.006613,0.002032,0.000032,-0.000007,0.000000,0.000000,0.000000,0.000018
2025-10-26T22:37:21.637763,27.001,-1.996838,-0.499997,0.007829,0.000008,0.003301,0.001017,0.999994,0.000022,0.006602,0.002034,0.000017,-0.000011,0.000000,0.000000,0.000000,0.000018
2025-10-26T22:37:21.738230,27.101,-1.996835,-0.499997,0.007817,0.000009,0.003301,0.001018,0.999994,0.000025,0.006603,0.002036,0.000005,-0.000009,0.000000,0.000000,0.000000,0.000019
2025-10-26T22:37:21.838168,27.201,-1.996833,-0.499997,0.007833,0.000007,0.003308,0.001019,0.999994,0.000021,0.006617,0.002037,0.000020,-0.000009,0.000000,0.000000,0.000000,0.000019
2025-10-26T22:37:21.937872,27.301,-1.996829,-0.499997,0.007842,0.000007,0.003309,0.001020,0.999994,0.000020,0.006618,0.002039,0.000032,-0.000010,0.000000,0.000000,0.000000,0.000018
2025-10-26T22:37:22.039117,27.402,-1.996827,-0.499997,0.007843,0.000004,0.003304,0.001020,0.999994,0.000016,0.006608,0.002041,0.000033,-0.000010,0.000000,0.000000,0.000000,0.000018
2025-10-26T22:37:22.138039,27.501,-1.996824,-0.499997,0.007820,0.000010,0.003301,0.001021,0.999994,0.000027,0.006603,0.002043,0.000009,-0.000011,0.000000,0.000000,0.000000,0.000018
2025-10-26T22:37:22.238485,27.601,-1.996822,-0.499997,0.007839,0.000019,0.003309,0.001022,0.999994,0.000044,0.006618,0.002044,0.000025,-0.000012,0.000000,0.000000,0.000000,0.000019
2025-10-26T22:37:22.338064,27.701,-1.996820,-0.499997,0.007839,0.000012,0.003307,0.001023,0.999994,0.000031,0.006615,0.002046,0.000024,-0.000003,0.000000,0.000000,0.000000,0.000020
2025-10-26T22:37:22.437987,27.801,-1.996817,-0.499997,0.007844,-0.000002,0.003307,0.001024,0.999994,0.000003,0.006614,0.002047,0.000034,-0.000008,0.000000,0.000000,0.000000,0.000018
2025-10-26T22:37:22.538509,27.901,-1.996813,-0.499997,0.007822,0.000016,0.003309,0.001025,0.999994,0.000039,0.006618,0.002050,0.000010,-0.000013,0.000000,0.000000,0.000000,0.000019
2025-10-26T22:37:22.638217,28.001,-1.996811,-0.499997,0.007835,0.000012,0.003312,0.001026,0.999994,0.000032,0.006623,0.002052,0.000025,-0.000004,0.000000,0.000000,0.000000,0.000020
2025-10-26T22:37:22.737644,28.101,-1.996809,-0.499997,0.007840,-0.000004,0.003307,0.001026,0.999994,-0.000001,0.006614,0.002053,0.000024,-0.000007,0.000000,0.000000,0.000000,0.000019
2025-10-26T22:37:22.838773,28.201,-1.996805,-0.499997,0.007823,0.000007,0.003304,0.001028,0.999994,0.000022,0.006608,0.002055,0.000014,-0.000012,0.000000,0.000000,0.000000,0.000018
2025-10-26T22:37:22.938303,28.301,-1.996803,-0.499997,0.007829,0.000016,0.003308,0.001028,0.999994,0.000039,0.006616,0.002057,0.000017,-0.000011,0.000000,0.000000,0.000000,0.000019
2025-10-26T22:37:23.038635,28.401,-1.996800,-0.499997,0.007845,0.000014,0.003308,0.001029,0.999994,0.000034,0.006616,0.002059,0.000033,-0.000009,0.000000,0.000000,0.000000,0.000019
2025-10-26T22:37:23.138452,28.501,-1.996798,-0.499997,0.007816,0.000013,0.003303,0.001030,0.999994,0.000033,0.006607,0.002060,0.000004,-0.000009,0.000000,0.000000,0.000000,0.000019
2025-10-26T22:37:23.237833,28.601,-1.996795,-0.499997,0.007841,0.000014,0.003306,0.001031,0.999994,0.000034,0.006613,0.002062,0.000026,-0.000010,0.000000,0.000000,0.000000,0.000019
2025-10-26T22:37:23.337560,28.701,-1.996793,-0.499997,0.007837,0.000011,0.003306,0.001032,0.999994,0.000028,0.006612,0.002063,0.000030,-0.000005,0.000000,0.000000,0.000000,0.000019
2025-10-26T22:37:23.437831,28.801,-1.996791,-0.499997,0.007829,0.000003,0.003304,0.001032,0.999994,0.000013,0.006609,0.002065,0.000017,-0.000009,0.000000,0.000000,0.000000,0.000018
2025-10-26T22:37:23.538443,28.901,-1.996788,-0.499997,0.007821,0.000006,0.003302,0.001033,0.999994,0.000019,0.006604,0.002067,0.000009,-0.000011,0.000000,0.000000,0.000000,0.000018
2025-10-26T22:37:23.637722,29.001,-1.996784,-0.499997,0.007835,0.000009,0.003307,0.001034,0.999994,0.000025,0.006614,0.002069,0.000022,-0.000010,0.000000,0.000000,0.000000,0.000019
2025-10-26T22:37:23.737959,29.101,-1.996782,-0.499997,0.007840,0.000012,0.003308,0.001035,0.999994,0.000031,0.006616,0.002071,0.000034,-0.000010,0.000000,0.000000,0.000000,0.000018
2025-10-26T22:37:23.838522,29.201,-1.996780,-0.499997,0.007816,0.000011,0.003305,0.001036,0.999994,0.000030,0.006611,0.002072,0.000004,-0.000006,0.000000,0.000000,0.000000,0.000019
2025-10-26T22:37:23.938578,29.301,-1.996777,-0.499997,0.007841,0.000006,0.003308,0.001037,0.999994,0.000018,0.006617,0.002074,0.000026,-0.000008,0.000000,0.000000,0.000000,0.000019
2025-10-26T22:37:24.038355,29.401,-1.996775,-0.499997,0.007840,0.000008,0.003307,0.001038,0.999994,0.000022,0.006614,0.002075,0.000034,-0.000010,0.000000,0.000000,0.000000,0.000018
2025-10-26T22:37:24.138247,29.501,-1.996772,-0.499997,0.007823,0.000011,0.003308,0.001038,0.999994,0.000029,0.006616,0.002077,0.000013,-0.000011,0.000000,0.000000,0.000000,0.000019
2025-10-26T22:37:24.238114,29.601,-1.996770,-0.499997,0.007840,0.000012,0.003309,0.001039,0.999994,0.000030,0.006619,0.002079,0.000026,-0.000007,0.000000,0.000000,0.000000,0.000019
2025-10-26T22:37:24.337538,29.701,-1.996768,-0.499997,0.007834,0.000006,0.003305,0.001040,0.999994,0.000019,0.006610,0.002080,0.000026,-0.000009,0.000000,0.000000,0.000000,0.000018
2025-10-26T22:37:24.438155,29.801,-1.996765,-0.499997,0.007824,0.000008,0.003305,0.001041,0.999994,0.000024,0.006611,0.002082,0.000013,-0.000010,0.000000,0.000000,0.000000,0.000019
2025-10-26T22:37:24.539241,29.902,-1.996763,-0.499997,0.007845,0.000011,0.003308,0.001042,0.999994,0.000029,0.006615,0.002083,0.000034,-0.000010,0.000000,0.000000,0.000000,0.000018
2025-10-26T22:37:24.638205,30.001,-1.996759,-0.499997,0.007828,0.000016,0.003307,0.001043,0.999994,0.000039,0.006614,0.002086,0.000016,-0.000011,0.000000,0.000000,0.000000,0.000019
2025-10-26T22:37:24.738109,30.101,-1.996757,-0.499997,0.007845,0.000019,0.003308,0.001044,0.999994,0.000045,0.006615,0.002087,0.000035,-0.000010,0.000000,0.000000,0.000000,0.000018
2025-10-26T22:37:24.838589,30.201,-1.996754,-0.499997,0.007827,0.000010,0.003303,0.001044,0.999994,0.000028,0.006605,0.002089,0.000016,-0.000006,0.000000,0.000000,0.000000,0.000019
2025-10-26T22:37:24.937783,30.301,-1.996752,-0.499997,0.007834,0.000000,0.003307,0.001045,0.999994,0.000007,0.006614,0.002090,0.000020,-0.000007,0.000000,0.000000,0.000000,0.000019
2025-10-26T22:37:25.039989,30.403,-1.996748,-0.499997,0.007834,-0.000000,0.003305,0.001046,0.999994,0.000006,0.006611,0.002093,0.000026,-0.000012,0.000000,0.000000,0.000000,0.000018
2025-10-26T22:37:25.138102,30.501,-1.996746,-0.499997,0.007824,0.000010,0.003307,0.001047,0.999994,0.000026,0.006615,0.002094,0.000014,-0.000012,0.000000,0.000000,0.000000,0.000019
2025-10-26T22:37:25.237943,30.601,-1.996743,-0.499997,0.007840,0.000015,0.003309,0.001048,0.999994,0.000037,0.006619,0.002096,0.000026,-0.000008,0.000000,0.000000,0.000000,0.000019
2025-10-26T22:37:25.339144,30.702,-1.996741,-0.499997,0.007828,0.000012,0.003305,0.001049,0.999994,0.000031,0.006610,0.002098,0.000018,-0.000008,0.000000,0.000000,0.000000,0.000018
2025-10-26T22:37:25.438069,30.801,-1.996738,-0.499997,0.007832,0.000011,0.003306,0.001050,0.999994,0.000029,0.006612,0.002099,0.000018,-0.000010,0.000000,0.000000,0.000000,0.000019
2025-10-26T22:37:25.537934,30.901,-1.996736,-0.499997,0.007843,0.000013,0.003308,0.001050,0.999994,0.000032,0.006617,0.002101,0.000033,-0.000008,0.000000,0.000000,0.000000,0.000019
2025-10-26T22:37:25.637902,31.001,-1.996732,-0.499997,0.007828,0.000009,0.003309,0.001052,0.999994,0.000026,0.006619,0.002103,0.000016,-0.000009,0.000000,0.000000,0.000000,0.000019
2025-10-26T22:37:25.738693,31.102,-1.996730,-0.499997,0.007845,0.000010,0.003311,0.001052,0.999994,0.000026,0.006622,0.002105,0.000035,-0.000009,0.000000,0.000000,0.000000,0.000018
2025-10-26T22:37:25.837467,31.201,-1.996728,-0.499997,0.007823,0.000004,0.003306,0.001053,0.999994,0.000015,0.006611,0.002106,0.000012,-0.000006,0.000000,0.000000,0.000000,0.000019
2025-10-26T22:37:25.938293,31.301,-1.996724,-0.499997,0.007835,0.000004,0.003308,0.001054,0.999994,0.000015,0.006617,0.002109,0.000022,-0.000011,0.000000,0.000000,0.000000,0.000019
2025-10-26T22:37:26.038452,31.401,-1.996722,-0.499997,0.007837,0.000010,0.003310,0.001055,0.999994,0.000028,0.006619,0.002110,0.000032,-0.000009,0.000000,0.000000,0.000000,0.000019
2025-10-26T22:37:26.138036,31.501,-1.996719,-0.499997,0.007816,0.000007,0.003306,0.001056,0.999994,0.000021,0.006613,0.002112,0.000005,-0.000007,0.000000,0.000000,0.000000,0.000019
2025-10-26T22:37:26.237917,31.601,-1.996717,-0.499997,0.007841,0.000005,0.003310,0.001057,0.999994,0.000016,0.006620,0.002113,0.000026,-0.000009,0.000000,0.000000,0.000000,0.000019
2025-10-26T22:37:26.337616,31.701,-1.996714,-0.499997,0.007828,0.000005,0.003306,0.001057,0.999994,0.000017,0.006612,0.002115,0.000019,-0.000009,0.000000,0.000000,0.000000,0.000018
2025-10-26T22:37:26.438732,31.802,-1.996711,-0.499997,0.007843,0.000008,0.003308,0.001059,0.999994,0.000022,0.006617,0.002117,0.000029,-0.000010,0.000000,0.000000,0.000000,0.000019
2025-10-26T22:37:26.538109,31.901,-1.996709,-0.499997,0.007843,0.000009,0.003307,0.001059,0.999994,0.000025,0.006614,0.002118,0.000035,-0.000010,0.000000,0.000000,0.000000,0.000018
2025-10-26T22:37:26.638509,32.001,-1.996707,-0.499997,0.007819,0.000012,0.003304,0.001060,0.999994,0.000032,0.006608,0.002120,0.000008,-0.000009,0.000000,0.000000,0.000000,0.000019
2025-10-26T22:37:26.738279,32.101,-1.996703,-0.499997,0.007845,0.000008,0.003308,0.001061,0.999994,0.000023,0.006616,0.002122,0.000035,-0.000006,0.000000,0.000000,0.000000,0.000019
2025-10-26T22:37:26.838862,32.202,-1.996701,-0.499997,0.007818,-0.000000,0.003307,0.001062,0.999994,0.000007,0.006614,0.002124,0.000005,-0.000008,0.000000,0.000000,0.000000,0.000019
2025-10-26T22:37:26.938546,32.301,-1.996698,-0.499997,0.007829,-0.000000,0.003309,0.001063,0.999994,0.000007,0.006617,0.002125,0.000016,-0.000010,0.000000,0.000000,0.000000,0.000019
2025-10-26T22:37:27.038166,32.401,-1.996696,-0.499997,0.007841,0.000013,0.003309,0.001063,0.999994,0.000034,0.006617,0.002127,0.000028,-0.000013,0.000000,0.000000,0.000000,0.000019
2025-10-26T22:37:27.138217,32.501,-1.996694,-0.499997,0.007845,0.000013,0.003305,0.001064,0.999994,0.000033,0.006609,0.002129,0.000034,-0.000007,0.000000,0.000000,0.000000,0.000019
2025-10-26T22:37:27.237787,32.601,-1.996691,-0.499997,0.007821,0.000007,0.003304,0.001065,0.999994,0.000020,0.006607,0.002130,0.000012,-0.000008,0.000000,0.000000,0.000000,0.000018
2025-10-26T22:37:27.337983,32.701,-1.996688,-0.499997,0.007844,0.000006,0.003312,0.001066,0.999994,0.000018,0.006623,0.002133,0.000030,-0.000010,0.000000,0.000000,0.000000,0.000018
2025-10-26T22:37:27.437763,32.801,-1.996685,-0.499997,0.007844,0.000007,0.003307,0.001067,0.999994,0.000021,0.006614,0.002134,0.000032,-0.000007,0.000000,0.000000,0.000000,0.000019
2025-10-26T22:37:27.538279,32.901,-1.996683,-0.499997,0.007828,0.000007,0.003302,0.001068,0.999994,0.000020,0.006603,0.002136,0.000017,-0.000011,0.000000,0.000000,0.000000,0.000018
2025-10-26T22:37:27.638241,33.001,-1.996680,-0.499997,0.007827,0.000007,0.003307,0.001069,0.999994,0.000022,0.006614,0.002137,0.000016,-0.000009,0.000000,0.000000,0.000000,0.000019
2025-10-26T22:37:27.738672,33.101,-1.996678,-0.499997,0.007841,0.000010,0.003313,0.001069,0.999994,0.000026,0.006625,0.002139,0.000032,-0.000011,0.000000,0.000000,0.000000,0.000018
2025-10-26T22:37:27.838337,33.201,-1.996676,-0.499997,0.007823,0.000012,0.003307,0.001070,0.999994,0.000031,0.006613,0.002141,0.000012,-0.000009,0.000000,0.000000,0.000000,0.000019
2025-10-26T22:37:27.937663,33.301,-1.996672,-0.499997,0.007845,0.000015,0.003307,0.001071,0.999994,0.000037,0.006614,0.002143,0.000031,-0.000010,0.000000,0.000000,0.000000,0.000019
2025-10-26T22:37:28.038867,33.402,-1.996670,-0.499997,0.007828,0.000009,0.003305,0.001072,0.999994,0.000026,0.006609,0.002145,0.000019,-0.000005,0.000000,0.000000,0.000000,0.000019
2025-10-26T22:37:28.138813,33.501,-1.996667,-0.499997,0.007825,0.000003,0.003307,0.001073,0.999994,0.000013,0.006614,0.002146,0.000014,-0.000009,0.000000,0.000000,0.000000,0.000019
2025-10-26T22:37:28.238542,33.602,-1.996665,-0.499997,0.007845,0.000002,0.003312,0.001074,0.999994,0.000011,0.006623,0.002148,0.000034,-0.000009,0.000000,0.000000,0.000000,0.000018
2025-10-26T22:37:28.338389,33.701,-1.996662,-0.499997,0.007813,0.000004,0.003310,0.001075,0.999994,0.000014,0.006620,0.002149,0.000003,-0.000011,0.000000,0.000000,0.000000,0.000019
2025-10-26T22:37:28.437819,33.801,-1.996660,-0.499997,0.007843,0.000009,0.003312,0.001075,0.999994,0.000025,0.006623,0.002151,0.000027,-0.000011,0.000000,0.000000,0.000000,0.000019
2025-10-26T22:37:28.538048,33.901,-1.996657,-0.499997,0.007835,0.000014,0.003306,0.001076,0.999994,0.000035,0.006613,0.002153,0.000027,-0.000009,0.000000,0.000000,0.000000,0.000018
2025-10-26T22:37:28.638263,34.001,-1.996654,-0.499997,0.007835,0.000009,0.003306,0.001077,0.999994,0.000024,0.006613,0.002155,0.000021,-0.000005,0.000000,0.000000,0.000000,0.000019
2025-10-26T22:37:28.737811,34.101,-1.996651,-0.499997,0.007843,0.000003,0.003308,0.001078,0.999994,0.000013,0.006616,0.002156,0.000032,-0.000009,0.000000,0.000000,0.000000,0.000018
2025-10-26T22:37:28.837819,34.201,-1.996649,-0.499997,0.007818,0.000005,0.003308,0.001079,0.999994,0.000018,0.006617,0.002158,0.000009,-0.000009,0.000000,0.000000,0.000000,0.000019
2025-10-26T22:37:28.938901,34.301,-1.996645,-0.499997,0.007826,0.000007,0.003305,0.001080,0.999994,0.000021,0.006611,0.002160,0.000013,-0.000009,0.000000,0.000000,0.000000,0.000019
2025-10-26T22:37:29.037757,34.401,-1.996643,-0.499997,0.007837,0.000007,0.003304,0.001081,0.999994,0.000022,0.006607,0.002162,0.000021,-0.000011,0.000000,0.000000,0.000000,0.000019
2025-10-26T22:37:29.137966,34.501,-1.996640,-0.499997,0.007844,0.000010,0.003308,0.001082,0.999994,0.000028,0.006615,0.002164,0.000033,-0.000007,0.000000,0.000000,0.000000,0.000019
2025-10-26T22:37:29.238454,34.601,-1.996638,-0.499997,0.007818,0.000005,0.003309,0.001083,0.999994,0.000018,0.006618,0.002165,0.000010,-0.000007,0.000000,0.000000,0.000000,0.000019
2025-10-26T22:37:29.338609,34.701,-1.996636,-0.499997,0.007822,0.000002,0.003310,0.001083,0.999994,0.000010,0.006620,0.002167,0.000012,-0.000008,0.000000,0.000000,0.000000,0.000019
2025-10-26T22:37:29.437742,34.801,-1.996633,-0.499997,0.007830,0.000002,0.003304,0.001084,0.999994,0.000012,0.006608,0.002168,0.000015,-0.000011,0.000000,0.000000,0.000000,0.000019
2025-10-26T22:37:29.537545,34.901,-1.996631,-0.499997,0.007846,0.000010,0.003305,0.001085,0.999994,0.000027,0.006611,0.002170,0.000035,-0.000011,0.000000,0.000000,0.000000,0.000018
2025-10-26T22:37:29.637647,35.001,-1.996628,-0.499997,0.007828,0.000009,0.003306,0.001086,0.999994,0.000026,0.006611,0.002172,0.000020,-0.000008,0.000000,0.000000,0.000000,0.000018
2025-10-26T22:37:29.738456,35.101,-1.996625,-0.499997,0.007834,0.000006,0.003310,0.001087,0.999994,0.000018,0.006621,0.002174,0.000021,-0.000009,0.000000,0.000000,0.000000,0.000019
2025-10-26T22:37:29.838189,35.201,-1.996622,-0.499997,0.007846,0.000005,0.003306,0.001088,0.999994,0.000018,0.006611,0.002175,0.000032,-0.000009,0.000000,0.000000,0.000000,0.000018
2025-10-26T22:37:29.938287,35.301,-1.996620,-0.499997,0.007843,0.000013,0.003303,0.001089,0.999994,0.000033,0.006605,0.002177,0.000033,-0.000009,0.000000,0.000000,0.000000,0.000019
2025-10-26T22:37:30.038173,35.401,-1.996618,-0.499997,0.007821,0.000010,0.003303,0.001089,0.999994,0.000027,0.006606,0.002179,0.000012,-0.000009,0.000000,0.000000,0.000000,0.000018
2025-10-26T22:37:30.137750,35.501,-1.996614,-0.499997,0.007822,0.000005,0.003308,0.001091,0.999994,0.000018,0.006615,0.002181,0.000012,-0.000008,0.000000,0.000000,0.000000,0.000019
2025-10-26T22:37:30.238196,35.601,-1.996611,-0.499997,0.007844,0.000006,0.003309,0.001091,0.999994,0.000020,0.006619,0.002183,0.000029,-0.000010,0.000000,0.000000,0.000000,0.000019
2025-10-26T22:37:30.338209,35.701,-1.996609,-0.499997,0.007823,0.000009,0.003305,0.001092,0.999994,0.000025,0.006611,0.002184,0.000013,-0.000009,0.000000,0.000000,0.000000,0.000018
2025-10-26T22:37:30.438404,35.801,-1.996607,-0.499997,0.007835,0.000012,0.003309,0.001093,0.999994,0.000030,0.006618,0.002186,0.000021,-0.000010,0.000000,0.000000,0.000000,0.000019
2025-10-26T22:37:30.538348,35.901,-1.996603,-0.499997,0.007818,0.000017,0.003305,0.001094,0.999994,0.000040,0.006610,0.002188,0.000008,-0.000010,0.000000,0.000000,0.000000,0.000019
2025-10-26T22:37:30.637775,36.001,-1.996601,-0.499997,0.007820,0.000012,0.003303,0.001095,0.999994,0.000031,0.006606,0.002190,0.000008,-0.000004,0.000000,0.000000,0.000000,0.000020
2025-10-26T22:37:30.737851,36.101,-1.996598,-0.499997,0.007837,0.000005,0.003306,0.001096,0.999994,0.000017,0.006611,0.002191,0.000023,-0.000010,0.000000,0.000000,0.000000,0.000019
2025-10-26T22:37:30.837585,36.201,-1.996596,-0.499997,0.007844,0.000005,0.003307,0.001096,0.999994,0.000018,0.006614,0.002193,0.000036,-0.000009,0.000000,0.000000,0.000000,0.000018
2025-10-26T22:37:30.937659,36.301,-1.996592,-0.499997,0.007834,0.000012,0.003311,0.001098,0.999994,0.000031,0.006622,0.002195,0.000021,-0.000011,0.000000,0.000000,0.000000,0.000019
2025-10-26T22:37:31.038038,36.401,-1.996590,-0.499997,0.007839,0.000013,0.003311,0.001098,0.999994,0.000033,0.006622,0.002197,0.000033,-0.000007,0.000000,0.000000,0.000000,0.000019
2025-10-26T22:37:31.138102,36.501,-1.996587,-0.499997,0.007819,0.000002,0.003305,0.001099,0.999994,0.000012,0.006609,0.002199,0.000006,-0.000006,0.000000,0.000000,0.000000,0.000019
2025-10-26T22:37:31.239373,36.602,-1.996585,-0.499997,0.007828,0.000002,0.003306,0.001100,0.999994,0.000011,0.006612,0.002200,0.000016,-0.000010,0.000000,0.000000,0.000000,0.000019
2025-10-26T22:37:31.341866,36.704,-1.996581,-0.499997,0.007837,0.000012,0.003309,0.001101,0.999994,0.000031,0.006618,0.002203,0.000032,-0.000009,0.000000,0.000000,0.000000,0.000019
2025-10-26T22:37:31.437414,36.801,-1.996579,-0.499997,0.007816,0.000009,0.003306,0.001102,0.999994,0.000025,0.006612,0.002204,0.000005,-0.000007,0.000000,0.000000,0.000000,0.000019
2025-10-26T22:37:31.537402,36.901,-1.996576,-0.499997,0.007841,0.000006,0.003310,0.001103,0.999994,0.000020,0.006620,0.002206,0.000026,-0.000009,0.000000,0.000000,0.000000,0.000019
2025-10-26T22:37:31.639666,37.002,-1.996574,-0.499997,0.007828,0.000006,0.003306,0.001104,0.999994,0.000020,0.006613,0.002207,0.000019,-0.000009,0.000000,0.000000,0.000000,0.000018
2025-10-26T22:37:31.739288,37.102,-1.996571,-0.499997,0.007832,0.000008,0.003308,0.001104,0.999994,0.000023,0.006617,0.002209,0.000018,-0.000010,0.000000,0.000000,0.000000,0.000019
2025-10-26T22:37:31.838494,37.201,-1.996569,-0.499997,0.007843,0.000010,0.003307,0.001105,0.999994,0.000028,0.006615,0.002211,0.000035,-0.000010,0.000000,0.000000,0.000000,0.000018
2025-10-26T22:37:31.939229,37.302,-1.996565,-0.499997,0.007835,0.000015,0.003307,0.001106,0.999994,0.000037,0.006614,0.002213,0.000021,-0.000011,0.000000,0.000000,0.000000,0.000019
2025-10-26T22:37:32.038222,37.401,-1.996563,-0.499997,0.007835,0.000016,0.003307,0.001107,0.999994,0.000040,0.006613,0.002215,0.000029,-0.000007,0.000000,0.000000,0.000000,0.000019
2025-10-26T22:37:32.139719,37.502,-1.996561,-0.499997,0.007816,0.000006,0.003307,0.001108,0.999994,0.000020,0.006613,0.002216,0.000005,-0.000006,0.000000,0.000000,0.000000,0.000019
2025-10-26T22:37:32.238192,37.601,-1.996558,-0.499997,0.007843,-0.000000,0.003312,0.001109,0.999994,0.000006,0.006624,0.002218,0.000030,-0.000007,0.000000,0.000000,0.000000,0.000019
2025-10-26T22:37:32.338833,37.702,-1.996556,-0.499997,0.007823,0.000003,0.003309,0.001110,0.999994,0.000012,0.006618,0.002219,0.000013,-0.000011,0.000000,0.000000,0.000000,0.000018
2025-10-26T22:37:32.437623,37.801,-1.996553,-0.499997,0.007824,0.000011,0.003307,0.001110,0.999994,0.000030,0.006614,0.002221,0.000013,-0.000012,0.000000,0.000000,0.000000,0.000019
2025-10-26T22:37:32.538635,37.902,-1.996551,-0.499997,0.007841,0.000012,0.003306,0.001111,0.999994,0.000031,0.006611,0.002223,0.000025,-0.000009,0.000000,0.000000,0.000000,0.000019
2025-10-26T22:37:32.638841,38.002,-1.996549,-0.499997,0.007847,0.000006,0.003306,0.001112,0.999994,0.000019,0.006613,0.002224,0.000032,-0.000008,0.000000,0.000000,0.000000,0.000019
2025-10-26T22:37:32.738931,38.102,-1.996546,-0.499997,0.007829,0.000006,0.003307,0.001113,0.999994,0.000020,0.006614,0.002226,0.000022,-0.000008,0.000000,0.000000,0.000000,0.000018
2025-10-26T22:37:32.838524,38.202,-1.996542,-0.499997,0.007823,0.000007,0.003308,0.001114,0.999994,0.000022,0.006615,0.002228,0.000013,-0.000008,0.000000,0.000000,0.000000,0.000019
2025-10-26T22:37:32.938221,38.301,-1.996540,-0.499997,0.007842,0.000003,0.003309,0.001115,0.999994,0.000014,0.006617,0.002230,0.000029,-0.000010,0.000000,0.000000,0.000000,0.000018
2025-10-26T22:37:33.037974,38.401,-1.996538,-0.499997,0.007823,0.000006,0.003306,0.001116,0.999994,0.000020,0.006612,0.002231,0.000013,-0.000010,0.000000,0.000000,0.000000,0.000018
2025-10-26T22:37:33.139068,38.501,-1.996535,-0.499997,0.007835,0.000010,0.003311,0.001116,0.999994,0.000027,0.006622,0.002233,0.000022,-0.000011,0.000000,0.000000,0.000000,0.000019
2025-10-26T22:37:33.237643,38.601,-1.996533,-0.499997,0.007846,0.000005,0.003309,0.001117,0.999994,0.000018,0.006617,0.002234,0.000033,-0.000007,0.000000,0.000000,0.000000,0.000019
2025-10-26T22:37:33.338090,38.701,-1.996530,-0.499997,0.007824,0.000005,0.003304,0.001118,0.999994,0.000017,0.006608,0.002236,0.000013,-0.000009,0.000000,0.000000,0.000000,0.000018
2025-10-26T22:37:33.438682,38.802,-1.996528,-0.499997,0.007835,0.000008,0.003308,0.001119,0.999994,0.000023,0.006616,0.002238,0.000021,-0.000010,0.000000,0.000000,0.000000,0.000019
2025-10-26T22:37:33.539168,38.902,-1.996526,-0.499997,0.007840,0.000011,0.003307,0.001120,0.999994,0.000029,0.006614,0.002239,0.000034,-0.000010,0.000000,0.000000,0.000000,0.000018
2025-10-26T22:37:33.638146,39.001,-1.996523,-0.499997,0.007823,0.000014,0.003307,0.001120,0.999994,0.000036,0.006614,0.002241,0.000013,-0.000011,0.000000,0.000000,0.000000,0.000019
2025-10-26T22:37:33.738872,39.102,-1.996521,-0.499997,0.007840,0.000015,0.003307,0.001121,0.999994,0.000038,0.006615,0.002242,0.000026,-0.000007,0.000000,0.000000,0.000000,0.000019
2025-10-26T22:37:33.837566,39.201,-1.996518,-0.499997,0.007841,0.000004,0.003306,0.001122,0.999994,0.000016,0.006611,0.002244,0.000033,-0.000008,0.000000,0.000000,0.000000,0.000018
2025-10-26T22:37:33.937966,39.301,-1.996516,-0.499997,0.007820,0.000004,0.003305,0.001123,0.999994,0.000015,0.006610,0.002245,0.000010,-0.000010,0.000000,0.000000,0.000000,0.000018
2025-10-26T22:37:34.037761,39.401,-1.996513,-0.499997,0.007832,0.000007,0.003312,0.001124,0.999994,0.000022,0.006623,0.002247,0.000021,-0.000009,0.000000,0.000000,0.000000,0.000019
2025-10-26T22:37:34.138747,39.501,-1.996511,-0.499997,0.007839,0.000010,0.003307,0.001124,0.999994,0.000028,0.006614,0.002249,0.000024,-0.000009,0.000000,0.000000,0.000000,0.000019
2025-10-26T22:37:34.238631,39.601,-1.996509,-0.499997,0.007846,0.000008,0.003303,0.001125,0.999994,0.000024,0.006606,0.002250,0.000034,-0.000009,0.000000,0.000000,0.000000,0.000018
2025-10-26T22:37:34.338285,39.701,-1.996505,-0.499997,0.007820,0.000005,0.003305,0.001126,0.999994,0.000017,0.006609,0.002253,0.000010,-0.000008,0.000000,0.000000,0.000000,0.000019
2025-10-26T22:37:34.438459,39.801,-1.996502,-0.499996,0.007832,0.000003,0.003313,0.001127,0.999994,0.000014,0.006625,0.002254,0.000021,-0.000008,0.000000,0.000000,0.000000,0.000019
2025-10-26T22:37:34.538467,39.901,-1.996500,-0.499996,0.007839,0.000003,0.003309,0.001128,0.999994,0.000012,0.006618,0.002256,0.000024,-0.000008,0.000000,0.000000,0.000000,0.000019
2025-10-26T22:37:34.638222,40.001,-1.996498,-0.499997,0.007846,0.000008,0.003304,0.001129,0.999994,0.000024,0.006608,0.002257,0.000034,-0.000011,0.000000,0.000000,0.000000,0.000018
2025-10-26T22:37:34.738047,40.101,-1.996494,-0.499997,0.007816,0.000010,0.003306,0.001130,0.999994,0.000027,0.006613,0.002260,0.000005,-0.000008,0.000000,0.000000,0.000000,0.000019
2025-10-26T22:37:34.837514,40.201,-1.996492,-0.499997,0.007834,0.000005,0.003311,0.001131,0.999994,0.000017,0.006622,0.002261,0.000021,-0.000006,0.000000,0.000000,0.000000,0.000019
2025-10-26T22:37:34.937823,40.301,-1.996489,-0.499996,0.007836,-0.000004,0.003309,0.001131,0.999994,0.000000,0.006618,0.002263,0.000030,-0.000008,0.000000,0.000000,0.000000,0.000018
2025-10-26T22:37:35.038219,40.401,-1.996487,-0.499997,0.007817,0.000006,0.003307,0.001132,0.999994,0.000019,0.006614,0.002265,0.000004,-0.000014,0.000000,0.000000,0.000000,0.000019
2025-10-26T22:37:35.137717,40.501,-1.996483,-0.499997,0.007838,0.000011,0.003306,0.001133,0.999994,0.000029,0.006611,0.002267,0.000023,-0.000006,0.000000,0.000000,0.000000,0.000019
2025-10-26T22:37:35.237377,40.601,-1.996481,-0.499996,0.007842,0.000002,0.003306,0.001134,0.999994,0.000011,0.006611,0.002269,0.000033,-0.000007,0.000000,0.000000,0.000000,0.000018
2025-10-26T22:37:35.339077,40.702,-1.996478,-0.499996,0.007823,0.000002,0.003306,0.001135,0.999994,0.000012,0.006612,0.002270,0.000014,-0.000009,0.000000,0.000000,0.000000,0.000018
2025-10-26T22:37:35.438859,40.802,-1.996476,-0.499996,0.007835,0.000004,0.003314,0.001136,0.999994,0.000016,0.006628,0.002272,0.000022,-0.000010,0.000000,0.000000,0.000000,0.000019
2025-10-26T22:37:35.538266,40.901,-1.996473,-0.499996,0.007840,0.000005,0.003310,0.001137,0.999994,0.000018,0.006621,0.002273,0.000026,-0.000010,0.000000,0.000000,0.000000,0.000019
2025-10-26T22:37:35.637758,41.001,-1.996470,-0.499996,0.007838,0.000002,0.003303,0.001138,0.999994,0.000012,0.006605,0.002276,0.000031,-0.000007,0.000000,0.000000,0.000000,0.000018
2025-10-26T22:37:35.738341,41.101,-1.996467,-0.499996,0.007820,0.000004,0.003302,0.001139,0.999994,0.000016,0.006604,0.002277,0.000008,-0.000011,0.000000,0.000000,0.000000,0.000018
2025-10-26T22:37:35.837946,41.201,-1.996464,-0.499997,0.007838,0.000013,0.003311,0.001140,0.999994,0.000034,0.006622,0.002280,0.000024,-0.000008,0.000000,0.000000,0.000000,0.000019
2025-10-26T22:37:35.938740,41.302,-1.996461,-0.499996,0.007845,0.000002,0.003309,0.001141,0.999994,0.000011,0.006617,0.002281,0.000035,-0.000005,0.000000,0.000000,0.000000,0.000019
2025-10-26T22:37:36.037412,41.401,-1.996459,-0.499996,0.007823,-0.000002,0.003306,0.001141,0.999994,0.000003,0.006613,0.002283,0.000012,-0.000009,0.000000,0.000000,0.000000,0.000018
2025-10-26T22:37:36.137907,41.501,-1.996455,-0.499997,0.007840,0.000010,0.003311,0.001143,0.999994,0.000028,0.006623,0.002285,0.000030,-0.000010,0.000000,0.000000,0.000000,0.000019
2025-10-26T22:37:36.237981,41.601,-1.996453,-0.499997,0.007828,0.000009,0.003306,0.001143,0.999994,0.000025,0.006612,0.002287,0.000018,-0.000008,0.000000,0.000000,0.000000,0.000018
2025-10-26T22:37:36.337986,41.701,-1.996450,-0.499996,0.007832,0.000009,0.003306,0.001144,0.999994,0.000025,0.006612,0.002288,0.000018,-0.000010,0.000000,0.000000,0.000000,0.000019
2025-10-26T22:37:36.438496,41.801,-1.996447,-0.499996,0.007834,0.000009,0.003307,0.001145,0.999994,0.000026,0.006614,0.002291,0.000028,-0.000008,0.000000,0.000000,0.000000,0.000018
2025-10-26T22:37:36.541366,41.902,-1.996444,-0.499996,0.007828,0.000009,0.003308,0.001146,0.999994,0.000025,0.006617,0.002292,0.000016,-0.000010,0.000000,0.000000,0.000000,0.000019
2025-10-26T22:37:36.638388,42.001,-1.996442,-0.499996,0.007845,0.000010,0.003309,0.001147,0.999994,0.000027,0.006618,0.002294,0.000035,-0.000009,0.000000,0.000000,0.000000,0.000018
2025-10-26T22:37:36.737693,42.101,-1.996440,-0.499997,0.007816,0.000012,0.003306,0.001148,0.999994,0.000031,0.006612,0.002296,0.000004,-0.000009,0.000000,0.000000,0.000000,0.000019
2025-10-26T22:37:36.838429,42.201,-1.996437,-0.499997,0.007843,0.000014,0.003309,0.001149,0.999994,0.000036,0.006619,0.002297,0.000029,-0.000010,0.000000,0.000000,0.000000,0.000019
2025-10-26T22:37:36.939438,42.302,-1.996435,-0.499997,0.007823,0.000017,0.003305,0.001149,0.999994,0.000042,0.006610,0.002299,0.000013,-0.000010,0.000000,0.000000,0.000000,0.000018
2025-10-26T22:37:37.039558,42.403,-1.996431,-0.499996,0.007824,0.000004,0.003303,0.001151,0.999994,0.000015,0.006607,0.002301,0.000014,-0.000008,0.000000,0.000000,0.000000,0.000019
2025-10-26T22:37:37.138318,42.501,-1.996429,-0.499996,0.007841,0.000004,0.003307,0.001151,0.999994,0.000016,0.006614,0.002303,0.000026,-0.000009,0.000000,0.000000,0.000000,0.000019
2025-10-26T22:37:37.238060,42.601,-1.996426,-0.499996,0.007831,0.000007,0.003307,0.001152,0.999994,0.000022,0.006613,0.002304,0.000024,-0.000010,0.000000,0.000000,0.000000,0.000018
2025-10-26T22:37:37.338723,42.702,-1.996424,-0.499997,0.007830,0.000013,0.003311,0.001153,0.999994,0.000033,0.006622,0.002306,0.000018,-0.000011,0.000000,0.000000,0.000000,0.000019
2025-10-26T22:37:37.437864,42.801,-1.996420,-0.499996,0.007822,0.000010,0.003308,0.001154,0.999994,0.000027,0.006616,0.002308,0.000013,-0.000008,0.000000,0.000000,0.000000,0.000019
2025-10-26T22:37:37.538623,42.901,-1.996418,-0.499996,0.007835,0.000008,0.003310,0.001155,0.999994,0.000024,0.006620,0.002310,0.000021,-0.000009,0.000000,0.000000,0.000000,0.000019
2025-10-26T22:37:37.637434,43.001,-1.996415,-0.499996,0.007840,0.000009,0.003307,0.001156,0.999994,0.000025,0.006614,0.002312,0.000033,-0.000009,0.000000,0.000000,0.000000,0.000018
2025-10-26T22:37:37.739692,43.102,-1.996413,-0.499996,0.007823,0.000011,0.003305,0.001157,0.999994,0.000029,0.006610,0.002313,0.000012,-0.000010,0.000000,0.000000,0.000000,0.000019
2025-10-26T22:37:37.837748,43.201,-1.996411,-0.499997,0.007841,0.000014,0.003308,0.001157,0.999994,0.000035,0.006616,0.002315,0.000029,-0.000009,0.000000,0.000000,0.000000,0.000019
2025-10-26T22:37:37.937721,43.301,-1.996407,-0.499996,0.007837,-0.000001,0.003307,0.001158,0.999994,0.000005,0.006614,0.002317,0.000031,-0.000008,0.000000,0.000000,0.000000,0.000018
2025-10-26T22:37:38.040047,43.403,-1.996404,-0.499996,0.007817,0.000007,0.003307,0.001159,0.999994,0.000021,0.006615,0.002319,0.000005,-0.000013,0.000000,0.000000,0.000000,0.000019
2025-10-26T22:37:38.138191,43.501,-1.996402,-0.499997,0.007841,0.000016,0.003311,0.001160,0.999994,0.000040,0.006622,0.002320,0.000026,-0.000011,0.000000,0.000000,0.000000,0.000019
2025-10-26T22:37:38.237467,43.601,-1.996400,-0.499996,0.007843,0.000012,0.003305,0.001161,0.999994,0.000032,0.006611,0.002322,0.000034,-0.000007,0.000000,0.000000,0.000000,0.000019
2025-10-26T22:37:38.337632,43.701,-1.996397,-0.499996,0.007823,0.000007,0.003303,0.001162,0.999994,0.000022,0.006605,0.002323,0.000011,-0.000006,0.000000,0.000000,0.000000,0.000019
2025-10-26T22:37:38.437681,43.801,-1.996394,-0.499996,0.007841,-0.000002,0.003312,0.001163,0.999994,0.000005,0.006623,0.002326,0.000028,-0.000008,0.000000,0.000000,0.000000,0.000019
2025-10-26T22:37:38.537807,43.901,-1.996391,-0.499996,0.007817,0.000002,0.003310,0.001164,0.999994,0.000011,0.006621,0.002327,0.000008,-0.000010,0.000000,0.000000,0.000000,0.000019
2025-10-26T22:37:38.639201,44.002,-1.996388,-0.499996,0.007833,0.000008,0.003305,0.001165,0.999994,0.000024,0.006610,0.002330,0.000017,-0.000011,0.000000,0.000000,0.000000,0.000019
2025-10-26T22:37:38.737797,44.101,-1.996385,-0.499996,0.007843,0.000012,0.003304,0.001166,0.999994,0.000031,0.006609,0.002331,0.000029,-0.000007,0.000000,0.000000,0.000000,0.000019
2025-10-26T22:37:38.837715,44.201,-1.996383,-0.499996,0.007838,0.000008,0.003307,0.001166,0.999994,0.000023,0.006613,0.002333,0.000033,-0.000008,0.000000,0.000000,0.000000,0.000018
2025-10-26T22:37:38.937605,44.301,-1.996379,-0.499996,0.007824,0.000006,0.003308,0.001168,0.999994,0.000019,0.006616,0.002335,0.000014,-0.000010,0.000000,0.000000,0.000000,0.000019
2025-10-26T22:37:39.038767,44.402,-1.996377,-0.499996,0.007845,0.000007,0.003312,0.001168,0.999994,0.000022,0.006623,0.002337,0.000034,-0.000010,0.000000,0.000000,0.000000,0.000018
2025-10-26T22:37:39.138175,44.501,-1.996373,-0.499996,0.007816,0.000002,0.003307,0.001170,0.999994,0.000011,0.006614,0.002339,0.000004,-0.000006,0.000000,0.000000,0.000000,0.000019
2025-10-26T22:37:39.237906,44.601,-1.996371,-0.499996,0.007840,0.000000,0.003310,0.001170,0.999994,0.000008,0.006619,0.002341,0.000024,-0.000010,0.000000,0.000000,0.000000,0.000019
2025-10-26T22:37:39.339011,44.702,-1.996368,-0.499996,0.007835,0.000003,0.003308,0.001171,0.999994,0.000015,0.006617,0.002342,0.000029,-0.000010,0.000000,0.000000,0.000000,0.000018
2025-10-26T22:37:39.438442,44.801,-1.996364,-0.499996,0.007835,0.000009,0.003311,0.001172,0.999994,0.000025,0.006621,0.002345,0.000022,-0.000009,0.000000,0.000000,0.000000,0.000019
2025-10-26T22:37:39.538558,44.901,-1.996362,-0.499996,0.007843,0.000003,0.003308,0.001173,0.999994,0.000013,0.006615,0.002346,0.000035,-0.000007,0.000000,0.000000,0.000000,0.000018
2025-10-26T22:37:39.637896,45.001,-1.996359,-0.499996,0.007820,0.000008,0.003305,0.001174,0.999994,0.000023,0.006610,0.002349,0.000009,-0.000011,0.000000,0.000000,0.000000,0.000019
2025-10-26T22:37:39.738211,45.101,-1.996356,-0.499996,0.007839,0.000006,0.003307,0.001175,0.999994,0.000021,0.006614,0.002350,0.000024,-0.000009,0.000000,0.000000,0.000000,0.000019
2025-10-26T22:37:39.838137,45.201,-1.996352,-0.499996,0.007823,0.000012,0.003306,0.001176,0.999994,0.000032,0.006612,0.002353,0.000014,-0.000010,0.000000,0.000000,0.000000,0.000018
2025-10-26T22:37:39.938382,45.301,-1.996350,-0.499996,0.007823,0.000013,0.003307,0.001177,0.999994,0.000033,0.006615,0.002355,0.000013,-0.000008,0.000000,0.000000,0.000000,0.000020
2025-10-26T22:37:40.037785,45.401,-1.996348,-0.499996,0.007845,0.000007,0.003308,0.001178,0.999994,0.000022,0.006616,0.002356,0.000033,-0.000008,0.000000,0.000000,0.000000,0.000019
2025-10-26T22:37:40.139289,45.502,-1.996345,-0.499996,0.007824,0.000008,0.003304,0.001179,0.999994,0.000024,0.006608,0.002358,0.000013,-0.000010,0.000000,0.000000,0.000000,0.000018
2025-10-26T22:37:40.238129,45.601,-1.996343,-0.499996,0.007835,0.000012,0.003309,0.001180,0.999994,0.000031,0.006617,0.002359,0.000022,-0.000011,0.000000,0.000000,0.000000,0.000019
2025-10-26T22:37:40.337922,45.701,-1.996339,-0.499996,0.007835,0.000012,0.003306,0.001181,0.999994,0.000032,0.006611,0.002362,0.000028,-0.000007,0.000000,0.000000,0.000000,0.000019
2025-10-26T22:37:40.438266,45.801,-1.996337,-0.499996,0.007827,0.000008,0.003306,0.001182,0.999994,0.000023,0.006611,0.002363,0.000015,-0.000009,0.000000,0.000000,0.000000,0.000019
2025-10-26T22:37:40.538599,45.901,-1.996334,-0.499996,0.007840,0.000006,0.003309,0.001182,0.999994,0.000020,0.006617,0.002365,0.000027,-0.000009,0.000000,0.000000,0.000000,0.000019
2025-10-26T22:37:40.637913,46.001,-1.996331,-0.499996,0.007817,0.000005,0.003305,0.001184,0.999994,0.000018,0.006611,0.002367,0.000006,-0.000010,0.000000,0.000000,0.000000,0.000019
2025-10-26T22:37:40.737899,46.101,-1.996328,-0.499996,0.007840,0.000009,0.003311,0.001184,0.999994,0.000026,0.006621,0.002369,0.000026,-0.000010,0.000000,0.000000,0.000000,0.000019
2025-10-26T22:37:40.838620,46.201,-1.996326,-0.499996,0.007826,0.000015,0.003308,0.001185,0.999994,0.000038,0.006615,0.002370,0.000018,-0.000011,0.000000,0.000000,0.000000,0.000018
2025-10-26T22:37:40.939003,46.302,-1.996323,-0.499996,0.007819,0.000008,0.003307,0.001186,0.999994,0.000024,0.006614,0.002372,0.000005,-0.000004,0.000000,0.000000,0.000000,0.000020
2025-10-26T22:37:41.037615,46.401,-1.996320,-0.499996,0.007837,-0.000005,0.003308,0.001187,0.999994,-0.000002,0.006617,0.002374,0.000023,-0.000010,0.000000,0.000000,0.000000,0.000018
2025-10-26T22:37:41.137745,46.501,-1.996317,-0.499996,0.007846,0.000008,0.003307,0.001188,0.999994,0.000024,0.006614,0.002376,0.000034,-0.000013,0.000000,0.000000,0.000000,0.000018
2025-10-26T22:37:41.238719,46.601,-1.996315,-0.499996,0.007816,0.000020,0.003304,0.001189,0.999994,0.000048,0.006608,0.002378,0.000005,-0.000012,0.000000,0.000000,0.000000,0.000019
2025-10-26T22:37:41.339034,46.702,-1.996313,-0.499996,0.007819,0.000011,0.003302,0.001190,0.999994,0.000030,0.006604,0.002379,0.000006,-0.000002,0.000000,0.000000,0.000000,0.000020
2025-10-26T22:37:41.438069,46.801,-1.996309,-0.499996,0.007834,-0.000001,0.003307,0.001191,0.999994,0.000006,0.006614,0.002381,0.000023,-0.000012,0.000000,0.000000,0.000000,0.000018
2025-10-26T22:37:41.537887,46.901,-1.996306,-0.499996,0.007839,0.000011,0.003309,0.001192,0.999994,0.000029,0.006618,0.002383,0.000026,-0.000011,0.000000,0.000000,0.000000,0.000019
2025-10-26T22:37:41.637613,47.001,-1.996304,-0.499996,0.007843,0.000010,0.003308,0.001192,0.999994,0.000027,0.006617,0.002385,0.000032,-0.000006,0.000000,0.000000,0.000000,0.000019
2025-10-26T22:37:41.738580,47.101,-1.996302,-0.499996,0.007824,0.000003,0.003303,0.001193,0.999994,0.000014,0.006607,0.002386,0.000013,-0.000008,0.000000,0.000000,0.000000,0.000018
2025-10-26T22:37:41.838164,47.201,-1.996298,-0.499996,0.007841,0.000009,0.003311,0.001194,0.999994,0.000025,0.006621,0.002389,0.000027,-0.000011,0.000000,0.000000,0.000000,0.000019
2025-10-26T22:37:41.938503,47.301,-1.996296,-0.499996,0.007843,0.000009,0.003310,0.001195,0.999994,0.000026,0.006620,0.002390,0.000035,-0.000007,0.000000,0.000000,0.000000,0.000019
2025-10-26T22:37:42.037830,47.401,-1.996293,-0.499996,0.007819,0.000005,0.003308,0.001196,0.999994,0.000019,0.006616,0.002392,0.000008,-0.000007,0.000000,0.000000,0.000000,0.000019
2025-10-26T22:37:42.138344,47.501,-1.996291,-0.499996,0.007845,0.000004,0.003311,0.001197,0.999994,0.000016,0.006622,0.002393,0.000031,-0.000009,0.000000,0.000000,0.000000,0.000019
2025-10-26T22:37:42.240394,47.603,-1.996287,-0.499996,0.007823,0.000006,0.003308,0.001198,0.999994,0.000020,0.006617,0.002396,0.000013,-0.000010,0.000000,0.000000,0.000000,0.000019
2025-10-26T22:37:42.338905,47.702,-1.996285,-0.499996,0.007845,0.000008,0.003310,0.001199,0.999994,0.000024,0.006619,0.002397,0.000033,-0.000010,0.000000,0.000000,0.000000,0.000018
2025-10-26T22:37:42.437747,47.801,-1.996282,-0.499996,0.007816,0.000011,0.003305,0.001199,0.999994,0.000031,0.006611,0.002399,0.000004,-0.000009,0.000000,0.000000,0.000000,0.000019
2025-10-26T22:37:42.538029,47.901,-1.996280,-0.499996,0.007841,0.000015,0.003309,0.001200,0.999994,0.000037,0.006617,0.002401,0.000026,-0.000010,0.000000,0.000000,0.000000,0.000019
2025-10-26T22:37:42.637983,48.001,-1.996277,-0.499996,0.007828,0.000018,0.003304,0.001201,0.999994,0.000044,0.006609,0.002402,0.000019,-0.000010,0.000000,0.000000,0.000000,0.000018
2025-10-26T22:37:42.738345,48.101,-1.996275,-0.499996,0.007819,0.000009,0.003306,0.001202,0.999994,0.000026,0.006612,0.002404,0.000006,-0.000004,0.000000,0.000000,0.000000,0.000020
2025-10-26T22:37:42.837884,48.201,-1.996271,-0.499996,0.007841,-0.000001,0.003309,0.001203,0.999994,0.000005,0.006618,0.002406,0.000028,-0.000012,0.000000,0.000000,0.000000,0.000018
2025-10-26T22:37:42.938897,48.301,-1.996269,-0.499996,0.007839,0.000008,0.003306,0.001204,0.999994,0.000024,0.006612,0.002408,0.000031,-0.000010,0.000000,0.000000,0.000000,0.000018
2025-10-26T22:37:43.037743,48.401,-1.996267,-0.499996,0.007818,0.000012,0.003307,0.001205,0.999994,0.000033,0.006613,0.002409,0.000008,-0.000008,0.000000,0.000000,0.000000,0.000020
2025-10-26T22:37:43.137409,48.501,-1.996264,-0.499996,0.007845,0.000012,0.003310,0.001205,0.999994,0.000032,0.006620,0.002411,0.000032,-0.000009,0.000000,0.000000,0.000000,0.000019
2025-10-26T22:37:43.238600,48.602,-1.996262,-0.499996,0.007818,0.000013,0.003306,0.001206,0.999994,0.000034,0.006613,0.002413,0.000008,-0.000009,0.000000,0.000000,0.000000,0.000019
2025-10-26T22:37:43.339107,48.702,-1.996259,-0.499996,0.007828,0.000006,0.003305,0.001207,0.999994,0.000019,0.006611,0.002414,0.000015,-0.000007,0.000000,0.000000,0.000000,0.000019
2025-10-26T22:37:43.437754,48.801,-1.996257,-0.499996,0.007832,0.000006,0.003304,0.001208,0.999994,0.000020,0.006608,0.002416,0.000018,-0.000008,0.000000,0.000000,0.000000,0.000019
2025-10-26T22:37:43.538749,48.901,-1.996253,-0.499996,0.007843,0.000007,0.003307,0.001209,0.999994,0.000022,0.006613,0.002418,0.000028,-0.000009,0.000000,0.000000,0.000000,0.000019
2025-10-26T22:37:43.638427,49.001,-1.996251,-0.499996,0.007828,0.000009,0.003307,0.001210,0.999994,0.000025,0.006614,0.002420,0.000020,-0.000009,0.000000,0.000000,0.000000,0.000018
2025-10-26T22:37:43.738256,49.101,-1.996248,-0.499996,0.007819,0.000008,0.003309,0.001211,0.999994,0.000023,0.006618,0.002421,0.000008,-0.000006,0.000000,0.000000,0.000000,0.000020
2025-10-26T22:37:43.838109,49.201,-1.996246,-0.499996,0.007845,0.000001,0.003312,0.001211,0.999994,0.000010,0.006624,0.002423,0.000032,-0.000007,0.000000,0.000000,0.000000,0.000019
2025-10-26T22:37:43.938003,49.301,-1.996244,-0.499996,0.007818,-0.000001,0.003308,0.001212,0.999994,0.000005,0.006617,0.002424,0.000008,-0.000008,0.000000,0.000000,0.000000,0.000019
2025-10-26T22:37:44.037839,49.401,-1.996241,-0.499996,0.007839,-0.000001,0.003313,0.001213,0.999994,0.000005,0.006625,0.002426,0.000024,-0.000009,0.000000,0.000000,0.000000,0.000019
2025-10-26T22:37:44.139035,49.502,-1.996237,-0.499996,0.007816,0.000002,0.003309,0.001214,0.999994,0.000012,0.006617,0.002428,0.000005,-0.000009,0.000000,0.000000,0.000000,0.000019
2025-10-26T22:37:44.239040,49.602,-1.996235,-0.499996,0.007841,0.000005,0.003313,0.001215,0.999994,0.000019,0.006625,0.002430,0.000026,-0.000010,0.000000,0.000000,0.000000,0.000019
2025-10-26T22:37:44.338078,49.701,-1.996233,-0.499996,0.007840,0.000007,0.003309,0.001216,0.999994,0.000022,0.006618,0.002432,0.000032,-0.000006,0.000000,0.000000,0.000000,0.000019
2025-10-26T22:37:44.438960,49.802,-1.996229,-0.499996,0.007828,0.000004,0.003305,0.001217,0.999994,0.000016,0.006611,0.002434,0.000016,-0.000010,0.000000,0.000000,0.000000,0.000019
2025-10-26T22:37:44.539360,49.902,-1.996227,-0.499996,0.007845,0.000011,0.003308,0.001218,0.999994,0.000030,0.006615,0.002436,0.000032,-0.000011,0.000000,0.000000,0.000000,0.000018
2025-10-26T22:37:44.638790,50.002,-1.996224,-0.499996,0.007818,0.000017,0.003305,0.001219,0.999994,0.000043,0.006610,0.002437,0.000008,-0.000011,0.000000,0.000000,0.000000,0.000019
2025-10-26T22:37:44.738028,50.101,-1.996221,-0.499996,0.007819,-0.000002,0.003301,0.001220,0.999994,0.000005,0.006603,0.002440,0.000005,-0.000006,0.000000,0.000000,0.000000,0.000019
2025-10-26T22:37:44.838010,50.201,-1.996218,-0.499996,0.007831,0.000003,0.003307,0.001221,0.999994,0.000015,0.006615,0.002441,0.000020,-0.000013,0.000000,0.000000,0.000000,0.000018
2025-10-26T22:37:44.937998,50.301,-1.996216,-0.499996,0.007839,0.000016,0.003309,0.001221,0.999994,0.000041,0.006619,0.002443,0.000028,-0.000011,0.000000,0.000000,0.000000,0.000019
2025-10-26T22:37:45.038729,50.402,-1.996212,-0.499996,0.007836,0.000007,0.003305,0.001223,0.999994,0.000021,0.006610,0.002445,0.000029,-0.000005,0.000000,0.000000,0.000000,0.000019
2025-10-26T22:37:45.137554,50.501,-1.996210,-0.499996,0.007827,0.000002,0.003303,0.001223,0.999994,0.000012,0.006605,0.002447,0.000017,-0.000009,0.000000,0.000000,0.000000,0.000018
2025-10-26T22:37:45.237753,50.601,-1.996206,-0.499996,0.007835,0.000011,0.003309,0.001225,0.999994,0.000030,0.006617,0.002449,0.000022,-0.000011,0.000000,0.000000,0.000000,0.000019
2025-10-26T22:37:45.339158,50.702,-1.996204,-0.499996,0.007843,0.000014,0.003310,0.001225,0.999994,0.000037,0.006620,0.002451,0.000033,-0.000007,0.000000,0.000000,0.000000,0.000019
2025-10-26T22:37:45.437682,50.801,-1.996200,-0.499996,0.007828,0.000008,0.003308,0.001227,0.999994,0.000025,0.006617,0.002453,0.000016,-0.000009,0.000000,0.000000,0.000000,0.000019
2025-10-26T22:37:45.538314,50.901,-1.996198,-0.499996,0.007845,0.000007,0.003309,0.001227,0.999994,0.000022,0.006618,0.002455,0.000035,-0.000009,0.000000,0.000000,0.000000,0.000018
2025-10-26T22:37:45.638968,51.002,-1.996195,-0.499996,0.007816,0.000008,0.003305,0.001228,0.999994,0.000024,0.006611,0.002456,0.000004,-0.000009,0.000000,0.000000,0.000000,0.000019
2025-10-26T22:37:45.737412,51.100,-1.996192,-0.499996,0.007843,0.000011,0.003307,0.001229,0.999994,0.000030,0.006613,0.002459,0.000035,-0.000010,0.000000,0.000000,0.000000,0.000018
2025-10-26T22:37:45.837868,51.201,-1.996189,-0.499996,0.007819,0.000014,0.003304,0.001230,0.999994,0.000036,0.006608,0.002460,0.000008,-0.000009,0.000000,0.000000,0.000000,0.000019
2025-10-26T22:37:45.938404,51.301,-1.996187,-0.499996,0.007840,0.000011,0.003309,0.001231,0.999994,0.000030,0.006618,0.002462,0.000027,-0.000006,0.000000,0.000000,0.000000,0.000019
2025-10-26T22:37:46.038665,51.402,-1.996184,-0.499996,0.007828,0.000001,0.003307,0.001232,0.999994,0.000011,0.006615,0.002463,0.000019,-0.000006,0.000000,0.000000,0.000000,0.000018
2025-10-26T22:37:46.138395,51.501,-1.996181,-0.499996,0.007840,-0.000001,0.003312,0.001233,0.999994,0.000006,0.006625,0.002466,0.000029,-0.000012,0.000000,0.000000,0.000000,0.000018
2025-10-26T22:37:46.237861,51.601,-1.996178,-0.499996,0.007833,0.000008,0.003307,0.001234,0.999994,0.000024,0.006615,0.002467,0.000025,-0.000011,0.000000,0.000000,0.000000,0.000018
2025-10-26T22:37:46.338287,51.701,-1.996176,-0.499996,0.007818,0.000010,0.003301,0.001234,0.999994,0.000029,0.006603,0.002469,0.000006,-0.000010,0.000000,0.000000,0.000000,0.000019
2025-10-26T22:37:46.439140,51.802,-1.996173,-0.499996,0.007821,0.000005,0.003303,0.001235,0.999994,0.000018,0.006605,0.002471,0.000009,-0.000007,0.000000,0.000000,0.000000,0.000019
2025-10-26T22:37:46.539141,51.902,-1.996171,-0.499996,0.007843,0.000004,0.003309,0.001236,0.999994,0.000017,0.006619,0.002472,0.000028,-0.000010,0.000000,0.000000,0.000000,0.000018
2025-10-26T22:37:46.638468,52.001,-1.996168,-0.499996,0.007836,0.000007,0.003311,0.001237,0.999994,0.000022,0.006621,0.002474,0.000032,-0.000010,0.000000,0.000000,0.000000,0.000018
2025-10-26T22:37:46.737883,52.101,-1.996166,-0.499996,0.007832,0.000008,0.003305,0.001238,0.999994,0.000025,0.006610,0.002475,0.000021,-0.000007,0.000000,0.000000,0.000000,0.000019
2025-10-26T22:37:46.838128,52.201,-1.996164,-0.499996,0.007820,0.000007,0.003302,0.001238,0.999994,0.000022,0.006604,0.002477,0.000006,-0.000010,0.000000,0.000000,0.000000,0.000019
2025-10-26T22:37:46.939171,52.302,-1.996161,-0.499996,0.007842,0.000008,0.003308,0.001239,0.999994,0.000024,0.006617,0.002479,0.000027,-0.000008,0.000000,0.000000,0.000000,0.000019
2025-10-26T22:37:47.039029,52.402,-1.996159,-0.499996,0.007831,0.000009,0.003310,0.001240,0.999994,0.000027,0.006621,0.002480,0.000027,-0.000011,0.000000,0.000000,0.000000,0.000018
2025-10-26T22:37:47.137825,52.501,-1.996156,-0.499996,0.007819,0.000012,0.003307,0.001241,0.999994,0.000032,0.006615,0.002482,0.000007,-0.000009,0.000000,0.000000,0.000000,0.000019
2025-10-26T22:37:47.238416,52.601,-1.996154,-0.499996,0.007845,0.000013,0.003308,0.001242,0.999994,0.000035,0.006616,0.002483,0.000031,-0.000010,0.000000,0.000000,0.000000,0.000019
2025-10-26T22:37:47.338997,52.702,-1.996152,-0.499996,0.007818,0.000014,0.003304,0.001242,0.999994,0.000037,0.006607,0.002485,0.000006,-0.000008,0.000000,0.000000,0.000000,0.000019
2025-10-26T22:37:47.438021,52.801,-1.996149,-0.499996,0.007820,0.000006,0.003303,0.001243,0.999994,0.000019,0.006607,0.002487,0.000006,-0.000005,0.000000,0.000000,0.000000,0.000019
2025-10-26T22:37:47.537796,52.901,-1.996147,-0.499996,0.007830,-0.000000,0.003306,0.001244,0.999994,0.000008,0.006611,0.002488,0.000017,-0.000009,0.000000,0.000000,0.000000,0.000019
2025-10-26T22:37:47.637679,53.001,-1.996144,-0.499996,0.007843,0.000003,0.003307,0.001245,0.999994,0.000014,0.006613,0.002490,0.000033,-0.000008,0.000000,0.000000,0.000000,0.000019
2025-10-26T22:37:47.738145,53.101,-1.996142,-0.499996,0.007843,0.000008,0.003305,0.001246,0.999994,0.000023,0.006611,0.002491,0.000035,-0.000010,0.000000,0.000000,0.000000,0.000018
2025-10-26T22:37:47.837990,53.201,-1.996139,-0.499996,0.007815,0.000010,0.003306,0.001246,0.999994,0.000028,0.006612,0.002493,0.000004,-0.000008,0.000000,0.000000,0.000000,0.000019
2025-10-26T22:37:47.937862,53.301,-1.996137,-0.499996,0.007843,0.000010,0.003311,0.001247,0.999994,0.000027,0.006622,0.002495,0.000029,-0.000009,0.000000,0.000000,0.000000,0.000019
2025-10-26T22:37:48.038000,53.401,-1.996135,-0.499996,0.007836,0.000009,0.003308,0.001248,0.999994,0.000027,0.006616,0.002496,0.000029,-0.000006,0.000000,0.000000,0.000000,0.000019
2025-10-26T22:37:48.138969,53.502,-1.996132,-0.499996,0.007818,0.000003,0.003304,0.001249,0.999994,0.000015,0.006608,0.002498,0.000004,-0.000008,0.000000,0.000000,0.000000,0.000019
2025-10-26T22:37:48.237370,53.601,-1.996130,-0.499996,0.007840,0.000006,0.003309,0.001250,0.999994,0.000021,0.006617,0.002499,0.000025,-0.000011,0.000000,0.000000,0.000000,0.000019
2025-10-26T22:37:48.337444,53.701,-1.996127,-0.499996,0.007834,0.000012,0.003309,0.001250,0.999994,0.000033,0.006617,0.002501,0.000029,-0.000009,0.000000,0.000000,0.000000,0.000019
2025-10-26T22:37:48.437482,53.801,-1.996125,-0.499996,0.007816,0.000008,0.003306,0.001251,0.999994,0.000025,0.006613,0.002502,0.000004,-0.000007,0.000000,0.000000,0.000000,0.000019
2025-10-26T22:37:48.539656,53.902,-1.996123,-0.499996,0.007843,0.000006,0.003309,0.001252,0.999994,0.000020,0.006619,0.002504,0.000029,-0.000009,0.000000,0.000000,0.000000,0.000019
2025-10-26T22:37:48.637680,54.001,-1.996120,-0.499996,0.007823,0.000005,0.003305,0.001253,0.999994,0.000019,0.006610,0.002506,0.000013,-0.000009,0.000000,0.000000,0.000000,0.000018
2025-10-26T22:37:48.737675,54.101,-1.996118,-0.499996,0.007835,0.000007,0.003308,0.001254,0.999994,0.000022,0.006615,0.002507,0.000021,-0.000010,0.000000,0.000000,0.000000,0.000019
2025-10-26T22:37:48.838001,54.201,-1.996115,-0.499996,0.007843,0.000010,0.003306,0.001254,0.999994,0.000028,0.006612,0.002509,0.000029,-0.000008,0.000000,0.000000,0.000000,0.000019
2025-10-26T22:37:48.937990,54.301,-1.996113,-0.499996,0.007838,0.000007,0.003307,0.001255,0.999994,0.000023,0.006614,0.002510,0.000032,-0.000009,0.000000,0.000000,0.000000,0.000018
2025-10-26T22:37:49.038130,54.401,-1.996110,-0.499996,0.007816,0.000005,0.003306,0.001256,0.999994,0.000018,0.006611,0.002512,0.000004,-0.000009,0.000000,0.000000,0.000000,0.000019
2025-10-26T22:37:49.138054,54.501,-1.996107,-0.499996,0.007844,0.000008,0.003311,0.001257,0.999994,0.000025,0.006623,0.002514,0.000036,-0.000010,0.000000,0.000000,0.000000,0.000018
2025-10-26T22:37:49.237464,54.601,-1.996104,-0.499996,0.007819,0.000013,0.003308,0.001258,0.999994,0.000034,0.006617,0.002516,0.000007,-0.000009,0.000000,0.000000,0.000000,0.000019
2025-10-26T22:37:49.338010,54.701,-1.996102,-0.499996,0.007839,0.000008,0.003305,0.001259,0.999994,0.000024,0.006611,0.002518,0.000022,-0.000008,0.000000,0.000000,0.000000,0.000019
2025-10-26T22:37:49.437786,54.801,-1.996098,-0.499996,0.007844,0.000000,0.003305,0.001260,0.999994,0.000009,0.006610,0.002520,0.000034,-0.000009,0.000000,0.000000,0.000000,0.000018
2025-10-26T22:37:49.537728,54.901,-1.996096,-0.499996,0.007816,0.000002,0.003307,0.001261,0.999994,0.000012,0.006614,0.002521,0.000006,-0.000009,0.000000,0.000000,0.000000,0.000019
2025-10-26T22:37:49.637524,55.001,-1.996093,-0.499996,0.007831,0.000003,0.003312,0.001262,0.999994,0.000015,0.006624,0.002523,0.000019,-0.000010,0.000000,0.000000,0.000000,0.000019
2025-10-26T22:37:49.738470,55.101,-1.996091,-0.499996,0.007838,0.000005,0.003306,0.001262,0.999994,0.000018,0.006613,0.002525,0.000023,-0.000010,0.000000,0.000000,0.000000,0.000019
2025-10-26T22:37:49.838338,55.201,-1.996088,-0.499996,0.007843,0.000004,0.003303,0.001263,0.999994,0.000016,0.006606,0.002527,0.000031,-0.000005,0.000000,0.000000,0.000000,0.000019
2025-10-26T22:37:49.937436,55.301,-1.996085,-0.499995,0.007848,-0.000003,0.003307,0.001264,0.999994,0.000001,0.006613,0.002529,0.000039,-0.000010,0.000000,0.000000,0.000000,0.000018
2025-10-26T22:37:50.037869,55.401,-1.996083,-0.499996,0.007816,0.000007,0.003310,0.001265,0.999994,0.000023,0.006620,0.002530,0.000006,-0.000013,0.000000,0.000000,0.000000,0.000019
2025-10-26T22:37:50.137644,55.501,-1.996080,-0.499996,0.007837,0.000015,0.003311,0.001266,0.999994,0.000037,0.006622,0.002532,0.000023,-0.000009,0.000000,0.000000,0.000000,0.000019
2025-10-26T22:37:50.238239,55.601,-1.996078,-0.499996,0.007846,0.000006,0.003305,0.001267,0.999994,0.000020,0.006611,0.002533,0.000033,-0.000006,0.000000,0.000000,0.000000,0.000019
2025-10-26T22:37:50.338836,55.701,-1.996075,-0.499995,0.007821,-0.000003,0.003301,0.001267,0.999994,0.000002,0.006602,0.002535,0.000010,-0.000007,0.000000,0.000000,0.000000,0.000018
2025-10-26T22:37:50.438048,55.801,-1.996073,-0.499995,0.007822,0.000002,0.003306,0.001268,0.999994,0.000013,0.006612,0.002537,0.000013,-0.000011,0.000000,0.000000,0.000000,0.000019
2025-10-26T22:37:50.538540,55.902,-1.996070,-0.499996,0.007835,0.000008,0.003309,0.001269,0.999994,0.000025,0.006617,0.002538,0.000021,-0.000009,0.000000,0.000000,0.000000,0.000019
2025-10-26T22:37:50.637799,56.001,-1.996068,-0.499996,0.007840,0.000006,0.003308,0.001270,0.999994,0.000021,0.006615,0.002540,0.000034,-0.000009,0.000000,0.000000,0.000000,0.000018
2025-10-26T22:37:50.738727,56.102,-1.996064,-0.499996,0.007839,0.000007,0.003309,0.001271,0.999994,0.000023,0.006619,0.002542,0.000024,-0.000010,0.000000,0.000000,0.000000,0.000019
2025-10-26T22:37:50.838124,56.201,-1.996063,-0.499996,0.007845,0.000008,0.003309,0.001271,0.999994,0.000025,0.006619,0.002543,0.000033,-0.000010,0.000000,0.000000,0.000000,0.000018
2025-10-26T22:37:50.938100,56.301,-1.996061,-0.499996,0.007816,0.000011,0.003305,0.001272,0.999994,0.000030,0.006611,0.002545,0.000005,-0.000009,0.000000,0.000000,0.000000,0.000019
2025-10-26T22:37:51.037621,56.401,-1.996058,-0.499996,0.007841,0.000014,0.003309,0.001273,0.999994,0.000035,0.006619,0.002546,0.000026,-0.000010,0.000000,0.000000,0.000000,0.000019
2025-10-26T22:37:51.138080,56.501,-1.996056,-0.499996,0.007828,0.000017,0.003305,0.001274,0.999994,0.000042,0.006611,0.002548,0.000019,-0.000010,0.000000,0.000000,0.000000,0.000018
2025-10-26T22:37:51.238189,56.601,-1.996054,-0.499996,0.007818,0.000010,0.003304,0.001275,0.999994,0.000029,0.006608,0.002549,0.000005,-0.000005,0.000000,0.000000,0.000000,0.000020
2025-10-26T22:37:51.339715,56.702,-1.996050,-0.499995,0.007839,-0.000001,0.003309,0.001276,0.999994,0.000006,0.006619,0.002552,0.000028,-0.000011,0.000000,0.000000,0.000000,0.000018
2025-10-26T22:37:51.437793,56.801,-1.996048,-0.499996,0.007837,0.000013,0.003309,0.001277,0.999994,0.000035,0.006619,0.002553,0.000032,-0.000013,0.000000,0.000000,0.000000,0.000018
2025-10-26T22:37:51.537845,56.901,-1.996045,-0.499996,0.007825,0.000014,0.003312,0.001277,0.999994,0.000036,0.006624,0.002555,0.000015,-0.000007,0.000000,0.000000,0.000000,0.000020
2025-10-26T22:37:51.637983,57.001,-1.996041,-0.499995,0.007846,-0.000002,0.003308,0.001279,0.999994,0.000004,0.006615,0.002557,0.000033,-0.000006,0.000000,0.000000,0.000000,0.000018
2025-10-26T22:37:51.737729,57.101,-1.996039,-0.499995,0.007827,0.000003,0.003305,0.001279,0.999994,0.000014,0.006610,0.002559,0.000017,-0.000014,0.000000,0.000000,0.000000,0.000018
2025-10-26T22:37:51.838607,57.201,-1.996037,-0.499996,0.007820,0.000015,0.003304,0.001280,0.999994,0.000039,0.006608,0.002561,0.000009,-0.000007,0.000000,0.000000,0.000000,0.000019
2025-10-26T22:37:51.938883,57.302,-1.996033,-0.499995,0.007830,0.000002,0.003306,0.001281,0.999994,0.000013,0.006612,0.002563,0.000017,-0.000010,0.000000,0.000000,0.000000,0.000019
2025-10-26T22:37:52.037905,57.401,-1.996032,-0.499995,0.007832,0.000002,0.003306,0.001282,0.999994,0.000013,0.006612,0.002564,0.000019,-0.000010,0.000000,0.000000,0.000000,0.000019
2025-10-26T22:37:52.139061,57.502,-1.996029,-0.499996,0.007845,0.000008,0.003308,0.001283,0.999994,0.000024,0.006615,0.002565,0.000031,-0.000010,0.000000,0.000000,0.000000,0.000019
2025-10-26T22:37:52.239042,57.602,-1.996027,-0.499996,0.007844,0.000008,0.003308,0.001283,0.999994,0.000025,0.006615,0.002567,0.000033,-0.000007,0.000000,0.000000,0.000000,0.000019
2025-10-26T22:37:52.338821,57.702,-1.996025,-0.499995,0.007824,0.000004,0.003305,0.001284,0.999994,0.000017,0.006609,0.002568,0.000014,-0.000009,0.000000,0.000000,0.000000,0.000018
2025-10-26T22:37:52.438021,57.801,-1.996021,-0.499995,0.007839,0.000007,0.003311,0.001285,0.999994,0.000022,0.006623,0.002571,0.000028,-0.000008,0.000000,0.000000,0.000000,0.000019
2025-10-26T22:37:52.537931,57.901,-1.996018,-0.499995,0.007835,0.000000,0.003309,0.001286,0.999994,0.000009,0.006617,0.002572,0.000028,-0.000007,0.000000,0.000000,0.000000,0.000018
2025-10-26T22:37:52.637619,58.001,-1.996015,-0.499995,0.007840,0.000004,0.003312,0.001287,0.999994,0.000017,0.006623,0.002575,0.000026,-0.000012,0.000000,0.000000,0.000000,0.000018
2025-10-26T22:37:52.737306,58.101,-1.996012,-0.499996,0.007845,0.000015,0.003308,0.001288,0.999994,0.000038,0.006616,0.002576,0.000036,-0.000010,0.000000,0.000000,0.000000,0.000019
2025-10-26T22:37:52.838105,58.201,-1.996010,-0.499995,0.007816,0.000010,0.003304,0.001289,0.999994,0.000029,0.006609,0.002578,0.000004,-0.000006,0.000000,0.000000,0.000000,0.000019
2025-10-26T22:37:52.938406,58.301,-1.996008,-0.499995,0.007837,0.000007,0.003307,0.001290,0.999994,0.000023,0.006615,0.002580,0.000022,-0.000010,0.000000,0.000000,0.000000,0.000019
2025-10-26T22:37:53.038003,58.401,-1.996005,-0.499995,0.007840,0.000009,0.003307,0.001291,0.999994,0.000026,0.006614,0.002581,0.000034,-0.000009,0.000000,0.000000,0.000000,0.000018
2025-10-26T22:37:53.138024,58.501,-1.996003,-0.499996,0.007823,0.000011,0.003308,0.001291,0.999994,0.000031,0.006615,0.002583,0.000013,-0.000011,0.000000,0.000000,0.000000,0.000019
2025-10-26T22:37:53.238660,58.602,-1.995999,-0.499995,0.007845,0.000011,0.003307,0.001293,0.999994,0.000030,0.006614,0.002585,0.000034,-0.000007,0.000000,0.000000,0.000000,0.000019
2025-10-26T22:37:53.338564,58.701,-1.995998,-0.499995,0.007834,0.000008,0.003304,0.001293,0.999994,0.000024,0.006609,0.002586,0.000026,-0.000009,0.000000,0.000000,0.000000,0.000018
2025-10-26T22:37:53.441140,58.804,-1.995994,-0.499995,0.007838,0.000011,0.003309,0.001294,0.999994,0.000030,0.006617,0.002588,0.000024,-0.000010,0.000000,0.000000,0.000000,0.000019
2025-10-26T22:37:53.538983,58.902,-1.995993,-0.499995,0.007843,0.000010,0.003310,0.001295,0.999994,0.000029,0.006621,0.002589,0.000030,-0.000008,0.000000,0.000000,0.000000,0.000019
2025-10-26T22:37:53.637683,59.001,-1.995989,-0.499995,0.007819,0.000002,0.003307,0.001296,0.999994,0.000012,0.006614,0.002591,0.000008,-0.000005,0.000000,0.000000,0.000000,0.000019
2025-10-26T22:37:53.738090,59.101,-1.995987,-0.499995,0.007840,-0.000001,0.003311,0.001296,0.999994,0.000006,0.006622,0.002593,0.000024,-0.000011,0.000000,0.000000,0.000000,0.000018
2025-10-26T22:37:53.838250,59.201,-1.995985,-0.499995,0.007842,0.000008,0.003308,0.001297,0.999994,0.000025,0.006616,0.002595,0.000030,-0.000012,0.000000,0.000000,0.000000,0.000018
2025-10-26T22:37:53.938080,59.301,-1.995982,-0.499995,0.007841,0.000011,0.003304,0.001298,0.999994,0.000030,0.006607,0.002596,0.000033,-0.000007,0.000000,0.000000,0.000000,0.000019
2025-10-26T22:37:54.038100,59.401,-1.995980,-0.499995,0.007824,0.000005,0.003303,0.001299,0.999994,0.000018,0.006606,0.002598,0.000014,-0.000007,0.000000,0.000000,0.000000,0.000018
2025-10-26T22:37:54.138060,59.501,-1.995977,-0.499995,0.007817,0.000006,0.003305,0.001300,0.999994,0.000020,0.006609,0.002599,0.000005,-0.000009,0.000000,0.000000,0.000000,0.000019
2025-10-26T22:37:54.237710,59.601,-1.995975,-0.499995,0.007843,0.000009,0.003311,0.001300,0.999994,0.000027,0.006622,0.002601,0.000030,-0.000010,0.000000,0.000000,0.000000,0.000019
2025-10-26T22:37:54.338636,59.701,-1.995973,-0.499995,0.007840,0.000008,0.003309,0.001301,0.999994,0.000025,0.006618,0.002603,0.000033,-0.000007,0.000000,0.000000,0.000000,0.000019
2025-10-26T22:37:54.438000,59.801,-1.995970,-0.499995,0.007823,0.000004,0.003308,0.001302,0.999994,0.000016,0.006616,0.002604,0.000013,-0.000009,0.000000,0.000000,0.000000,0.000019
2025-10-26T22:37:54.538094,59.901,-1.995968,-0.499995,0.007845,0.000004,0.003310,0.001303,0.999994,0.000017,0.006619,0.002606,0.000030,-0.000010,0.000000,0.000000,0.000000,0.000018
2025-10-26T22:37:54.638669,60.001,-1.995965,-0.499995,0.007823,0.000009,0.003307,0.001304,0.999994,0.000026,0.006615,0.002607,0.000014,-0.000010,0.000000,0.000000,0.000000,0.000018
2025-10-26T22:37:54.738303,60.101,-1.995963,-0.499995,0.007824,0.000006,0.003308,0.001304,0.999994,0.000022,0.006615,0.002609,0.000013,-0.000008,0.000000,0.000000,0.000000,0.000019
2025-10-26T22:37:54.837894,60.201,-1.995960,-0.499995,0.007845,0.000005,0.003309,0.001305,0.999994,0.000018,0.006617,0.002611,0.000029,-0.000010,0.000000,0.000000,0.000000,0.000018
2025-10-26T22:37:54.938694,60.301,-1.995958,-0.499995,0.007823,0.000008,0.003305,0.001306,0.999994,0.000024,0.006611,0.002612,0.000013,-0.000010,0.000000,0.000000,0.000000,0.000018
2025-10-26T22:37:55.037657,60.401,-1.995956,-0.499995,0.007835,0.000011,0.003310,0.001307,0.999994,0.000031,0.006619,0.002614,0.000021,-0.000011,0.000000,0.000000,0.000000,0.000019
2025-10-26T22:37:55.137958,60.501,-1.995952,-0.499995,0.007835,0.000009,0.003305,0.001308,0.999994,0.000026,0.006610,0.002616,0.000028,-0.000007,0.000000,0.000000,0.000000,0.000018
2025-10-26T22:37:55.238406,60.601,-1.995950,-0.499995,0.007819,0.000009,0.003303,0.001309,0.999994,0.000026,0.006607,0.002618,0.000008,-0.000009,0.000000,0.000000,0.000000,0.000019
2025-10-26T22:37:55.338602,60.701,-1.995946,-0.499995,0.007845,0.000010,0.003310,0.001310,0.999994,0.000029,0.006620,0.002620,0.000036,-0.000008,0.000000,0.000000,0.000000,0.000019
2025-10-26T22:37:55.437577,60.801,-1.995943,-0.499995,0.007823,0.000005,0.003307,0.001311,0.999994,0.000018,0.006614,0.002622,0.000013,-0.000005,0.000000,0.000000,0.000000,0.000019
2025-10-26T22:37:55.537404,60.901,-1.995941,-0.499995,0.007828,-0.000002,0.003309,0.001312,0.999994,0.000005,0.006618,0.002623,0.000016,-0.000009,0.000000,0.000000,0.000000,0.000019
2025-10-26T22:37:55.638023,61.001,-1.995939,-0.499995,0.007846,0.000005,0.003310,0.001312,0.999994,0.000019,0.006621,0.002625,0.000035,-0.000012,0.000000,0.000000,0.000000,0.000018
2025-10-26T22:37:55.738800,61.102,-1.995936,-0.499995,0.007823,0.000009,0.003305,0.001313,0.999994,0.000026,0.006610,0.002627,0.000013,-0.000009,0.000000,0.000000,0.000000,0.000019
2025-10-26T22:37:55.839818,61.203,-1.995933,-0.499995,0.007845,0.000010,0.003306,0.001314,0.999994,0.000029,0.006613,0.002629,0.000031,-0.000010,0.000000,0.000000,0.000000,0.000019
2025-10-26T22:37:55.940308,61.303,-1.995930,-0.499995,0.007834,0.000012,0.003306,0.001315,0.999994,0.000032,0.006613,0.002631,0.000027,-0.000006,0.000000,0.000000,0.000000,0.000019
2025-10-26T22:37:56.038094,61.401,-1.995928,-0.499995,0.007824,-0.000001,0.003305,0.001316,0.999994,0.000007,0.006610,0.002632,0.000014,-0.000005,0.000000,0.000000,0.000000,0.000019
2025-10-26T22:37:56.139401,61.502,-1.995926,-0.499995,0.007827,-0.000003,0.003309,0.001316,0.999994,0.000003,0.006619,0.002633,0.000016,-0.000009,0.000000,0.000000,0.000000,0.000019
2025-10-26T22:37:56.238007,61.601,-1.995924,-0.499995,0.007843,0.000007,0.003311,0.001317,0.999994,0.000024,0.006623,0.002634,0.000028,-0.000012,0.000000,0.000000,0.000000,0.000018
2025-10-26T22:37:56.338064,61.701,-1.995922,-0.499995,0.007826,0.000015,0.003309,0.001318,0.999994,0.000039,0.006617,0.002636,0.000017,-0.000007,0.000000,0.000000,0.000000,0.000019
2025-10-26T22:37:56.437950,61.801,-1.995919,-0.499995,0.007835,0.000005,0.003310,0.001319,0.999994,0.000018,0.006619,0.002638,0.000020,-0.000007,0.000000,0.000000,0.000000,0.000019
2025-10-26T22:37:56.538846,61.902,-1.995917,-0.499995,0.007846,0.000003,0.003308,0.001320,0.999994,0.000014,0.006615,0.002639,0.000035,-0.000009,0.000000,0.000000,0.000000,0.000018
2025-10-26T22:37:56.638070,62.001,-1.995914,-0.499995,0.007819,0.000007,0.003305,0.001320,0.999994,0.000024,0.006609,0.002641,0.000009,-0.000010,0.000000,0.000000,0.000000,0.000018
2025-10-26T22:37:56.737778,62.101,-1.995912,-0.499995,0.007832,0.000013,0.003309,0.001321,0.999994,0.000035,0.006618,0.002643,0.000020,-0.000010,0.000000,0.000000,0.000000,0.000019
2025-10-26T22:37:56.838264,62.201,-1.995910,-0.499995,0.007845,0.000009,0.003308,0.001322,0.999994,0.000026,0.006616,0.002644,0.000035,-0.000008,0.000000,0.000000,0.000000,0.000019
2025-10-26T22:37:56.938124,62.301,-1.995907,-0.499995,0.007818,0.000007,0.003304,0.001323,0.999994,0.000022,0.006608,0.002646,0.000004,-0.000010,0.000000,0.000000,0.000000,0.000019
2025-10-26T22:37:57.037787,62.401,-1.995905,-0.499995,0.007839,0.000012,0.003308,0.001324,0.999994,0.000032,0.006616,0.002647,0.000024,-0.000011,0.000000,0.000000,0.000000,0.000019
2025-10-26T22:37:57.138062,62.501,-1.995902,-0.499995,0.007834,0.000016,0.003307,0.001324,0.999994,0.000041,0.006614,0.002649,0.000028,-0.000009,0.000000,0.000000,0.000000,0.000019
2025-10-26T22:37:57.237625,62.601,-1.995900,-0.499995,0.007816,0.000011,0.003303,0.001325,0.999994,0.000030,0.006606,0.002650,0.000003,-0.000007,0.000000,0.000000,0.000000,0.000019
2025-10-26T22:37:57.338105,62.701,-1.995897,-0.499995,0.007837,0.000008,0.003308,0.001326,0.999994,0.000024,0.006615,0.002652,0.000024,-0.000007,0.000000,0.000000,0.000000,0.000019
2025-10-26T22:37:57.438663,62.801,-1.995895,-0.499995,0.007841,0.000003,0.003307,0.001327,0.999994,0.000014,0.006615,0.002654,0.000027,-0.000008,0.000000,0.000000,0.000000,0.000019
2025-10-26T22:37:57.538578,62.902,-1.995893,-0.499995,0.007828,-0.000000,0.003307,0.001328,0.999994,0.000008,0.006614,0.002655,0.000020,-0.000008,0.000000,0.000000,0.000000,0.000018
2025-10-26T22:37:57.637909,63.001,-1.995890,-0.499995,0.007832,-0.000000,0.003312,0.001328,0.999994,0.000008,0.006624,0.002657,0.000019,-0.000009,0.000000,0.000000,0.000000,0.000019
2025-10-26T22:37:57.738022,63.101,-1.995888,-0.499995,0.007834,0.000005,0.003311,0.001329,0.999994,0.000020,0.006623,0.002658,0.000028,-0.000011,0.000000,0.000000,0.000000,0.000018
2025-10-26T22:37:57.838758,63.202,-1.995884,-0.499995,0.007832,0.000005,0.003307,0.001330,0.999994,0.000018,0.006615,0.002661,0.000017,-0.000009,0.000000,0.000000,0.000000,0.000019
2025-10-26T22:37:57.938657,63.302,-1.995882,-0.499995,0.007846,0.000009,0.003306,0.001331,0.999994,0.000026,0.006612,0.002662,0.000033,-0.000010,0.000000,0.000000,0.000000,0.000018
2025-10-26T22:37:58.038398,63.401,-1.995879,-0.499995,0.007828,0.000012,0.003306,0.001332,0.999994,0.000034,0.006612,0.002664,0.000018,-0.000007,0.000000,0.000000,0.000000,0.000019
2025-10-26T22:37:58.138291,63.501,-1.995878,-0.499995,0.007826,0.000008,0.003306,0.001332,0.999994,0.000024,0.006612,0.002665,0.000015,-0.000005,0.000000,0.000000,0.000000,0.000019
2025-10-26T22:37:58.239986,63.603,-1.995874,-0.499995,0.007837,-0.000003,0.003311,0.001333,0.999994,0.000003,0.006623,0.002667,0.000025,-0.000011,0.000000,0.000000,0.000000,0.000018
2025-10-26T22:37:58.337865,63.701,-1.995872,-0.499995,0.007831,0.000007,0.003308,0.001334,0.999994,0.000023,0.006616,0.002669,0.000023,-0.000011,0.000000,0.000000,0.000000,0.000018
2025-10-26T22:37:58.438526,63.802,-1.995870,-0.499995,0.007823,0.000014,0.003307,0.001335,0.999994,0.000037,0.006614,0.002670,0.000012,-0.000011,0.000000,0.000000,0.000000,0.000019
2025-10-26T22:37:58.538678,63.901,-1.995867,-0.499995,0.007850,0.000016,0.003307,0.001336,0.999994,0.000041,0.006614,0.002672,0.000036,-0.000008,0.000000,0.000000,0.000000,0.000019
2025-10-26T22:37:58.637795,64.001,-1.995865,-0.499995,0.007823,0.000007,0.003304,0.001337,0.999994,0.000024,0.006608,0.002673,0.000013,-0.000005,0.000000,0.000000,0.000000,0.000019
2025-10-26T22:37:58.738014,64.101,-1.995862,-0.499995,0.007828,0.000004,0.003308,0.001337,0.999994,0.000016,0.006616,0.002675,0.000017,-0.000009,0.000000,0.000000,0.000000,0.000019
2025-10-26T22:37:58.837632,64.201,-1.995859,-0.499995,0.007828,0.000004,0.003310,0.001339,0.999994,0.000016,0.006620,0.002677,0.000019,-0.000009,0.000000,0.000000,0.000000,0.000018
2025-10-26T22:37:58.938022,64.301,-1.995856,-0.499995,0.007817,0.000004,0.003306,0.001339,0.999994,0.000017,0.006611,0.002679,0.000003,-0.000009,0.000000,0.000000,0.000000,0.000019
2025-10-26T22:37:59.037943,64.401,-1.995854,-0.499995,0.007839,0.000007,0.003305,0.001340,0.999994,0.000024,0.006611,0.002681,0.000023,-0.000010,0.000000,0.000000,0.000000,0.000019
2025-10-26T22:37:59.137791,64.501,-1.995852,-0.499995,0.007842,0.000008,0.003306,0.001341,0.999994,0.000024,0.006612,0.002682,0.000030,-0.000009,0.000000,0.000000,0.000000,0.000019
2025-10-26T22:37:59.237947,64.601,-1.995849,-0.499995,0.007823,0.000008,0.003306,0.001342,0.999994,0.000024,0.006613,0.002684,0.000014,-0.000009,0.000000,0.000000,0.000000,0.000018
2025-10-26T22:37:59.338483,64.701,-1.995847,-0.499995,0.007823,0.000006,0.003310,0.001343,0.999994,0.000020,0.006619,0.002685,0.000013,-0.000007,0.000000,0.000000,0.000000,0.000019
2025-10-26T22:37:59.437892,64.801,-1.995844,-0.499995,0.007845,-0.000001,0.003312,0.001343,0.999994,0.000006,0.006624,0.002687,0.000034,-0.000007,0.000000,0.000000,0.000000,0.000019
2025-10-26T22:37:59.538704,64.902,-1.995841,-0.499995,0.007828,0.000003,0.003310,0.001345,0.999994,0.000015,0.006621,0.002689,0.000016,-0.000012,0.000000,0.000000,0.000000,0.000019
2025-10-26T22:37:59.637938,65.001,-1.995838,-0.499995,0.007845,0.000009,0.003309,0.001345,0.999994,0.000028,0.006617,0.002691,0.000032,-0.000011,0.000000,0.000000,0.000000,0.000019
2025-10-26T22:37:59.738634,65.101,-1.995836,-0.499995,0.007831,0.000012,0.003306,0.001346,0.999994,0.000032,0.006613,0.002693,0.000022,-0.000007,0.000000,0.000000,0.000000,0.000019
2025-10-26T22:37:59.837858,65.201,-1.995833,-0.499995,0.007827,0.000009,0.003308,0.001347,0.999994,0.000027,0.006616,0.002694,0.000016,-0.000009,0.000000,0.000000,0.000000,0.000019
2025-10-26T22:37:59.937389,65.301,-1.995831,-0.499995,0.007845,0.000008,0.003308,0.001348,0.999994,0.000025,0.006617,0.002696,0.000035,-0.000009,0.000000,0.000000,0.000000,0.000018
2025-10-26T22:38:00.039104,65.401,-1.995829,-0.499995,0.007816,0.000009,0.003305,0.001349,0.999994,0.000027,0.006610,0.002697,0.000004,-0.000009,0.000000,0.000000,0.000000,0.000019
2025-10-26T22:38:00.137520,65.501,-1.995826,-0.499995,0.007843,0.000011,0.003308,0.001349,0.999994,0.000030,0.006616,0.002699,0.000029,-0.000010,0.000000,0.000000,0.000000,0.000019
2025-10-26T22:38:00.237435,65.601,-1.995823,-0.499995,0.007819,0.000015,0.003304,0.001351,0.999994,0.000038,0.006607,0.002701,0.000008,-0.000009,0.000000,0.000000,0.000000,0.000019
2025-10-26T22:38:00.338198,65.701,-1.995820,-0.499995,0.007842,0.000007,0.003309,0.001351,0.999994,0.000024,0.006618,0.002703,0.000027,-0.000006,0.000000,0.000000,0.000000,0.000019
2025-10-26T22:38:00.437771,65.801,-1.995818,-0.499995,0.007828,-0.000001,0.003308,0.001352,0.999994,0.000007,0.006615,0.002704,0.000019,-0.000007,0.000000,0.000000,0.000000,0.000018
2025-10-26T22:38:00.538412,65.901,-1.995815,-0.499995,0.007839,-0.000004,0.003313,0.001353,0.999994,0.000002,0.006625,0.002706,0.000023,-0.000010,0.000000,0.000000,0.000000,0.000019
2025-10-26T22:38:00.638867,66.002,-1.995812,-0.499995,0.007839,0.000010,0.003306,0.001354,0.999994,0.000028,0.006612,0.002708,0.000031,-0.000010,0.000000,0.000000,0.000000,0.000019
2025-10-26T22:38:00.737564,66.101,-1.995809,-0.499995,0.007821,0.000009,0.003301,0.001355,0.999994,0.000028,0.006603,0.002710,0.000009,-0.000008,0.000000,0.000000,0.000000,0.000019
2025-10-26T22:38:00.838017,66.201,-1.995807,-0.499995,0.007820,0.000003,0.003303,0.001356,0.999994,0.000016,0.006607,0.002712,0.000009,-0.000007,0.000000,0.000000,0.000000,0.000019
2025-10-26T22:38:00.939972,66.303,-1.995806,-0.499995,0.007828,0.000003,0.003306,0.001356,0.999994,0.000015,0.006613,0.002712,0.000018,-0.000010,0.000000,0.000000,0.000000,0.000019
2025-10-26T22:38:01.038175,66.401,-1.995803,-0.499995,0.007840,0.000006,0.003312,0.001357,0.999994,0.000021,0.006623,0.002714,0.000033,-0.000008,0.000000,0.000000,0.000000,0.000019
2025-10-26T22:38:01.137839,66.501,-1.995801,-0.499995,0.007839,0.000008,0.003307,0.001358,0.999994,0.000025,0.006614,0.002716,0.000031,-0.000008,0.000000,0.000000,0.000000,0.000019
2025-10-26T22:38:01.237922,66.601,-1.995798,-0.499995,0.007824,0.000006,0.003301,0.001359,0.999994,0.000021,0.006602,0.002717,0.000013,-0.000009,0.000000,0.000000,0.000000,0.000018
2025-10-26T22:38:01.338191,66.701,-1.995795,-0.499995,0.007836,0.000003,0.003308,0.001360,0.999994,0.000016,0.006617,0.002720,0.000022,-0.000007,0.000000,0.000000,0.000000,0.000019
2025-10-26T22:38:01.438045,66.801,-1.995792,-0.499995,0.007840,-0.000002,0.003311,0.001361,0.999994,0.000005,0.006622,0.002721,0.000035,-0.000007,0.000000,0.000000,0.000000,0.000018
2025-10-26T22:38:01.538184,66.901,-1.995790,-0.499995,0.007831,0.000001,0.003314,0.001361,0.999994,0.000011,0.006627,0.002723,0.000019,-0.000011,0.000000,0.000000,0.000000,0.000019
2025-10-26T22:38:01.638409,67.001,-1.995787,-0.499995,0.007841,0.000004,0.003309,0.001362,0.999994,0.000017,0.006619,0.002724,0.000026,-0.000009,0.000000,0.000000,0.000000,0.000019
2025-10-26T22:38:01.738078,67.101,-1.995785,-0.499995,0.007844,0.000010,0.003301,0.001363,0.999994,0.000028,0.006603,0.002726,0.000029,-0.000008,0.000000,0.000000,0.000000,0.000019
2025-10-26T22:38:01.838660,67.202,-1.995784,-0.499995,0.007845,0.000006,0.003301,0.001363,0.999994,0.000021,0.006601,0.002727,0.000031,-0.000005,0.000000,0.000000,0.000000,0.000019
2025-10-26T22:38:01.937789,67.301,-1.995781,-0.499995,0.007828,-0.000003,0.003305,0.001364,0.999994,0.000003,0.006609,0.002728,0.000019,-0.000008,0.000000,0.000000,0.000000,0.000018
2025-10-26T22:38:02.037380,67.401,-1.995778,-0.499995,0.007837,0.000003,0.003317,0.001365,0.999994,0.000015,0.006633,0.002731,0.000025,-0.000011,0.000000,0.000000,0.000000,0.000019
2025-10-26T22:38:02.138013,67.501,-1.995775,-0.499995,0.007842,0.000013,0.003308,0.001366,0.999994,0.000034,0.006615,0.002732,0.000028,-0.000011,0.000000,0.000000,0.000000,0.000019
2025-10-26T22:38:02.237797,67.601,-1.995773,-0.499995,0.007844,0.000004,0.003303,0.001367,0.999994,0.000016,0.006605,0.002734,0.000033,-0.000002,0.000000,0.000000,0.000000,0.000019
2025-10-26T22:38:02.337810,67.701,-1.995771,-0.499995,0.007843,-0.000004,0.003303,0.001368,0.999994,0.000001,0.006605,0.002735,0.000035,-0.000010,0.000000,0.000000,0.000000,0.000018
2025-10-26T22:38:02.437782,67.801,-1.995768,-0.499995,0.007816,0.000003,0.003308,0.001368,0.999994,0.000014,0.006615,0.002737,0.000006,-0.000010,0.000000,0.000000,0.000000,0.000019
2025-10-26T22:38:02.537901,67.901,-1.995766,-0.499995,0.007830,0.000006,0.003312,0.001369,0.999994,0.000022,0.006624,0.002739,0.000018,-0.000009,0.000000,0.000000,0.000000,0.000019
2025-10-26T22:38:02.638698,68.001,-1.995763,-0.499995,0.007843,0.000007,0.003310,0.001370,0.999994,0.000023,0.006619,0.002740,0.000035,-0.000009,0.000000,0.000000,0.000000,0.000018
2025-10-26T22:38:02.738093,68.101,-1.995760,-0.499995,0.007835,0.000010,0.003307,0.001371,0.999994,0.000029,0.006615,0.002743,0.000021,-0.000010,0.000000,0.000000,0.000000,0.000019
2025-10-26T22:38:02.838167,68.201,-1.995757,-0.499995,0.007841,0.000013,0.003304,0.001372,0.999994,0.000035,0.006608,0.002744,0.000033,-0.000008,0.000000,0.000000,0.000000,0.000018
2025-10-26T22:38:02.938474,68.301,-1.995755,-0.499995,0.007820,0.000006,0.003303,0.001373,0.999994,0.000022,0.006607,0.002746,0.000009,-0.000007,0.000000,0.000000,0.000000,0.000019
2025-10-26T22:38:03.037856,68.401,-1.995752,-0.499995,0.007839,0.000003,0.003311,0.001374,0.999994,0.000015,0.006622,0.002747,0.000025,-0.000008,0.000000,0.000000,0.000000,0.000019
2025-10-26T22:38:03.138049,68.501,-1.995750,-0.499995,0.007835,0.000002,0.003311,0.001374,0.999994,0.000013,0.006623,0.002749,0.000029,-0.000009,0.000000,0.000000,0.000000,0.000018
2025-10-26T22:38:03.237611,68.601,-1.995747,-0.499995,0.007823,0.000006,0.003309,0.001375,0.999994,0.000022,0.006618,0.002751,0.000012,-0.000012,0.000000,0.000000,0.000000,0.000019
2025-10-26T22:38:03.338458,68.701,-1.995745,-0.499995,0.007842,0.000009,0.003306,0.001376,0.999994,0.000026,0.006612,0.002752,0.000025,-0.000008,0.000000,0.000000,0.000000,0.000019
2025-10-26T22:38:03.437944,68.801,-1.995743,-0.499995,0.007843,0.000003,0.003304,0.001377,0.999994,0.000016,0.006609,0.002754,0.000031,-0.000007,0.000000,0.000000,0.000000,0.000019
2025-10-26T22:38:03.538076,68.901,-1.995740,-0.499995,0.007829,0.000004,0.003305,0.001378,0.999994,0.000017,0.006610,0.002755,0.000020,-0.000009,0.000000,0.000000,0.000000,0.000018
2025-10-26T22:38:03.637754,69.001,-1.995738,-0.499995,0.007832,0.000007,0.003312,0.001378,0.999994,0.000023,0.006624,0.002757,0.000020,-0.000010,0.000000,0.000000,0.000000,0.000019
2025-10-26T22:38:03.738232,69.101,-1.995735,-0.499995,0.007838,0.000008,0.003308,0.001379,0.999994,0.000025,0.006617,0.002759,0.000023,-0.000010,0.000000,0.000000,0.000000,0.000019
2025-10-26T22:38:03.838452,69.201,-1.995733,-0.499995,0.007846,0.000005,0.003304,0.001380,0.999994,0.000018,0.006609,0.002760,0.000034,-0.000007,0.000000,0.000000,0.000000,0.000019
2025-10-26T22:38:03.938086,69.301,-1.995731,-0.499995,0.007843,-0.000003,0.003304,0.001381,0.999994,0.000002,0.006608,0.002762,0.000034,-0.000008,0.000000,0.000000,0.000000,0.000018
2025-10-26T22:38:04.038024,69.401,-1.995727,-0.499995,0.007825,0.000003,0.003311,0.001382,0.999994,0.000015,0.006622,0.002764,0.000015,-0.000012,0.000000,0.000000,0.000000,0.000019
2025-10-26T22:38:04.137953,69.501,-1.995724,-0.499995,0.007844,0.000013,0.003312,0.001383,0.999994,0.000034,0.006623,0.002766,0.000028,-0.000011,0.000000,0.000000,0.000000,0.000019
2025-10-26T22:38:04.238314,69.601,-1.995722,-0.499995,0.007820,0.000017,0.003305,0.001384,0.999994,0.000044,0.006611,0.002767,0.000009,-0.000009,0.000000,0.000000,0.000000,0.000019
2025-10-26T22:38:04.338281,69.701,-1.995720,-0.499995,0.007828,0.000009,0.003306,0.001384,0.999994,0.000028,0.006612,0.002769,0.000015,-0.000007,0.000000,0.000000,0.000000,0.000019
2025-10-26T22:38:04.437602,69.801,-1.995717,-0.499995,0.007845,0.000007,0.003307,0.001385,0.999994,0.000023,0.006614,0.002770,0.000032,-0.000009,0.000000,0.000000,0.000000,0.000018
2025-10-26T22:38:04.538561,69.902,-1.995715,-0.499995,0.007818,0.000008,0.003304,0.001386,0.999994,0.000026,0.006608,0.002772,0.000008,-0.000009,0.000000,0.000000,0.000000,0.000019
2025-10-26T22:38:04.637445,70.001,-1.995712,-0.499995,0.007839,0.000010,0.003309,0.001387,0.999994,0.000030,0.006617,0.002774,0.000024,-0.000010,0.000000,0.000000,0.000000,0.000019
2025-10-26T22:38:04.738131,70.101,-1.995710,-0.499995,0.007835,0.000013,0.003307,0.001388,0.999994,0.000035,0.006614,0.002775,0.000028,-0.000010,0.000000,0.000000,0.000000,0.000018
2025-10-26T22:38:04.840038,70.203,-1.995706,-0.499995,0.007832,0.000009,0.003305,0.001389,0.999994,0.000027,0.006611,0.002778,0.000018,-0.000008,0.000000,0.000000,0.000000,0.000019
2025-10-26T22:38:04.938298,70.301,-1.995704,-0.499995,0.007842,0.000005,0.003307,0.001390,0.999994,0.000019,0.006615,0.002779,0.000030,-0.000008,0.000000,0.000000,0.000000,0.000019
2025-10-26T22:38:05.037995,70.401,-1.995702,-0.499995,0.007823,0.000004,0.003306,0.001390,0.999994,0.000017,0.006612,0.002781,0.000014,-0.000008,0.000000,0.000000,0.000000,0.000018
2025-10-26T22:38:05.137833,70.501,-1.995699,-0.499995,0.007835,0.000005,0.003312,0.001391,0.999994,0.000019,0.006624,0.002782,0.000022,-0.000010,0.000000,0.000000,0.000000,0.000019
2025-10-26T22:38:05.238677,70.602,-1.995695,-0.499995,0.007846,0.000007,0.003306,0.001392,0.999994,0.000022,0.006612,0.002785,0.000034,-0.000010,0.000000,0.000000,0.000000,0.000018
2025-10-26T22:38:05.338373,70.701,-1.995693,-0.499995,0.007827,0.000009,0.003302,0.001393,0.999994,0.000027,0.006605,0.002786,0.000015,-0.000008,0.000000,0.000000,0.000000,0.000019
2025-10-26T22:38:05.438755,70.802,-1.995691,-0.499995,0.007824,0.000007,0.003306,0.001394,0.999994,0.000024,0.006613,0.002788,0.000014,-0.000010,0.000000,0.000000,0.000000,0.000019
2025-10-26T22:38:05.538697,70.901,-1.995688,-0.499995,0.007845,0.000008,0.003312,0.001395,0.999994,0.000025,0.006624,0.002790,0.000035,-0.000009,0.000000,0.000000,0.000000,0.000018
2025-10-26T22:38:05.638185,71.001,-1.995686,-0.499995,0.007837,0.000008,0.003307,0.001396,0.999994,0.000024,0.006614,0.002791,0.000030,-0.000010,0.000000,0.000000,0.000000,0.000018
2025-10-26T22:38:05.739662,71.102,-1.995683,-0.499995,0.007819,0.000010,0.003302,0.001396,0.999994,0.000030,0.006605,0.002793,0.000005,-0.000011,0.000000,0.000000,0.000000,0.000019
2025-10-26T22:38:05.837701,71.201,-1.995680,-0.499995,0.007845,0.000005,0.003309,0.001398,0.999994,0.000019,0.006618,0.002795,0.000032,-0.000007,0.000000,0.000000,0.000000,0.000019
2025-10-26T22:38:05.938854,71.302,-1.995677,-0.499994,0.007818,0.000002,0.003308,0.001398,0.999994,0.000013,0.006615,0.002797,0.000009,-0.000008,0.000000,0.000000,0.000000,0.000019
2025-10-26T22:38:06.037610,71.401,-1.995675,-0.499994,0.007839,0.000001,0.003314,0.001399,0.999994,0.000012,0.006628,0.002798,0.000025,-0.000009,0.000000,0.000000,0.000000,0.000019
2025-10-26T22:38:06.138492,71.501,-1.995672,-0.499995,0.007831,0.000005,0.003309,0.001400,0.999994,0.000019,0.006619,0.002800,0.000023,-0.000010,0.000000,0.000000,0.000000,0.000018
2025-10-26T22:38:06.237692,71.601,-1.995669,-0.499995,0.007839,0.000012,0.003309,0.001401,0.999994,0.000033,0.006618,0.002802,0.000023,-0.000010,0.000000,0.000000,0.000000,0.000019
2025-10-26T22:38:06.338209,71.701,-1.995666,-0.499994,0.007842,0.000004,0.003308,0.001402,0.999994,0.000018,0.006615,0.002804,0.000033,-0.000007,0.000000,0.000000,0.000000,0.000019
2025-10-26T22:38:06.438892,71.802,-1.995664,-0.499994,0.007819,-0.000001,0.003306,0.001403,0.999994,0.000008,0.006612,0.002805,0.000008,-0.000009,0.000000,0.000000,0.000000,0.000018
2025-10-26T22:38:06.538931,71.902,-1.995661,-0.499994,0.007840,0.000005,0.003313,0.001403,0.999994,0.000020,0.006625,0.002807,0.000027,-0.000012,0.000000,0.000000,0.000000,0.000018
2025-10-26T22:38:06.637968,72.001,-1.995659,-0.499995,0.007843,0.000009,0.003310,0.001404,0.999994,0.000026,0.006619,0.002809,0.000035,-0.000008,0.000000,0.000000,0.000000,0.000019
2025-10-26T22:38:06.737974,72.101,-1.995655,-0.499995,0.007835,0.000007,0.003307,0.001405,0.999994,0.000022,0.006614,0.002811,0.000021,-0.000009,0.000000,0.000000,0.000000,0.000019
2025-10-26T22:38:06.838801,72.201,-1.995653,-0.499995,0.007845,0.000012,0.003307,0.001406,0.999994,0.000033,0.006613,0.002813,0.000035,-0.000011,0.000000,0.000000,0.000000,0.000018
2025-10-26T22:38:06.938299,72.301,-1.995651,-0.499995,0.007821,0.000016,0.003307,0.001407,0.999994,0.000042,0.006613,0.002814,0.000010,-0.000008,0.000000,0.000000,0.000000,0.000020
2025-10-26T22:38:07.038755,72.402,-1.995648,-0.499994,0.007827,0.000005,0.003308,0.001408,0.999994,0.000018,0.006617,0.002816,0.000016,-0.000004,0.000000,0.000000,0.000000,0.000019
2025-10-26T22:38:07.138364,72.501,-1.995645,-0.499994,0.007832,-0.000001,0.003309,0.001409,0.999994,0.000008,0.006618,0.002818,0.000026,-0.000014,0.000000,0.000000,0.000000,0.000018
2025-10-26T22:38:07.237661,72.601,-1.995642,-0.499995,0.007816,0.000011,0.003306,0.001410,0.999994,0.000031,0.006612,0.002820,0.000004,-0.000009,0.000000,0.000000,0.000000,0.000019
2025-10-26T22:38:07.338930,72.701,-1.995640,-0.499995,0.007841,0.000014,0.003309,0.001411,0.999994,0.000037,0.006618,0.002821,0.000026,-0.000010,0.000000,0.000000,0.000000,0.000019
2025-10-26T22:38:07.437711,72.801,-1.995637,-0.499995,0.007828,0.000017,0.003304,0.001411,0.999994,0.000042,0.006609,0.002823,0.000018,-0.000010,0.000000,0.000000,0.000000,0.000018
2025-10-26T22:38:07.537896,72.901,-1.995635,-0.499995,0.007823,0.000013,0.003307,0.001412,0.999994,0.000035,0.006615,0.002825,0.000014,-0.000006,0.000000,0.000000,0.000000,0.000020
2025-10-26T22:38:07.637804,73.001,-1.995632,-0.499994,0.007845,0.000003,0.003311,0.001413,0.999994,0.000015,0.006622,0.002826,0.000034,-0.000007,0.000000,0.000000,0.000000,0.000019
2025-10-26T22:38:07.738235,73.101,-1.995629,-0.499994,0.007835,-0.000002,0.003313,0.001414,0.999994,0.000006,0.006625,0.002828,0.000021,-0.000010,0.000000,0.000000,0.000000,0.000019
2025-10-26T22:38:07.838472,73.201,-1.995626,-0.499994,0.007841,0.000007,0.003310,0.001415,0.999994,0.000024,0.006620,0.002830,0.000028,-0.000012,0.000000,0.000000,0.000000,0.000018
2025-10-26T22:38:07.937974,73.301,-1.995624,-0.499994,0.007843,0.000009,0.003304,0.001416,0.999994,0.000027,0.006609,0.002832,0.000034,-0.000009,0.000000,0.000000,0.000000,0.000018
2025-10-26T22:38:08.037829,73.401,-1.995622,-0.499994,0.007830,0.000003,0.003303,0.001417,0.999994,0.000016,0.006605,0.002833,0.000020,-0.000007,0.000000,0.000000,0.000000,0.000018
2025-10-26T22:38:08.138352,73.501,-1.995619,-0.499994,0.007825,0.000004,0.003307,0.001417,0.999994,0.000017,0.006615,0.002835,0.000015,-0.000011,0.000000,0.000000,0.000000,0.000019
2025-10-26T22:38:08.238060,73.601,-1.995616,-0.499994,0.007841,0.000007,0.003309,0.001419,0.999994,0.000024,0.006618,0.002837,0.000028,-0.000010,0.000000,0.000000,0.000000,0.000019
2025-10-26T22:38:08.337678,73.701,-1.995613,-0.499994,0.007847,0.000006,0.003304,0.001419,0.999994,0.000021,0.006607,0.002839,0.000034,-0.000009,0.000000,0.000000,0.000000,0.000018
2025-10-26T22:38:08.438284,73.801,-1.995611,-0.499995,0.007841,0.000012,0.003302,0.001420,0.999994,0.000034,0.006604,0.002841,0.000033,-0.000008,0.000000,0.000000,0.000000,0.000019
2025-10-26T22:38:08.538109,73.901,-1.995608,-0.499994,0.007818,0.000008,0.003304,0.001421,0.999994,0.000025,0.006608,0.002842,0.000008,-0.000009,0.000000,0.000000,0.000000,0.000019
2025-10-26T22:38:08.637484,74.001,-1.995605,-0.499994,0.007843,0.000009,0.003313,0.001422,0.999994,0.000027,0.006626,0.002845,0.000029,-0.000009,0.000000,0.000000,0.000000,0.000019
2025-10-26T22:38:08.738036,74.101,-1.995602,-0.499994,0.007840,0.000001,0.003307,0.001423,0.999994,0.000012,0.006614,0.002846,0.000033,-0.000006,0.000000,0.000000,0.000000,0.000018
2025-10-26T22:38:08.837902,74.201,-1.995600,-0.499994,0.007827,0.000002,0.003302,0.001424,0.999994,0.000013,0.006604,0.002848,0.000016,-0.000010,0.000000,0.000000,0.000000,0.000018
2025-10-26T22:38:08.938075,74.301,-1.995596,-0.499994,0.007840,0.000001,0.003308,0.001425,0.999994,0.000012,0.006615,0.002850,0.000026,-0.000009,0.000000,0.000000,0.000000,0.000019
2025-10-26T22:38:09.038038,74.401,-1.995594,-0.499994,0.007831,0.000005,0.003307,0.001426,0.999994,0.000019,0.006614,0.002852,0.000024,-0.000010,0.000000,0.000000,0.000000,0.000018
2025-10-26T22:38:09.137991,74.501,-1.995591,-0.499994,0.007830,0.000011,0.003311,0.001427,0.999994,0.000031,0.006622,0.002853,0.000018,-0.000011,0.000000,0.000000,0.000000,0.000019
2025-10-26T22:38:09.238265,74.601,-1.995589,-0.499995,0.007839,0.000016,0.003309,0.001427,0.999994,0.000042,0.006618,0.002855,0.000031,-0.000009,0.000000,0.000000,0.000000,0.000019
2025-10-26T22:38:09.338832,74.702,-1.995585,-0.499994,0.007820,0.000009,0.003302,0.001429,0.999994,0.000028,0.006604,0.002857,0.000007,-0.000006,0.000000,0.000000,0.000000,0.000019
2025-10-26T22:38:09.438694,74.801,-1.995583,-0.499994,0.007832,0.000002,0.003307,0.001429,0.999994,0.000013,0.006613,0.002859,0.000019,-0.000008,0.000000,0.000000,0.000000,0.000019
2025-10-26T22:38:09.537965,74.901,-1.995580,-0.499994,0.007846,0.000004,0.003312,0.001430,0.999993,0.000017,0.006625,0.002860,0.000035,-0.000010,0.000000,0.000000,0.000000,0.000018
2025-10-26T22:38:09.637718,75.001,-1.995577,-0.499994,0.007833,0.000005,0.003305,0.001431,0.999994,0.000020,0.006610,0.002863,0.000023,-0.000008,0.000000,0.000000,0.000000,0.000018
2025-10-26T22:38:09.739384,75.102,-1.995574,-0.499994,0.007823,0.000004,0.003304,0.001432,0.999994,0.000018,0.006608,0.002864,0.000012,-0.000008,0.000000,0.000000,0.000000,0.000019
2025-10-26T22:38:09.838403,75.201,-1.995572,-0.499994,0.007833,0.000003,0.003305,0.001433,0.999994,0.000015,0.006610,0.002866,0.000020,-0.000011,0.000000,0.000000,0.000000,0.000019
2025-10-26T22:38:09.938920,75.301,-1.995570,-0.499994,0.007843,0.000007,0.003309,0.001434,0.999993,0.000024,0.006617,0.002868,0.000036,-0.000010,0.000000,0.000000,0.000000,0.000018
2025-10-26T22:38:10.038079,75.401,-1.995567,-0.499994,0.007818,0.000008,0.003307,0.001435,0.999994,0.000025,0.006614,0.002869,0.000008,-0.000007,0.000000,0.000000,0.000000,0.000019
2025-10-26T22:38:10.137637,75.501,-1.995565,-0.499994,0.007839,0.000003,0.003311,0.001435,0.999993,0.000016,0.006623,0.002871,0.000024,-0.000008,0.000000,0.000000,0.000000,0.000019
2025-10-26T22:38:10.238400,75.601,-1.995562,-0.499994,0.007835,0.000001,0.003309,0.001436,0.999993,0.000012,0.006619,0.002872,0.000028,-0.000008,0.000000,0.000000,0.000000,0.000018
2025-10-26T22:38:10.338569,75.701,-1.995560,-0.499994,0.007828,0.000002,0.003311,0.001437,0.999993,0.000014,0.006621,0.002874,0.000016,-0.000010,0.000000,0.000000,0.000000,0.000019
2025-10-26T22:38:10.437931,75.801,-1.995556,-0.499994,0.007828,0.000005,0.003309,0.001438,0.999993,0.000020,0.006617,0.002876,0.000019,-0.000010,0.000000,0.000000,0.000000,0.000018
2025-10-26T22:38:10.538184,75.901,-1.995554,-0.499994,0.007832,0.000009,0.003311,0.001439,0.999993,0.000027,0.006622,0.002878,0.000018,-0.000011,0.000000,0.000000,0.000000,0.000019
2025-10-26T22:38:10.638185,76.001,-1.995551,-0.499994,0.007845,0.000004,0.003308,0.001440,0.999993,0.000017,0.006616,0.002879,0.000030,-0.000007,0.000000,0.000000,0.000000,0.000019
2025-10-26T22:38:10.738498,76.101,-1.995549,-0.499994,0.007834,0.000005,0.003304,0.001440,0.999994,0.000019,0.006608,0.002881,0.000026,-0.000011,0.000000,0.000000,0.000000,0.000018
2025-10-26T22:38:10.839130,76.202,-1.995545,-0.499994,0.007839,0.000015,0.003308,0.001442,0.999993,0.000039,0.006617,0.002884,0.000024,-0.000011,0.000000,0.000000,0.000000,0.000019
2025-10-26T22:38:10.938958,76.301,-1.995543,-0.499994,0.007838,0.000014,0.003306,0.001443,0.999993,0.000037,0.006612,0.002885,0.000027,-0.000004,0.000000,0.000000,0.000000,0.000020
2025-10-26T22:38:11.039468,76.402,-1.995541,-0.499994,0.007844,-0.000003,0.003304,0.001443,0.999993,0.000004,0.006609,0.002887,0.000033,-0.000007,0.000000,0.000000,0.000000,0.000018
2025-10-26T22:38:11.138075,76.501,-1.995538,-0.499994,0.007828,0.000004,0.003306,0.001444,0.999993,0.000019,0.006612,0.002888,0.000019,-0.000014,0.000000,0.000000,0.000000,0.000017
2025-10-26T22:38:11.237891,76.601,-1.995536,-0.499994,0.007818,0.000016,0.003306,0.001445,0.999993,0.000042,0.006613,0.002890,0.000006,-0.000010,0.000000,0.000000,0.000000,0.000019
2025-10-26T22:38:11.338605,76.701,-1.995533,-0.499994,0.007832,0.000009,0.003306,0.001446,0.999993,0.000028,0.006612,0.002891,0.000017,-0.000006,0.000000,0.000000,0.000000,0.000019
2025-10-26T22:38:11.437579,76.801,-1.995531,-0.499994,0.007839,0.000002,0.003307,0.001446,0.999993,0.000013,0.006613,0.002893,0.000025,-0.000009,0.000000,0.000000,0.000000,0.000019
2025-10-26T22:38:11.537718,76.901,-1.995528,-0.499994,0.007847,0.000004,0.003306,0.001447,0.999993,0.000018,0.006613,0.002895,0.000032,-0.000011,0.000000,0.000000,0.000000,0.000018
2025-10-26T22:38:11.637564,77.001,-1.995526,-0.499994,0.007818,0.000011,0.003306,0.001448,0.999993,0.000031,0.006611,0.002896,0.000009,-0.000010,0.000000,0.000000,0.000000,0.000019
2025-10-26T22:38:11.738408,77.101,-1.995524,-0.499994,0.007828,0.000010,0.003308,0.001449,0.999993,0.000029,0.006617,0.002898,0.000016,-0.000008,0.000000,0.000000,0.000000,0.000019
2025-10-26T22:38:11.837885,77.201,-1.995521,-0.499994,0.007845,0.000006,0.003309,0.001450,0.999993,0.000022,0.006618,0.002899,0.000035,-0.000008,0.000000,0.000000,0.000000,0.000018
2025-10-26T22:38:11.938343,77.301,-1.995519,-0.499994,0.007816,0.000006,0.003306,0.001450,0.999993,0.000021,0.006612,0.002901,0.000004,-0.000008,0.000000,0.000000,0.000000,0.000019
2025-10-26T22:38:12.037896,77.401,-1.995516,-0.499994,0.007843,0.000006,0.003309,0.001451,0.999993,0.000022,0.006618,0.002903,0.000029,-0.000009,0.000000,0.000000,0.000000,0.000019
2025-10-26T22:38:12.138210,77.501,-1.995514,-0.499994,0.007823,0.000008,0.003305,0.001452,0.999993,0.000026,0.006609,0.002904,0.000013,-0.000009,0.000000,0.000000,0.000000,0.000018
2025-10-26T22:38:12.237946,77.601,-1.995512,-0.499994,0.007835,0.000011,0.003308,0.001453,0.999993,0.000031,0.006615,0.002906,0.000021,-0.000010,0.000000,0.000000,0.000000,0.000019
2025-10-26T22:38:12.338200,77.701,-1.995509,-0.499994,0.007840,0.000014,0.003305,0.001454,0.999993,0.000037,0.006611,0.002907,0.000033,-0.000010,0.000000,0.000000,0.000000,0.000018
2025-10-26T22:38:12.438139,77.801,-1.995507,-0.499994,0.007816,0.000010,0.003306,0.001454,0.999993,0.000029,0.006611,0.002909,0.000005,-0.000005,0.000000,0.000000,0.000000,0.000020
2025-10-26T22:38:12.538278,77.901,-1.995504,-0.499994,0.007843,0.000000,0.003311,0.001455,0.999993,0.000010,0.006623,0.002910,0.000030,-0.000007,0.000000,0.000000,0.000000,0.000019
2025-10-26T22:38:12.638007,78.001,-1.995502,-0.499994,0.007818,-0.000004,0.003308,0.001456,0.999993,0.000002,0.006616,0.002912,0.000009,-0.000009,0.000000,0.000000,0.000000,0.000018
2025-10-26T22:38:12.737599,78.101,-1.995499,-0.499994,0.007836,0.000005,0.003312,0.001457,0.999993,0.000020,0.006623,0.002914,0.000022,-0.000012,0.000000,0.000000,0.000000,0.000019
2025-10-26T22:38:12.838693,78.202,-1.995497,-0.499994,0.007841,0.000010,0.003306,0.001458,0.999993,0.000030,0.006613,0.002915,0.000025,-0.000008,0.000000,0.000000,0.000000,0.000019
2025-10-26T22:38:12.938916,78.302,-1.995495,-0.499994,0.007844,0.000007,0.003304,0.001458,0.999993,0.000023,0.006608,0.002917,0.000034,-0.000005,0.000000,0.000000,0.000000,0.000019
2025-10-26T22:38:13.038235,78.401,-1.995492,-0.499994,0.007839,0.000003,0.003304,0.001459,0.999993,0.000016,0.006608,0.002918,0.000032,-0.000008,0.000000,0.000000,0.000000,0.000018
2025-10-26T22:38:13.137999,78.501,-1.995490,-0.499994,0.007826,0.000004,0.003308,0.001460,0.999993,0.000017,0.006617,0.002920,0.000016,-0.000010,0.000000,0.000000,0.000000,0.000019
2025-10-26T22:38:13.237791,78.601,-1.995487,-0.499994,0.007841,0.000008,0.003312,0.001461,0.999993,0.000026,0.006625,0.002922,0.000031,-0.000012,0.000000,0.000000,0.000000,0.000018
2025-10-26T22:38:13.338346,78.701,-1.995485,-0.499994,0.007843,0.000014,0.003307,0.001462,0.999993,0.000037,0.006615,0.002923,0.000033,-0.000008,0.000000,0.000000,0.000000,0.000019
2025-10-26T22:38:13.437440,78.801,-1.995483,-0.499994,0.007820,0.000011,0.003302,0.001462,0.999993,0.000032,0.006604,0.002925,0.000006,-0.000008,0.000000,0.000000,0.000000,0.000019
2025-10-26T22:38:13.537751,78.901,-1.995479,-0.499994,0.007839,0.000003,0.003310,0.001464,0.999993,0.000015,0.006620,0.002927,0.000025,-0.000008,0.000000,0.000000,0.000000,0.000019
2025-10-26T22:38:13.637899,79.001,-1.995476,-0.499994,0.007835,0.000001,0.003311,0.001464,0.999993,0.000012,0.006623,0.002929,0.000029,-0.000008,0.000000,0.000000,0.000000,0.000018
2025-10-26T22:38:13.737697,79.101,-1.995474,-0.499994,0.007823,0.000005,0.003310,0.001465,0.999993,0.000021,0.006619,0.002930,0.000012,-0.000012,0.000000,0.000000,0.000000,0.000019
2025-10-26T22:38:13.838895,79.202,-1.995472,-0.499994,0.007835,0.000008,0.003306,0.001466,0.999993,0.000026,0.006611,0.002932,0.000020,-0.000010,0.000000,0.000000,0.000000,0.000019
2025-10-26T22:38:13.937945,79.301,-1.995469,-0.499994,0.007843,0.000011,0.003305,0.001467,0.999993,0.000031,0.006609,0.002934,0.000034,-0.000008,0.000000,0.000000,0.000000,0.000019
2025-10-26T22:38:14.038826,79.401,-1.995467,-0.499994,0.007822,0.000005,0.003305,0.001468,0.999993,0.000019,0.006609,0.002935,0.000012,-0.000009,0.000000,0.000000,0.000000,0.000018
2025-10-26T22:38:14.137838,79.501,-1.995464,-0.499994,0.007820,0.000005,0.003305,0.001468,0.999993,0.000019,0.006611,0.002937,0.000009,-0.000008,0.000000,0.000000,0.000000,0.000019
2025-10-26T22:38:14.238312,79.601,-1.995462,-0.499994,0.007845,0.000007,0.003310,0.001469,0.999993,0.000023,0.006620,0.002938,0.000032,-0.000010,0.000000,0.000000,0.000000,0.000019
2025-10-26T22:38:14.337484,79.701,-1.995459,-0.499994,0.007818,0.000010,0.003308,0.001470,0.999993,0.000029,0.006615,0.002940,0.000008,-0.000009,0.000000,0.000000,0.000000,0.000019
2025-10-26T22:38:14.437786,79.801,-1.995456,-0.499994,0.007835,0.000003,0.003308,0.001471,0.999993,0.000015,0.006616,0.002942,0.000022,-0.000010,0.000000,0.000000,0.000000,0.000019
2025-10-26T22:38:14.540921,79.904,-1.995453,-0.499994,0.007840,0.000005,0.003307,0.001472,0.999993,0.000019,0.006615,0.002944,0.000034,-0.000009,0.000000,0.000000,0.000000,0.000018
2025-10-26T22:38:14.638082,80.001,-1.995451,-0.499994,0.007823,0.000008,0.003308,0.001473,0.999993,0.000026,0.006616,0.002946,0.000013,-0.000011,0.000000,0.000000,0.000000,0.000019
2025-10-26T22:38:14.737888,80.101,-1.995449,-0.499994,0.007845,0.000011,0.003310,0.001474,0.999993,0.000032,0.006620,0.002947,0.000034,-0.000010,0.000000,0.000000,0.000000,0.000018
2025-10-26T22:38:14.837775,80.201,-1.995446,-0.499994,0.007828,0.000007,0.003304,0.001474,0.999993,0.000024,0.006608,0.002949,0.000018,-0.000007,0.000000,0.000000,0.000000,0.000018
2025-10-26T22:38:14.937560,80.301,-1.995444,-0.499994,0.007824,0.000007,0.003304,0.001475,0.999993,0.000024,0.006609,0.002950,0.000013,-0.000010,0.000000,0.000000,0.000000,0.000019
2025-10-26T22:38:15.037770,80.401,-1.995441,-0.499994,0.007844,0.000014,0.003308,0.001476,0.999993,0.000037,0.006616,0.002952,0.000030,-0.000011,0.000000,0.000000,0.000000,0.000019
2025-10-26T22:38:15.138011,80.501,-1.995439,-0.499994,0.007838,0.000014,0.003306,0.001477,0.999993,0.000037,0.006613,0.002954,0.000030,-0.000004,0.000000,0.000000,0.000000,0.000019
2025-10-26T22:38:15.237562,80.601,-1.995437,-0.499994,0.007840,-0.000003,0.003305,0.001477,0.999993,0.000004,0.006609,0.002955,0.000032,-0.000007,0.000000,0.000000,0.000000,0.000018
2025-10-26T22:38:15.338074,80.701,-1.995434,-0.499994,0.007818,0.000003,0.003305,0.001478,0.999993,0.000017,0.006610,0.002957,0.000006,-0.000012,0.000000,0.000000,0.000000,0.000018
2025-10-26T22:38:15.438296,80.801,-1.995432,-0.499994,0.007819,0.000011,0.003305,0.001479,0.999993,0.000032,0.006610,0.002958,0.000008,-0.000008,0.000000,0.000000,0.000000,0.000020
2025-10-26T22:38:15.538445,80.901,-1.995429,-0.499994,0.007845,0.000011,0.003308,0.001480,0.999993,0.000032,0.006615,0.002960,0.000031,-0.000009,0.000000,0.000000,0.000000,0.000019
2025-10-26T22:38:15.638027,81.001,-1.995427,-0.499994,0.007818,0.000013,0.003303,0.001481,0.999993,0.000035,0.006607,0.002962,0.000008,-0.000009,0.000000,0.000000,0.000000,0.000019
2025-10-26T22:38:15.737936,81.101,-1.995424,-0.499994,0.007839,0.000015,0.003307,0.001482,0.999993,0.000039,0.006614,0.002963,0.000024,-0.000010,0.000000,0.000000,0.000000,0.000019
2025-10-26T22:38:15.838628,81.202,-1.995422,-0.499994,0.007843,0.000008,0.003309,0.001482,0.999993,0.000026,0.006618,0.002965,0.000036,-0.000005,0.000000,0.000000,0.000000,0.000019
2025-10-26T22:38:15.938105,81.301,-1.995420,-0.499994,0.007819,-0.000001,0.003309,0.001483,0.999993,0.000008,0.006619,0.002966,0.000009,-0.000006,0.000000,0.000000,0.000000,0.000019
2025-10-26T22:38:16.037867,81.401,-1.995417,-0.499994,0.007846,0.000001,0.003313,0.001484,0.999993,0.000012,0.006627,0.002968,0.000032,-0.000011,0.000000,0.000000,0.000000,0.000018
2025-10-26T22:38:16.137435,81.501,-1.995415,-0.499994,0.007821,0.000011,0.003307,0.001485,0.999993,0.000032,0.006614,0.002969,0.000009,-0.000011,0.000000,0.000000,0.000000,0.000019
2025-10-26T22:38:16.237951,81.601,-1.995412,-0.499994,0.007835,0.000013,0.003306,0.001485,0.999993,0.000037,0.006611,0.002971,0.000020,-0.000010,0.000000,0.000000,0.000000,0.000019
2025-10-26T22:38:16.338543,81.701,-1.995410,-0.499994,0.007847,0.000007,0.003306,0.001486,0.999993,0.000025,0.006611,0.002973,0.000035,-0.000006,0.000000,0.000000,0.000000,0.000019
2025-10-26T22:38:16.437595,81.801,-1.995408,-0.499994,0.007816,0.000001,0.003305,0.001487,0.999993,0.000013,0.006610,0.002974,0.000004,-0.000009,0.000000,0.000000,0.000000,0.000019
2025-10-26T22:38:16.537696,81.901,-1.995405,-0.499994,0.007836,0.000002,0.003310,0.001488,0.999993,0.000014,0.006620,0.002976,0.000024,-0.000011,0.000000,0.000000,0.000000,0.000019
2025-10-26T22:38:16.638013,82.001,-1.995403,-0.499994,0.007841,0.000010,0.003308,0.001489,0.999993,0.000031,0.006615,0.002977,0.000027,-0.000010,0.000000,0.000000,0.000000,0.000019
2025-10-26T22:38:16.737425,82.101,-1.995399,-0.499994,0.007827,0.000008,0.003303,0.001490,0.999993,0.000027,0.006606,0.002980,0.000017,-0.000009,0.000000,0.000000,0.000000,0.000018
2025-10-26T22:38:16.837995,82.201,-1.995397,-0.499994,0.007834,0.000007,0.003310,0.001491,0.999993,0.000024,0.006621,0.002981,0.000021,-0.000009,0.000000,0.000000,0.000000,0.000019
2025-10-26T22:38:16.938570,82.301,-1.995394,-0.499994,0.007839,0.000009,0.003311,0.001491,0.999993,0.000028,0.006622,0.002983,0.000034,-0.000009,0.000000,0.000000,0.000000,0.000018
2025-10-26T22:38:17.040115,82.403,-1.995392,-0.499994,0.007816,0.000005,0.003305,0.001492,0.999993,0.000019,0.006611,0.002985,0.000004,-0.000006,0.000000,0.000000,0.000000,0.000019
2025-10-26T22:38:17.138157,82.501,-1.995389,-0.499994,0.007830,0.000003,0.003305,0.001493,0.999993,0.000016,0.006611,0.002986,0.000016,-0.000011,0.000000,0.000000,0.000000,0.000019
2025-10-26T22:38:17.237971,82.601,-1.995387,-0.499994,0.007841,0.000006,0.003306,0.001494,0.999993,0.000021,0.006612,0.002988,0.000029,-0.000008,0.000000,0.000000,0.000000,0.000019
2025-10-26T22:38:17.338199,82.701,-1.995385,-0.499994,0.007844,0.000002,0.003308,0.001495,0.999993,0.000015,0.006615,0.002989,0.000036,-0.000008,0.000000,0.000000,0.000000,0.000018
2025-10-26T22:38:17.439233,82.802,-1.995381,-0.499994,0.007829,0.000002,0.003312,0.001496,0.999993,0.000015,0.006625,0.002992,0.000018,-0.000008,0.000000,0.000000,0.000000,0.000019
2025-10-26T22:38:17.537560,82.901,-1.995380,-0.499994,0.007833,0.000003,0.003311,0.001496,0.999993,0.000015,0.006621,0.002992,0.000020,-0.000008,0.000000,0.000000,0.000000,0.000019
2025-10-26T22:38:17.637523,83.001,-1.995376,-0.499994,0.007841,0.000009,0.003305,0.001497,0.999993,0.000027,0.006609,0.002995,0.000034,-0.000011,0.000000,0.000000,0.000000,0.000018
2025-10-26T22:38:17.738504,83.101,-1.995374,-0.499994,0.007830,0.000016,0.003307,0.001498,0.999993,0.000041,0.006614,0.002997,0.000018,-0.000010,0.000000,0.000000,0.000000,0.000019
2025-10-26T22:38:17.837792,83.201,-1.995371,-0.499994,0.007844,0.000009,0.003310,0.001499,0.999993,0.000029,0.006621,0.002998,0.000030,-0.000007,0.000000,0.000000,0.000000,0.000019
2025-10-26T22:38:17.937933,83.301,-1.995369,-0.499994,0.007823,0.000004,0.003309,0.001500,0.999993,0.000018,0.006618,0.003000,0.000014,-0.000007,0.000000,0.000000,0.000000,0.000018
2025-10-26T22:38:18.037799,83.401,-1.995366,-0.499994,0.007824,0.000001,0.003309,0.001501,0.999993,0.000013,0.006619,0.003001,0.000013,-0.000009,0.000000,0.000000,0.000000,0.000019
2025-10-26T22:38:18.139607,83.502,-1.995364,-0.499994,0.007837,0.000003,0.003306,0.001501,0.999993,0.000016,0.006611,0.003003,0.000021,-0.000011,0.000000,0.000000,0.000000,0.000019
2025-10-26T22:38:18.238361,83.601,-1.995362,-0.499994,0.007846,0.000013,0.003305,0.001502,0.999993,0.000035,0.006610,0.003004,0.000035,-0.000012,0.000000,0.000000,0.000000,0.000018
2025-10-26T22:38:18.338474,83.701,-1.995359,-0.499994,0.007819,0.000014,0.003305,0.001503,0.999993,0.000038,0.006611,0.003006,0.000009,-0.000007,0.000000,0.000000,0.000000,0.000019
2025-10-26T22:38:18.438085,83.801,-1.995357,-0.499994,0.007828,-0.000000,0.003308,0.001504,0.999993,0.000009,0.006616,0.003008,0.000016,-0.000006,0.000000,0.000000,0.000000,0.000019
2025-10-26T22:38:18.537981,83.901,-1.995353,-0.499994,0.007844,0.000005,0.003310,0.001505,0.999993,0.000021,0.006621,0.003010,0.000035,-0.000013,0.000000,0.000000,0.000000,0.000018
2025-10-26T22:38:18.637888,84.001,-1.995351,-0.499994,0.007819,0.000017,0.003309,0.001506,0.999993,0.000044,0.006618,0.003012,0.000008,-0.000007,0.000000,0.000000,0.000000,0.000020
2025-10-26T22:38:18.738550,84.101,-1.995348,-0.499994,0.007839,0.000004,0.003311,0.001507,0.999993,0.000018,0.006623,0.003013,0.000026,-0.000006,0.000000,0.000000,0.000000,0.000019
2025-10-26T22:38:18.838900,84.202,-1.995346,-0.499993,0.007850,-0.000002,0.003306,0.001507,0.999993,0.000006,0.006612,0.003015,0.000036,-0.000010,0.000000,0.000000,0.000000,0.000018
2025-10-26T22:38:18.940544,84.303,-1.995343,-0.499994,0.007824,0.000012,0.003302,0.001508,0.999993,0.000033,0.006604,0.003016,0.000013,-0.000013,0.000000,0.000000,0.000000,0.000018
2025-10-26T22:38:19.038097,84.401,-1.995341,-0.499994,0.007827,0.000018,0.003308,0.001509,0.999993,0.000046,0.006617,0.003018,0.000017,-0.000009,0.000000,0.000000,0.000000,0.000020
2025-10-26T22:38:19.138400,84.501,-1.995338,-0.499994,0.007844,0.000006,0.003310,0.001510,0.999993,0.000022,0.006621,0.003020,0.000029,-0.000006,0.000000,0.000000,0.000000,0.000019
2025-10-26T22:38:19.238444,84.601,-1.995335,-0.499993,0.007815,-0.000003,0.003307,0.001511,0.999993,0.000004,0.006614,0.003022,0.000003,-0.000010,0.000000,0.000000,0.000000,0.000019
2025-10-26T22:38:19.338117,84.701,-1.995333,-0.499994,0.007827,0.000005,0.003305,0.001512,0.999993,0.000021,0.006610,0.003024,0.000014,-0.000011,0.000000,0.000000,0.000000,0.000019
2025-10-26T22:38:19.437755,84.801,-1.995330,-0.499994,0.007842,0.000010,0.003305,0.001513,0.999993,0.000031,0.006610,0.003025,0.000026,-0.000011,0.000000,0.000000,0.000000,0.000019
2025-10-26T22:38:19.538542,84.901,-1.995328,-0.499994,0.007842,0.000010,0.003307,0.001513,0.999993,0.000031,0.006613,0.003027,0.000033,-0.000006,0.000000,0.000000,0.000000,0.000019
2025-10-26T22:38:19.637731,85.001,-1.995324,-0.499993,0.007818,-0.000001,0.003309,0.001514,0.999993,0.000007,0.006617,0.003029,0.000006,-0.000010,0.000000,0.000000,0.000000,0.000019
2025-10-26T22:38:19.739686,85.102,-1.995323,-0.499993,0.007828,0.000003,0.003311,0.001515,0.999993,0.000015,0.006623,0.003030,0.000017,-0.000012,0.000000,0.000000,0.000000,0.000019
2025-10-26T22:38:19.838141,85.201,-1.995319,-0.499994,0.007826,0.000013,0.003308,0.001516,0.999993,0.000036,0.006616,0.003032,0.000016,-0.000006,0.000000,0.000000,0.000000,0.000019
2025-10-26T22:38:19.938008,85.301,-1.995317,-0.499993,0.007834,0.000004,0.003311,0.001517,0.999993,0.000017,0.006621,0.003034,0.000020,-0.000007,0.000000,0.000000,0.000000,0.000019
2025-10-26T22:38:20.038602,85.402,-1.995315,-0.499993,0.007839,0.000002,0.003310,0.001517,0.999993,0.000014,0.006620,0.003035,0.000026,-0.000009,0.000000,0.000000,0.000000,0.000019
2025-10-26T22:38:20.138056,85.501,-1.995312,-0.499994,0.007840,0.000011,0.003303,0.001518,0.999993,0.000031,0.006607,0.003037,0.000031,-0.000011,0.000000,0.000000,0.000000,0.000018
2025-10-26T22:38:20.238135,85.601,-1.995310,-0.499994,0.007817,0.000010,0.003304,0.001519,0.999993,0.000029,0.006609,0.003039,0.000006,-0.000007,0.000000,0.000000,0.000000,0.000019
2025-10-26T22:38:20.337665,85.701,-1.995307,-0.499994,0.007841,0.000006,0.003312,0.001520,0.999993,0.000023,0.006623,0.003040,0.000027,-0.000009,0.000000,0.000000,0.000000,0.000019
2025-10-26T22:38:20.438448,85.801,-1.995305,-0.499993,0.007841,0.000004,0.003309,0.001521,0.999993,0.000019,0.006618,0.003042,0.000032,-0.000007,0.000000,0.000000,0.000000,0.000019
2025-10-26T22:38:20.538882,85.902,-1.995302,-0.499993,0.007823,0.000005,0.003301,0.001522,0.999993,0.000020,0.006603,0.003043,0.000011,-0.000011,0.000000,0.000000,0.000000,0.000018
2025-10-26T22:38:20.638237,86.001,-1.995300,-0.499993,0.007824,0.000005,0.003304,0.001522,0.999993,0.000021,0.006609,0.003045,0.000014,-0.000007,0.000000,0.000000,0.000000,0.000019
2025-10-26T22:38:20.739127,86.102,-1.995296,-0.499993,0.007843,0.000004,0.003311,0.001524,0.999993,0.000019,0.006623,0.003047,0.000036,-0.000009,0.000000,0.000000,0.000000,0.000018
2025-10-26T22:38:20.838416,86.201,-1.995294,-0.499993,0.007826,0.000004,0.003307,0.001524,0.999993,0.000018,0.006614,0.003049,0.000016,-0.000009,0.000000,0.000000,0.000000,0.000018
2025-10-26T22:38:20.938003,86.301,-1.995291,-0.499993,0.007828,0.000007,0.003306,0.001525,0.999993,0.000024,0.006611,0.003051,0.000015,-0.000010,0.000000,0.000000,0.000000,0.000019
2025-10-26T22:38:21.038264,86.401,-1.995289,-0.499994,0.007845,0.000015,0.003306,0.001526,0.999993,0.000040,0.006613,0.003052,0.000031,-0.000012,0.000000,0.000000,0.000000,0.000018
2025-10-26T22:38:21.137920,86.501,-1.995287,-0.499994,0.007828,0.000013,0.003306,0.001527,0.999993,0.000036,0.006613,0.003054,0.000021,-0.000005,0.000000,0.000000,0.000000,0.000019
2025-10-26T22:38:21.237952,86.601,-1.995284,-0.499993,0.007818,-0.000001,0.003305,0.001528,0.999993,0.000008,0.006609,0.003055,0.000005,-0.000005,0.000000,0.000000,0.000000,0.000019
2025-10-26T22:38:21.338752,86.701,-1.995280,-0.499993,0.007845,0.000008,0.003310,0.001529,0.999993,0.000026,0.006619,0.003058,0.000032,-0.000013,0.000000,0.000000,0.000000,0.000018
2025-10-26T22:38:21.438188,86.801,-1.995278,-0.499994,0.007823,0.000014,0.003305,0.001530,0.999993,0.000038,0.006609,0.003059,0.000013,-0.000010,0.000000,0.000000,0.000000,0.000019
2025-10-26T22:38:21.538005,86.901,-1.995276,-0.499994,0.007833,0.000016,0.003308,0.001530,0.999993,0.000041,0.006617,0.003061,0.000021,-0.000008,0.000000,0.000000,0.000000,0.000019
2025-10-26T22:38:21.638634,87.002,-1.995273,-0.499993,0.007845,0.000006,0.003310,0.001531,0.999993,0.000022,0.006620,0.003063,0.000035,-0.000007,0.000000,0.000000,0.000000,0.000019
2025-10-26T22:38:21.737872,87.101,-1.995269,-0.499993,0.007832,-0.000001,0.003311,0.001532,0.999993,0.000008,0.006623,0.003065,0.000019,-0.000008,0.000000,0.000000,0.000000,0.000019
2025-10-26T22:38:21.838656,87.201,-1.995267,-0.499993,0.007843,-0.000002,0.003312,0.001533,0.999993,0.000006,0.006624,0.003066,0.000035,-0.000009,0.000000,0.000000,0.000000,0.000018
2025-10-26T22:38:21.940375,87.303,-1.995265,-0.499993,0.007827,0.000004,0.003311,0.001534,0.999993,0.000019,0.006622,0.003068,0.000015,-0.000012,0.000000,0.000000,0.000000,0.000019
2025-10-26T22:38:22.037619,87.401,-1.995262,-0.499993,0.007845,0.000011,0.003309,0.001535,0.999993,0.000032,0.006618,0.003070,0.000034,-0.000011,0.000000,0.000000,0.000000,0.000018
2025-10-26T22:38:22.138854,87.502,-1.995260,-0.499994,0.007816,0.000017,0.003304,0.001536,0.999993,0.000044,0.006608,0.003071,0.000003,-0.000010,0.000000,0.000000,0.000000,0.000019
2025-10-26T22:38:22.237777,87.601,-1.995257,-0.499993,0.007839,0.000012,0.003309,0.001536,0.999993,0.000033,0.006617,0.003073,0.000024,-0.000007,0.000000,0.000000,0.000000,0.000019
2025-10-26T22:38:22.337668,87.701,-1.995255,-0.499993,0.007835,0.000004,0.003307,0.001537,0.999993,0.000019,0.006613,0.003074,0.000028,-0.000007,0.000000,0.000000,0.000000,0.000018
2025-10-26T22:38:22.437810,87.801,-1.995251,-0.499993,0.007824,0.000003,0.003305,0.001538,0.999993,0.000016,0.006611,0.003077,0.000013,-0.000011,0.000000,0.000000,0.000000,0.000019
2025-10-26T22:38:22.538361,87.901,-1.995249,-0.499993,0.007842,0.000008,0.003307,0.001539,0.999993,0.000026,0.006614,0.003078,0.000029,-0.000012,0.000000,0.000000,0.000000,0.000018
2025-10-26T22:38:22.638752,88.002,-1.995247,-0.499993,0.007842,0.000010,0.003306,0.001540,0.999993,0.000030,0.006612,0.003080,0.000035,-0.000009,0.000000,0.000000,0.000000,0.000018
2025-10-26T22:38:22.737765,88.101,-1.995244,-0.499993,0.007832,0.000007,0.003306,0.001541,0.999993,0.000025,0.006612,0.003082,0.000023,-0.000005,0.000000,0.000000,0.000000,0.000019
2025-10-26T22:38:22.838485,88.201,-1.995240,-0.499993,0.007837,-0.000001,0.003311,0.001542,0.999993,0.000007,0.006621,0.003084,0.000022,-0.000009,0.000000,0.000000,0.000000,0.000019
2025-10-26T22:38:22.939050,88.302,-1.995238,-0.499993,0.007828,0.000006,0.003309,0.001543,0.999993,0.000022,0.006618,0.003086,0.000019,-0.000011,0.000000,0.000000,0.000000,0.000018
2025-10-26T22:38:23.037886,88.401,-1.995236,-0.499993,0.007819,0.000006,0.003307,0.001544,0.999993,0.000022,0.006614,0.003087,0.000007,-0.000007,0.000000,0.000000,0.000000,0.000020
2025-10-26T22:38:23.138653,88.502,-1.995232,-0.499993,0.007845,0.000008,0.003307,0.001545,0.999993,0.000026,0.006614,0.003090,0.000035,-0.000010,0.000000,0.000000,0.000000,0.000018
2025-10-26T22:38:23.238132,88.601,-1.995230,-0.499993,0.007816,0.000012,0.003304,0.001546,0.999993,0.000034,0.006608,0.003091,0.000004,-0.000010,0.000000,0.000000,0.000000,0.000019
2025-10-26T22:38:23.338435,88.701,-1.995227,-0.499993,0.007849,0.000015,0.003309,0.001546,0.999993,0.000040,0.006617,0.003093,0.000033,-0.000009,0.000000,0.000000,0.000000,0.000019
2025-10-26T22:38:23.437887,88.801,-1.995225,-0.499993,0.007835,0.000007,0.003308,0.001547,0.999993,0.000024,0.006617,0.003094,0.000029,-0.000006,0.000000,0.000000,0.000000,0.000019
2025-10-26T22:38:23.537782,88.901,-1.995221,-0.499993,0.007847,-0.000001,0.003315,0.001548,0.999993,0.000008,0.006629,0.003097,0.000031,-0.000010,0.000000,0.000000,0.000000,0.000018
2025-10-26T22:38:23.637855,89.001,-1.995219,-0.499993,0.007818,0.000003,0.003309,0.001549,0.999993,0.000016,0.006619,0.003098,0.000008,-0.000009,0.000000,0.000000,0.000000,0.000019
2025-10-26T22:38:23.738963,89.102,-1.995216,-0.499993,0.007829,0.000006,0.003307,0.001550,0.999993,0.000022,0.006614,0.003100,0.000015,-0.000011,0.000000,0.000000,0.000000,0.000019
2025-10-26T22:38:23.837359,89.201,-1.995213,-0.499993,0.007845,0.000008,0.003306,0.001551,0.999993,0.000026,0.006613,0.003102,0.000035,-0.000007,0.000000,0.000000,0.000000,0.000019
2025-10-26T22:38:23.938224,89.301,-1.995210,-0.499993,0.007820,0.000005,0.003304,0.001552,0.999993,0.000021,0.006609,0.003104,0.000009,-0.000009,0.000000,0.000000,0.000000,0.000019
2025-10-26T22:38:24.037717,89.401,-1.995207,-0.499993,0.007840,0.000007,0.003312,0.001553,0.999993,0.000024,0.006624,0.003106,0.000027,-0.000007,0.000000,0.000000,0.000000,0.000019
2025-10-26T22:38:24.137546,89.501,-1.995204,-0.499993,0.007828,0.000001,0.003309,0.001554,0.999993,0.000012,0.006618,0.003108,0.000019,-0.000007,0.000000,0.000000,0.000000,0.000018
2025-10-26T22:38:24.238406,89.601,-1.995202,-0.499993,0.007832,-0.000002,0.003312,0.001555,0.999993,0.000007,0.006624,0.003109,0.000019,-0.000009,0.000000,0.000000,0.000000,0.000019
2025-10-26T22:38:24.337760,89.701,-1.995198,-0.499993,0.007823,-0.000001,0.003309,0.001556,0.999993,0.000008,0.006618,0.003112,0.000013,-0.000009,0.000000,0.000000,0.000000,0.000018
2025-10-26T22:38:24.438213,89.801,-1.995196,-0.499993,0.007835,0.000001,0.003312,0.001557,0.999993,0.000013,0.006625,0.003113,0.000021,-0.000010,0.000000,0.000000,0.000000,0.000019
2025-10-26T22:38:24.539349,89.902,-1.995193,-0.499993,0.007840,0.000005,0.003311,0.001557,0.999993,0.000020,0.006622,0.003115,0.000033,-0.000010,0.000000,0.000000,0.000000,0.000018
2025-10-26T22:38:24.640525,90.003,-1.995190,-0.499993,0.007828,0.000001,0.003307,0.001559,0.999993,0.000013,0.006614,0.003117,0.000015,-0.000008,0.000000,0.000000,0.000000,0.000019
2025-10-26T22:38:24.738011,90.101,-1.995187,-0.499993,0.007840,0.000004,0.003307,0.001559,0.999993,0.000018,0.006613,0.003119,0.000027,-0.000011,0.000000,0.000000,0.000000,0.000018
2025-10-26T22:38:24.837744,90.201,-1.995184,-0.499993,0.007816,0.000014,0.003305,0.001561,0.999993,0.000039,0.006611,0.003121,0.000004,-0.000010,0.000000,0.000000,0.000000,0.000019
2025-10-26T22:38:24.938824,90.301,-1.995181,-0.499993,0.007822,0.000011,0.003304,0.001561,0.999993,0.000033,0.006608,0.003123,0.000010,-0.000003,0.000000,0.000000,0.000000,0.000020
2025-10-26T22:38:25.038043,90.401,-1.995179,-0.499993,0.007833,-0.000004,0.003304,0.001562,0.999993,0.000002,0.006609,0.003124,0.000020,-0.000008,0.000000,0.000000,0.000000,0.000019
2025-10-26T22:38:25.138129,90.501,-1.995175,-0.499993,0.007845,0.000012,0.003310,0.001563,0.999993,0.000035,0.006620,0.003127,0.000035,-0.000012,0.000000,0.000000,0.000000,0.000018
2025-10-26T22:38:25.237610,90.601,-1.995173,-0.499993,0.007837,0.000013,0.003306,0.001564,0.999993,0.000036,0.006611,0.003129,0.000028,-0.000005,0.000000,0.000000,0.000000,0.000019
2025-10-26T22:38:25.337763,90.701,-1.995169,-0.499993,0.007824,-0.000000,0.003304,0.001565,0.999993,0.000010,0.006607,0.003131,0.000014,-0.000008,0.000000,0.000000,0.000000,0.000019
2025-10-26T22:38:25.438135,90.801,-1.995167,-0.499993,0.007844,0.000001,0.003309,0.001566,0.999993,0.000013,0.006618,0.003132,0.000030,-0.000010,0.000000,0.000000,0.000000,0.000018
2025-10-26T22:38:25.538177,90.901,-1.995164,-0.499993,0.007823,0.000004,0.003309,0.001567,0.999993,0.000019,0.006618,0.003134,0.000014,-0.000009,0.000000,0.000000,0.000000,0.000018
2025-10-26T22:38:25.639164,91.002,-1.995161,-0.499993,0.007822,0.000007,0.003304,0.001568,0.999993,0.000024,0.006607,0.003137,0.000008,-0.000007,0.000000,0.000000,0.000000,0.000019
2025-10-26T22:38:25.737815,91.101,-1.995158,-0.499993,0.007843,0.000002,0.003305,0.001569,0.999993,0.000015,0.006610,0.003138,0.000027,-0.000008,0.000000,0.000000,0.000000,0.000019
2025-10-26T22:38:25.837999,91.201,-1.995156,-0.499993,0.007841,0.000003,0.003307,0.001570,0.999993,0.000017,0.006614,0.003140,0.000035,-0.000010,0.000000,0.000000,0.000000,0.000018
2025-10-26T22:38:25.938541,91.301,-1.995152,-0.499993,0.007822,0.000008,0.003308,0.001571,0.999993,0.000025,0.006616,0.003142,0.000012,-0.000009,0.000000,0.000000,0.000000,0.000019
2025-10-26T22:38:26.038149,91.401,-1.995150,-0.499993,0.007829,0.000007,0.003303,0.001572,0.999993,0.000024,0.006607,0.003144,0.000015,-0.000009,0.000000,0.000000,0.000000,0.000019
2025-10-26T22:38:26.139026,91.502,-1.995147,-0.499993,0.007843,0.000007,0.003305,0.001573,0.999993,0.000025,0.006609,0.003145,0.000031,-0.000008,0.000000,0.000000,0.000000,0.000019
2025-10-26T22:38:26.238424,91.601,-1.995145,-0.499993,0.007841,0.000003,0.003308,0.001573,0.999993,0.000016,0.006616,0.003147,0.000035,-0.000008,0.000000,0.000000,0.000000,0.000018
2025-10-26T22:38:26.338231,91.701,-1.995141,-0.499993,0.007822,0.000000,0.003310,0.001575,0.999993,0.000011,0.006620,0.003149,0.000012,-0.000008,0.000000,0.000000,0.000000,0.000019
2025-10-26T22:38:26.437923,91.801,-1.995139,-0.499993,0.007830,0.000003,0.003305,0.001575,0.999993,0.000016,0.006610,0.003151,0.000015,-0.000012,0.000000,0.000000,0.000000,0.000019
2025-10-26T22:38:26.538214,91.901,-1.995137,-0.499993,0.007843,0.000003,0.003304,0.001576,0.999993,0.000017,0.006607,0.003152,0.000028,-0.000009,0.000000,0.000000,0.000000,0.000019
2025-10-26T22:38:26.638025,92.001,-1.995134,-0.499993,0.007841,0.000005,0.003307,0.001577,0.999993,0.000020,0.006613,0.003154,0.000036,-0.000010,0.000000,0.000000,0.000000,0.000018
2025-10-26T22:38:26.737904,92.101,-1.995130,-0.499993,0.007828,0.000001,0.003312,0.001578,0.999993,0.000013,0.006624,0.003156,0.000017,-0.000008,0.000000,0.000000,0.000000,0.000019
2025-10-26T22:38:26.838201,92.201,-1.995129,-0.499993,0.007841,0.000001,0.003314,0.001579,0.999993,0.000012,0.006628,0.003157,0.000027,-0.000009,0.000000,0.000000,0.000000,0.000019
2025-10-26T22:38:26.940101,92.303,-1.995126,-0.499993,0.007816,0.000008,0.003305,0.001580,0.999993,0.000027,0.006609,0.003160,0.000004,-0.000010,0.000000,0.000000,0.000000,0.000019
2025-10-26T22:38:27.038294,92.401,-1.995123,-0.499993,0.007847,0.000013,0.003307,0.001581,0.999993,0.000037,0.006615,0.003161,0.000030,-0.000009,0.000000,0.000000,0.000000,0.000019
2025-10-26T22:38:27.137644,92.501,-1.995121,-0.499993,0.007842,0.000007,0.003307,0.001581,0.999993,0.000025,0.006615,0.003163,0.000036,-0.000007,0.000000,0.000000,0.000000,0.000019
2025-10-26T22:38:27.238281,92.601,-1.995118,-0.499993,0.007821,0.000004,0.003310,0.001582,0.999993,0.000019,0.006621,0.003164,0.000013,-0.000009,0.000000,0.000000,0.000000,0.000019
2025-10-26T22:38:27.338791,92.702,-1.995116,-0.499993,0.007830,0.000006,0.003307,0.001583,0.999993,0.000023,0.006614,0.003166,0.000017,-0.000009,0.000000,0.000000,0.000000,0.000019
2025-10-26T22:38:27.437893,92.801,-1.995112,-0.499993,0.007847,0.000002,0.003306,0.001584,0.999993,0.000015,0.006611,0.003168,0.000034,-0.000008,0.000000,0.000000,0.000000,0.000018
2025-10-26T22:38:27.537954,92.901,-1.995110,-0.499993,0.007824,0.000004,0.003304,0.001585,0.999993,0.000018,0.006609,0.003170,0.000014,-0.000010,0.000000,0.000000,0.000000,0.000018
2025-10-26T22:38:27.638216,93.001,-1.995107,-0.499993,0.007835,0.000008,0.003312,0.001586,0.999993,0.000027,0.006624,0.003172,0.000022,-0.000011,0.000000,0.000000,0.000000,0.000019
2025-10-26T22:38:27.738454,93.101,-1.995105,-0.499993,0.007846,0.000004,0.003312,0.001586,0.999993,0.000019,0.006624,0.003173,0.000034,-0.000007,0.000000,0.000000,0.000000,0.000019
2025-10-26T22:38:27.839094,93.202,-1.995101,-0.499993,0.007828,0.000000,0.003311,0.001588,0.999993,0.000011,0.006623,0.003175,0.000016,-0.000009,0.000000,0.000000,0.000000,0.000019
2025-10-26T22:38:27.938038,93.301,-1.995099,-0.499993,0.007845,0.000000,0.003312,0.001588,0.999993,0.000011,0.006625,0.003177,0.000035,-0.000009,0.000000,0.000000,0.000000,0.000018
2025-10-26T22:38:28.038512,93.401,-1.995096,-0.499993,0.007816,0.000002,0.003310,0.001589,0.999993,0.000015,0.006619,0.003179,0.000004,-0.000009,0.000000,0.000000,0.000000,0.000019
2025-10-26T22:38:28.138181,93.501,-1.995094,-0.499993,0.007837,0.000004,0.003312,0.001590,0.999993,0.000020,0.006623,0.003180,0.000025,-0.000008,0.000000,0.000000,0.000000,0.000019
2025-10-26T22:38:28.238474,93.601,-1.995092,-0.499993,0.007840,0.000008,0.003306,0.001591,0.999993,0.000026,0.006611,0.003182,0.000033,-0.000010,0.000000,0.000000,0.000000,0.000018
2025-10-26T22:38:28.337457,93.701,-1.995089,-0.499993,0.007820,0.000011,0.003303,0.001592,0.999993,0.000032,0.006607,0.003183,0.000007,-0.000008,0.000000,0.000000,0.000000,0.000019
2025-10-26T22:38:28.438140,93.801,-1.995087,-0.499993,0.007839,0.000005,0.003309,0.001592,0.999993,0.000020,0.006618,0.003185,0.000025,-0.000008,0.000000,0.000000,0.000000,0.000019
2025-10-26T22:38:28.538593,93.901,-1.995084,-0.499993,0.007835,0.000002,0.003309,0.001593,0.999993,0.000015,0.006617,0.003187,0.000029,-0.000008,0.000000,0.000000,0.000000,0.000018
2025-10-26T22:38:28.637885,94.001,-1.995081,-0.499993,0.007841,0.000002,0.003314,0.001594,0.999993,0.000015,0.006628,0.003189,0.000027,-0.000009,0.000000,0.000000,0.000000,0.000019
2025-10-26T22:38:28.738442,94.101,-1.995078,-0.499993,0.007842,0.000002,0.003307,0.001595,0.999993,0.000015,0.006615,0.003191,0.000029,-0.000010,0.000000,0.000000,0.000000,0.000018
2025-10-26T22:38:28.838006,94.201,-1.995076,-0.499993,0.007845,0.000004,0.003302,0.001596,0.999993,0.000019,0.006604,0.003192,0.000032,-0.000006,0.000000,0.000000,0.000000,0.000019
2025-10-26T22:38:28.938771,94.302,-1.995074,-0.499993,0.007820,-0.000001,0.003302,0.001597,0.999993,0.000009,0.006604,0.003194,0.000010,-0.000007,0.000000,0.000000,0.000000,0.000019
2025-10-26T22:38:29.038013,94.401,-1.995071,-0.499993,0.007832,0.000001,0.003311,0.001598,0.999993,0.000013,0.006623,0.003195,0.000021,-0.000010,0.000000,0.000000,0.000000,0.000019
2025-10-26T22:38:29.137973,94.501,-1.995069,-0.499993,0.007841,0.000009,0.003310,0.001598,0.999993,0.000028,0.006621,0.003197,0.000029,-0.000012,0.000000,0.000000,0.000000,0.000019
2025-10-26T22:38:29.238015,94.601,-1.995066,-0.499993,0.007840,0.000010,0.003304,0.001599,0.999993,0.000030,0.006608,0.003199,0.000032,-0.000008,0.000000,0.000000,0.000000,0.000018
2025-10-26T22:38:29.337751,94.701,-1.995064,-0.499993,0.007823,0.000005,0.003303,0.001600,0.999993,0.000021,0.006606,0.003200,0.000012,-0.000007,0.000000,0.000000,0.000000,0.000019
2025-10-26T22:38:29.438337,94.801,-1.995061,-0.499993,0.007832,0.000002,0.003310,0.001601,0.999993,0.000014,0.006619,0.003202,0.000020,-0.000009,0.000000,0.000000,0.000000,0.000019
2025-10-26T22:38:29.538821,94.901,-1.995059,-0.499993,0.007843,0.000001,0.003313,0.001602,0.999993,0.000013,0.006626,0.003203,0.000036,-0.000009,0.000000,0.000000,0.000000,0.000018
2025-10-26T22:38:29.638535,95.001,-1.995055,-0.499993,0.007827,0.000008,0.003307,0.001603,0.999993,0.000026,0.006614,0.003206,0.000013,-0.000010,0.000000,0.000000,0.000000,0.000019
2025-10-26T22:38:29.738618,95.101,-1.995053,-0.499993,0.007836,0.000007,0.003305,0.001604,0.999993,0.000024,0.006610,0.003207,0.000021,-0.000009,0.000000,0.000000,0.000000,0.000019
2025-10-26T22:38:29.838195,95.201,-1.995051,-0.499993,0.007846,0.000009,0.003305,0.001604,0.999993,0.000028,0.006610,0.003209,0.000036,-0.000011,0.000000,0.000000,0.000000,0.000018
2025-10-26T22:38:29.937930,95.301,-1.995047,-0.499993,0.007825,0.000015,0.003306,0.001606,0.999993,0.000041,0.006613,0.003211,0.000015,-0.000010,0.000000,0.000000,0.000000,0.000019
2025-10-26T22:38:30.038575,95.401,-1.995045,-0.499993,0.007845,0.000010,0.003307,0.001606,0.999993,0.000030,0.006615,0.003213,0.000031,-0.000008,0.000000,0.000000,0.000000,0.000019
2025-10-26T22:38:30.137907,95.501,-1.995042,-0.499993,0.007830,0.000009,0.003304,0.001607,0.999993,0.000028,0.006607,0.003214,0.000019,-0.000010,0.000000,0.000000,0.000000,0.000018
2025-10-26T22:38:30.240033,95.603,-1.995040,-0.499993,0.007832,0.000012,0.003308,0.001608,0.999993,0.000035,0.006615,0.003216,0.000019,-0.000011,0.000000,0.000000,0.000000,0.000019
2025-10-26T22:38:30.337921,95.701,-1.995037,-0.499993,0.007843,0.000013,0.003308,0.001609,0.999993,0.000037,0.006616,0.003218,0.000031,-0.000007,0.000000,0.000000,0.000000,0.000019
2025-10-26T22:38:30.438377,95.801,-1.995035,-0.499993,0.007822,0.000007,0.003303,0.001610,0.999993,0.000026,0.006606,0.003219,0.000011,-0.000009,0.000000,0.000000,0.000000,0.000018
2025-10-26T22:38:30.538598,95.901,-1.995032,-0.499993,0.007830,0.000006,0.003308,0.001610,0.999993,0.000022,0.006617,0.003221,0.000019,-0.000008,0.000000,0.000000,0.000000,0.000019
2025-10-26T22:38:30.638319,96.001,-1.995030,-0.499993,0.007843,0.000005,0.003308,0.001611,0.999993,0.000021,0.006616,0.003222,0.000027,-0.000009,0.000000,0.000000,0.000000,0.000019
2025-10-26T22:38:30.739221,96.102,-1.995026,-0.499993,0.007816,0.000008,0.003305,0.001612,0.999993,0.000027,0.006609,0.003225,0.000004,-0.000009,0.000000,0.000000,0.000000,0.000019
2025-10-26T22:38:30.837880,96.201,-1.995024,-0.499993,0.007843,0.000011,0.003308,0.001613,0.999993,0.000032,0.006617,0.003226,0.000029,-0.000010,0.000000,0.000000,0.000000,0.000019
2025-10-26T22:38:30.937977,96.301,-1.995022,-0.499993,0.007823,0.000014,0.003304,0.001614,0.999993,0.000039,0.006608,0.003228,0.000013,-0.000010,0.000000,0.000000,0.000000,0.000018
2025-10-26T22:38:31.038850,96.402,-1.995019,-0.499993,0.007835,0.000017,0.003308,0.001615,0.999993,0.000045,0.006615,0.003230,0.000021,-0.000011,0.000000,0.000000,0.000000,0.000019
2025-10-26T22:38:31.137726,96.501,-1.995017,-0.499993,0.007841,0.000011,0.003309,0.001616,0.999993,0.000032,0.006619,0.003231,0.000032,-0.000004,0.000000,0.000000,0.000000,0.000019
2025-10-26T22:38:31.238613,96.602,-1.995014,-0.499992,0.007837,-0.000006,0.003307,0.001616,0.999993,-0.000001,0.006614,0.003233,0.000029,-0.000005,0.000000,0.000000,0.000000,0.000018
2025-10-26T22:38:31.337952,96.701,-1.995012,-0.499992,0.007821,-0.000003,0.003308,0.001617,0.999993,0.000004,0.006615,0.003234,0.000012,-0.000012,0.000000,0.000000,0.000000,0.000019
2025-10-26T22:38:31.437797,96.801,-1.995008,-0.499993,0.007842,0.000012,0.003308,0.001618,0.999993,0.000034,0.006616,0.003237,0.000033,-0.000008,0.000000,0.000000,0.000000,0.000019
2025-10-26T22:38:31.537983,96.901,-1.995006,-0.499993,0.007834,0.000003,0.003304,0.001619,0.999993,0.000018,0.006608,0.003238,0.000026,-0.000007,0.000000,0.000000,0.000000,0.000018
2025-10-26T22:38:31.638488,97.001,-1.995004,-0.499993,0.007818,0.000003,0.003302,0.001620,0.999993,0.000016,0.006604,0.003240,0.000006,-0.000009,0.000000,0.000000,0.000000,0.000019
2025-10-26T22:38:31.738731,97.102,-1.995001,-0.499993,0.007821,0.000003,0.003304,0.001621,0.999993,0.000017,0.006609,0.003242,0.000010,-0.000010,0.000000,0.000000,0.000000,0.000019
2025-10-26T22:38:31.840050,97.203,-1.994997,-0.499993,0.007845,0.000010,0.003308,0.001622,0.999993,0.000032,0.006617,0.003244,0.000034,-0.000011,0.000000,0.000000,0.000000,0.000018
2025-10-26T22:38:31.938444,97.301,-1.994995,-0.499993,0.007825,0.000014,0.003306,0.001623,0.999993,0.000039,0.006611,0.003246,0.000015,-0.000009,0.000000,0.000000,0.000000,0.000019
2025-10-26T22:38:32.037868,97.401,-1.994993,-0.499993,0.007832,0.000009,0.003307,0.001624,0.999993,0.000028,0.006613,0.003247,0.000018,-0.000008,0.000000,0.000000,0.000000,0.000019
2025-10-26T22:38:32.138507,97.501,-1.994990,-0.499993,0.007846,0.000010,0.003307,0.001624,0.999993,0.000030,0.006614,0.003249,0.000034,-0.000010,0.000000,0.000000,0.000000,0.000018
2025-10-26T22:38:32.238889,97.602,-1.994986,-0.499993,0.007828,0.000015,0.003307,0.001626,0.999993,0.000040,0.006615,0.003251,0.000016,-0.000011,0.000000,0.000000,0.000000,0.000019
2025-10-26T22:38:32.337789,97.701,-1.994984,-0.499993,0.007838,0.000011,0.003307,0.001626,0.999993,0.000032,0.006613,0.003253,0.000024,-0.000005,0.000000,0.000000,0.000000,0.000019
2025-10-26T22:38:32.438138,97.801,-1.994982,-0.499992,0.007842,-0.000005,0.003304,0.001627,0.999993,0.000002,0.006609,0.003254,0.000027,-0.000007,0.000000,0.000000,0.000000,0.000019
2025-10-26T22:38:32.539644,97.902,-1.994979,-0.499992,0.007842,0.000002,0.003307,0.001628,0.999993,0.000015,0.006614,0.003256,0.000035,-0.000014,0.000000,0.000000,0.000000,0.000018
2025-10-26T22:38:32.637471,98.001,-1.994976,-0.499993,0.007831,0.000014,0.003305,0.001629,0.999993,0.000039,0.006610,0.003258,0.000022,-0.000006,0.000000,0.000000,0.000000,0.000019
2025-10-26T22:38:32.737978,98.101,-1.994973,-0.499993,0.007827,0.000007,0.003305,0.001630,0.999993,0.000024,0.006611,0.003260,0.000015,-0.000008,0.000000,0.000000,0.000000,0.000019
2025-10-26T22:38:32.838157,98.201,-1.994971,-0.499992,0.007843,0.000003,0.003309,0.001631,0.999993,0.000016,0.006618,0.003261,0.000028,-0.000008,0.000000,0.000000,0.000000,0.000019
2025-10-26T22:38:32.938955,98.302,-1.994968,-0.499992,0.007828,0.000002,0.003309,0.001631,0.999993,0.000015,0.006618,0.003263,0.000020,-0.000009,0.000000,0.000000,0.000000,0.000018
2025-10-26T22:38:33.038146,98.401,-1.994965,-0.499992,0.007824,0.000002,0.003306,0.001633,0.999993,0.000015,0.006612,0.003265,0.000012,-0.000010,0.000000,0.000000,0.000000,0.000019
2025-10-26T22:38:33.138419,98.501,-1.994962,-0.499992,0.007845,0.000008,0.003305,0.001633,0.999993,0.000026,0.006610,0.003267,0.000029,-0.000012,0.000000,0.000000,0.000000,0.000018
2025-10-26T22:38:33.240694,98.604,-1.994960,-0.499993,0.007840,0.000013,0.003306,0.001634,0.999993,0.000037,0.006611,0.003269,0.000033,-0.000006,0.000000,0.000000,0.000000,0.000019
2025-10-26T22:38:33.338612,98.701,-1.994957,-0.499992,0.007820,0.000001,0.003309,0.001635,0.999993,0.000013,0.006618,0.003270,0.000010,-0.000005,0.000000,0.000000,0.000000,0.000020
2025-10-26T22:38:33.437638,98.801,-1.994955,-0.499992,0.007837,-0.000003,0.003311,0.001636,0.999993,0.000005,0.006621,0.003272,0.000024,-0.000011,0.000000,0.000000,0.000000,0.000018
2025-10-26T22:38:33.538923,98.901,-1.994953,-0.499993,0.007842,0.000010,0.003308,0.001637,0.999993,0.000031,0.006617,0.003273,0.000034,-0.000012,0.000000,0.000000,0.000000,0.000018
2025-10-26T22:38:33.638616,99.001,-1.994950,-0.499992,0.007836,0.000008,0.003304,0.001637,0.999993,0.000028,0.006608,0.003275,0.000028,-0.000005,0.000000,0.000000,0.000000,0.000019
2025-10-26T22:38:33.738994,99.102,-1.994948,-0.499992,0.007819,0.000004,0.003301,0.001638,0.999993,0.000018,0.006602,0.003277,0.000005,-0.000009,0.000000,0.000000,0.000000,0.000019
2025-10-26T22:38:33.837816,99.201,-1.994945,-0.499992,0.007830,0.000009,0.003306,0.001639,0.999993,0.000029,0.006611,0.003278,0.000018,-0.000010,0.000000,0.000000,0.000000,0.000019
2025-10-26T22:38:33.938057,99.301,-1.994943,-0.499992,0.007845,0.000007,0.003309,0.001640,0.999993,0.000025,0.006617,0.003280,0.000034,-0.000009,0.000000,0.000000,0.000000,0.000019
2025-10-26T22:38:34.037951,99.401,-1.994941,-0.499992,0.007816,0.000007,0.003307,0.001641,0.999993,0.000024,0.006613,0.003281,0.000005,-0.000008,0.000000,0.000000,0.000000,0.000019
2025-10-26T22:38:34.138019,99.501,-1.994937,-0.499992,0.007844,0.000003,0.003310,0.001642,0.999993,0.000017,0.006621,0.003284,0.000029,-0.000006,0.000000,0.000000,0.000000,0.000019
2025-10-26T22:38:34.237866,99.601,-1.994934,-0.499992,0.007837,-0.000001,0.003307,0.001643,0.999993,0.000008,0.006613,0.003285,0.000029,-0.000009,0.000000,0.000000,0.000000,0.000018
2025-10-26T22:38:34.337834,99.701,-1.994932,-0.499992,0.007828,0.000001,0.003309,0.001643,0.999993,0.000012,0.006618,0.003287,0.000016,-0.000010,0.000000,0.000000,0.000000,0.000019
2025-10-26T22:38:34.437739,99.801,-1.994930,-0.499992,0.007845,0.000004,0.003310,0.001644,0.999993,0.000018,0.006621,0.003288,0.000035,-0.000010,0.000000,0.000000,0.000000,0.000018
2025-10-26T22:38:34.538020,99.901,-1.994926,-0.499992,0.007825,0.000008,0.003309,0.001645,0.999993,0.000027,0.006617,0.003291,0.000014,-0.000009,0.000000,0.000000,0.000000,0.000019
2025-10-26T22:38:34.638202,100.001,-1.994924,-0.499992,0.007840,0.000003,0.003308,0.001646,0.999993,0.000017,0.006615,0.003292,0.000026,-0.000009,0.000000,0.000000,0.000000,0.000019
2025-10-26T22:38:34.738115,100.101,-1.994921,-0.499992,0.007834,0.000005,0.003305,0.001647,0.999993,0.000021,0.006611,0.003294,0.000026,-0.000011,0.000000,0.000000,0.000000,0.000018
2025-10-26T22:38:34.838666,100.201,-1.994919,-0.499992,0.007824,0.000007,0.003303,0.001648,0.999993,0.000026,0.006606,0.003296,0.000014,-0.000009,0.000000,0.000000,0.000000,0.000018
2025-10-26T22:38:34.940608,100.304,-1.994915,-0.499992,0.007824,0.000005,0.003304,0.001649,0.999993,0.000020,0.006609,0.003298,0.000014,-0.000011,0.000000,0.000000,0.000000,0.000019
2025-10-26T22:38:35.037770,100.401,-1.994913,-0.499992,0.007845,0.000009,0.003310,0.001650,0.999993,0.000029,0.006621,0.003300,0.000035,-0.000010,0.000000,0.000000,0.000000,0.000018
2025-10-26T22:38:35.138841,100.502,-1.994910,-0.499992,0.007828,0.000006,0.003308,0.001651,0.999993,0.000024,0.006615,0.003301,0.000019,-0.000007,0.000000,0.000000,0.000000,0.000019
2025-10-26T22:38:35.237939,100.601,-1.994908,-0.499992,0.007832,0.000003,0.003311,0.001651,0.999993,0.000017,0.006622,0.003303,0.000019,-0.000009,0.000000,0.000000,0.000000,0.000019
2025-10-26T22:38:35.338477,100.702,-1.994904,-0.499992,0.007823,0.000002,0.003308,0.001653,0.999993,0.000015,0.006617,0.003305,0.000013,-0.000009,0.000000,0.000000,0.000000,0.000018
2025-10-26T22:38:35.439006,100.802,-1.994902,-0.499992,0.007835,0.000004,0.003312,0.001653,0.999993,0.000018,0.006624,0.003307,0.000021,-0.000010,0.000000,0.000000,0.000000,0.000019
2025-10-26T22:38:35.538604,100.901,-1.994899,-0.499992,0.007843,0.000004,0.003310,0.001654,0.999993,0.000019,0.006621,0.003308,0.000032,-0.000006,0.000000,0.000000,0.000000,0.000019
2025-10-26T22:38:35.638469,101.001,-1.994897,-0.499992,0.007824,-0.000001,0.003304,0.001655,0.999993,0.000010,0.006608,0.003310,0.000013,-0.000008,0.000000,0.000000,0.000000,0.000018
2025-10-26T22:38:35.738142,101.101,-1.994895,-0.499992,0.007829,0.000004,0.003307,0.001656,0.999993,0.000019,0.006614,0.003312,0.000016,-0.000012,0.000000,0.000000,0.000000,0.000019
2025-10-26T22:38:35.838939,101.202,-1.994892,-0.499992,0.007845,0.000010,0.003310,0.001657,0.999993,0.000032,0.006619,0.003313,0.000035,-0.000011,0.000000,0.000000,0.000000,0.000018
2025-10-26T22:38:35.937668,101.301,-1.994889,-0.499992,0.007819,0.000007,0.003305,0.001658,0.999993,0.000025,0.006610,0.003316,0.000008,-0.000007,0.000000,0.000000,0.000000,0.000019
2025-10-26T22:38:36.038393,101.401,-1.994886,-0.499992,0.007843,0.000008,0.003307,0.001659,0.999993,0.000026,0.006615,0.003317,0.000027,-0.000010,0.000000,0.000000,0.000000,0.000019
2025-10-26T22:38:36.138687,101.501,-1.994884,-0.499992,0.007828,0.000012,0.003305,0.001659,0.999993,0.000035,0.006610,0.003319,0.000019,-0.000010,0.000000,0.000000,0.000000,0.000018
2025-10-26T22:38:36.238570,101.601,-1.994881,-0.499992,0.007825,0.000015,0.003306,0.001660,0.999993,0.000041,0.006613,0.003320,0.000014,-0.000009,0.000000,0.000000,0.000000,0.000019
2025-10-26T22:38:36.337868,101.701,-1.994879,-0.499992,0.007825,-0.000000,0.003303,0.001661,0.999993,0.000011,0.006606,0.003322,0.000013,-0.000005,0.000000,0.000000,0.000000,0.000019
2025-10-26T22:38:36.437969,101.801,-1.994878,-0.499992,0.007834,-0.000004,0.003305,0.001661,0.999993,0.000003,0.006610,0.003323,0.000019,-0.000007,0.000000,0.000000,0.000000,0.000019
2025-10-26T22:38:36.538757,101.902,-1.994875,-0.499992,0.007844,0.000001,0.003309,0.001662,0.999993,0.000013,0.006618,0.003324,0.000031,-0.000011,0.000000,0.000000,0.000000,0.000018
2025-10-26T22:38:36.637751,102.001,-1.994873,-0.499992,0.007820,0.000011,0.003308,0.001663,0.999993,0.000032,0.006616,0.003326,0.000011,-0.000013,0.000000,0.000000,0.000000,0.000018
2025-10-26T22:38:36.737942,102.101,-1.994870,-0.499992,0.007838,0.000013,0.003313,0.001664,0.999993,0.000037,0.006626,0.003328,0.000024,-0.000009,0.000000,0.000000,0.000000,0.000019
2025-10-26T22:38:36.837911,102.201,-1.994867,-0.499992,0.007841,0.000001,0.003305,0.001665,0.999993,0.000013,0.006611,0.003330,0.000033,-0.000008,0.000000,0.000000,0.000000,0.000018
2025-10-26T22:38:36.938464,102.301,-1.994866,-0.499992,0.007823,0.000001,0.003303,0.001665,0.999993,0.000012,0.006606,0.003331,0.000011,-0.000010,0.000000,0.000000,0.000000,0.000018
2025-10-26T22:38:37.038007,102.401,-1.994862,-0.499992,0.007820,0.000008,0.003305,0.001666,0.999993,0.000026,0.006609,0.003333,0.000009,-0.000009,0.000000,0.000000,0.000000,0.000019
2025-10-26T22:38:37.138093,102.501,-1.994859,-0.499992,0.007845,0.000011,0.003311,0.001667,0.999993,0.000034,0.006621,0.003335,0.000032,-0.000010,0.000000,0.000000,0.000000,0.000019
2025-10-26T22:38:37.242966,102.606,-1.994856,-0.499992,0.007816,0.000005,0.003306,0.001668,0.999993,0.000021,0.006612,0.003337,0.000005,-0.000007,0.000000,0.000000,0.000000,0.000019
2025-10-26T22:38:37.339241,102.702,-1.994853,-0.499992,0.007841,0.000002,0.003310,0.001669,0.999993,0.000016,0.006620,0.003339,0.000026,-0.000009,0.000000,0.000000,0.000000,0.000019
2025-10-26T22:38:37.438114,102.801,-1.994851,-0.499992,0.007828,0.000002,0.003306,0.001670,0.999993,0.000015,0.006613,0.003340,0.000019,-0.000009,0.000000,0.000000,0.000000,0.000018
2025-10-26T22:38:37.537711,102.901,-1.994849,-0.499992,0.007832,0.000004,0.003308,0.001671,0.999993,0.000018,0.006617,0.003342,0.000018,-0.000010,0.000000,0.000000,0.000000,0.000019
2025-10-26T22:38:37.638683,103.001,-1.994845,-0.499992,0.007823,0.000008,0.003304,0.001672,0.999993,0.000026,0.006608,0.003344,0.000013,-0.000010,0.000000,0.000000,0.000000,0.000018
2025-10-26T22:38:37.737966,103.101,-1.994843,-0.499992,0.007835,0.000011,0.003307,0.001673,0.999993,0.000033,0.006614,0.003346,0.000021,-0.000011,0.000000,0.000000,0.000000,0.000019
2025-10-26T22:38:37.837698,103.201,-1.994840,-0.499992,0.007841,0.000014,0.003305,0.001674,0.999993,0.000039,0.006610,0.003348,0.000034,-0.000009,0.000000,0.000000,0.000000,0.000018
2025-10-26T22:38:37.937923,103.301,-1.994838,-0.499992,0.007817,0.000006,0.003306,0.001674,0.999993,0.000024,0.006611,0.003349,0.000005,-0.000005,0.000000,0.000000,0.000000,0.000019
2025-10-26T22:38:38.038202,103.401,-1.994834,-0.499992,0.007843,-0.000004,0.003311,0.001676,0.999993,0.000003,0.006621,0.003351,0.000036,-0.000007,0.000000,0.000000,0.000000,0.000018
2025-10-26T22:38:38.137852,103.501,-1.994832,-0.499992,0.007819,-0.000000,0.003309,0.001676,0.999993,0.000010,0.006619,0.003353,0.000008,-0.000011,0.000000,0.000000,0.000000,0.000019
2025-10-26T22:38:38.237678,103.601,-1.994829,-0.499992,0.007833,0.000007,0.003307,0.001677,0.999993,0.000026,0.006614,0.003355,0.000019,-0.000010,0.000000,0.000000,0.000000,0.000019
2025-10-26T22:38:38.337883,103.701,-1.994827,-0.499992,0.007846,0.000009,0.003304,0.001678,0.999993,0.000030,0.006608,0.003356,0.000031,-0.000010,0.000000,0.000000,0.000000,0.000019
2025-10-26T22:38:38.437702,103.801,-1.994823,-0.499992,0.007819,0.000006,0.003303,0.001679,0.999993,0.000022,0.006607,0.003359,0.000009,-0.000007,0.000000,0.000000,0.000000,0.000019
2025-10-26T22:38:38.539871,103.903,-1.994822,-0.499992,0.007823,0.000004,0.003307,0.001680,0.999993,0.000018,0.006614,0.003359,0.000014,-0.000009,0.000000,0.000000,0.000000,0.000019
2025-10-26T22:38:38.637841,104.001,-1.994818,-0.499992,0.007835,0.000001,0.003310,0.001681,0.999993,0.000014,0.006621,0.003362,0.000029,-0.000009,0.000000,0.000000,0.000000,0.000018
2025-10-26T22:38:38.738016,104.101,-1.994816,-0.499992,0.007817,0.000001,0.003308,0.001682,0.999993,0.000014,0.006616,0.003363,0.000004,-0.000009,0.000000,0.000000,0.000000,0.000019
2025-10-26T22:38:38.838236,104.201,-1.994814,-0.499992,0.007836,0.000003,0.003305,0.001682,0.999993,0.000017,0.006611,0.003365,0.000020,-0.000010,0.000000,0.000000,0.000000,0.000019
2025-10-26T22:38:38.937530,104.301,-1.994811,-0.499992,0.007838,0.000011,0.003302,0.001683,0.999993,0.000034,0.006605,0.003367,0.000023,-0.000010,0.000000,0.000000,0.000000,0.000019
2025-10-26T22:38:39.037938,104.401,-1.994809,-0.499992,0.007842,0.000005,0.003306,0.001684,0.999993,0.000021,0.006612,0.003368,0.000031,-0.000008,0.000000,0.000000,0.000000,0.000019
2025-10-26T22:38:39.138466,104.501,-1.994806,-0.499992,0.007823,0.000004,0.003308,0.001685,0.999993,0.000018,0.006616,0.003370,0.000015,-0.000008,0.000000,0.000000,0.000000,0.000018
2025-10-26T22:38:39.237959,104.601,-1.994804,-0.499992,0.007818,0.000002,0.003309,0.001686,0.999993,0.000016,0.006617,0.003371,0.000005,-0.000009,0.000000,0.000000,0.000000,0.000019
2025-10-26T22:38:39.338126,104.701,-1.994801,-0.499992,0.007826,0.000005,0.003304,0.001686,0.999993,0.000021,0.006607,0.003373,0.000013,-0.000012,0.000000,0.000000,0.000000,0.000019
2025-10-26T22:38:39.437782,104.801,-1.994799,-0.499992,0.007835,0.000004,0.003303,0.001687,0.999993,0.000018,0.006605,0.003374,0.000021,-0.000007,0.000000,0.000000,0.000000,0.000019
2025-10-26T22:38:39.537801,104.901,-1.994797,-0.499992,0.007843,-0.000001,0.003306,0.001688,0.999993,0.000009,0.006613,0.003376,0.000028,-0.000009,0.000000,0.000000,0.000000,0.000018
2025-10-26T22:38:39.638027,105.001,-1.994794,-0.499992,0.007842,0.000003,0.003310,0.001689,0.999993,0.000017,0.006621,0.003378,0.000034,-0.000011,0.000000,0.000000,0.000000,0.000018
2025-10-26T22:38:39.738170,105.101,-1.994792,-0.499992,0.007837,0.000008,0.003307,0.001690,0.999993,0.000027,0.006614,0.003379,0.000031,-0.000011,0.000000,0.000000,0.000000,0.000018
2025-10-26T22:38:39.837883,105.201,-1.994789,-0.499992,0.007822,0.000008,0.003302,0.001690,0.999993,0.000026,0.006604,0.003381,0.000010,-0.000009,0.000000,0.000000,0.000000,0.000019
2025-10-26T22:38:39.937941,105.301,-1.994787,-0.499992,0.007818,0.000001,0.003303,0.001691,0.999993,0.000013,0.006607,0.003382,0.000005,-0.000006,0.000000,0.000000,0.000000,0.000019
2025-10-26T22:38:40.037898,105.401,-1.994784,-0.499992,0.007833,-0.000001,0.003310,0.001692,0.999993,0.000009,0.006619,0.003384,0.000021,-0.000008,0.000000,0.000000,0.000000,0.000019
2025-10-26T22:38:40.137983,105.501,-1.994782,-0.499992,0.007838,0.000004,0.003310,0.001693,0.999993,0.000020,0.006620,0.003386,0.000034,-0.000012,0.000000,0.000000,0.000000,0.000018
2025-10-26T22:38:40.237597,105.601,-1.994780,-0.499992,0.007818,0.000012,0.003307,0.001694,0.999993,0.000036,0.006614,0.003387,0.000005,-0.000009,0.000000,0.000000,0.000000,0.000019
2025-10-26T22:38:40.338100,105.701,-1.994777,-0.499992,0.007841,0.000010,0.003307,0.001694,0.999993,0.000030,0.006615,0.003389,0.000026,-0.000009,0.000000,0.000000,0.000000,0.000019
2025-10-26T22:38:40.437423,105.801,-1.994774,-0.499992,0.007829,0.000006,0.003305,0.001696,0.999993,0.000023,0.006610,0.003391,0.000020,-0.000006,0.000000,0.000000,0.000000,0.000019
2025-10-26T22:38:40.538059,105.901,-1.994771,-0.499992,0.007832,-0.000001,0.003310,0.001696,0.999993,0.000009,0.006620,0.003393,0.000019,-0.000008,0.000000,0.000000,0.000000,0.000019
2025-10-26T22:38:40.640142,106.003,-1.994769,-0.499992,0.007842,-0.000004,0.003311,0.001697,0.999993,0.000004,0.006622,0.003394,0.000036,-0.000010,0.000000,0.000000,0.000000,0.000018
2025-10-26T22:38:40.737924,106.101,-1.994766,-0.499992,0.007820,0.000005,0.003306,0.001698,0.999993,0.000021,0.006612,0.003396,0.000008,-0.000011,0.000000,0.000000,0.000000,0.000018
2025-10-26T22:38:40.837598,106.201,-1.994764,-0.499992,0.007827,0.000009,0.003304,0.001699,0.999993,0.000030,0.006608,0.003398,0.000014,-0.000009,0.000000,0.000000,0.000000,0.000019
2025-10-26T22:38:40.938333,106.301,-1.994761,-0.499992,0.007840,0.000005,0.003308,0.001700,0.999993,0.000021,0.006615,0.003399,0.000027,-0.000006,0.000000,0.000000,0.000000,0.000019
2025-10-26T22:38:41.037805,106.401,-1.994759,-0.499992,0.007840,0.000002,0.003309,0.001700,0.999993,0.000016,0.006617,0.003401,0.000035,-0.000008,0.000000,0.000000,0.000000,0.000018
2025-10-26T22:38:41.137916,106.501,-1.994757,-0.499992,0.007823,0.000003,0.003312,0.001701,0.999993,0.000017,0.006624,0.003402,0.000014,-0.000010,0.000000,0.000000,0.000000,0.000019
2025-10-26T22:38:41.237619,106.601,-1.994754,-0.499992,0.007832,0.000002,0.003308,0.001702,0.999993,0.000016,0.006616,0.003404,0.000018,-0.000010,0.000000,0.000000,0.000000,0.000019
2025-10-26T22:38:41.337797,106.701,-1.994752,-0.499992,0.007847,0.000007,0.003306,0.001703,0.999993,0.000026,0.006611,0.003405,0.000033,-0.000011,0.000000,0.000000,0.000000,0.000018
2025-10-26T22:38:41.437807,106.801,-1.994748,-0.499992,0.007818,0.000008,0.003307,0.001704,0.999993,0.000027,0.006613,0.003408,0.000009,-0.000006,0.000000,0.000000,0.000000,0.000020
2025-10-26T22:38:41.538217,106.901,-1.994746,-0.499992,0.007845,0.000002,0.003312,0.001705,0.999993,0.000016,0.006624,0.003409,0.000032,-0.000008,0.000000,0.000000,0.000000,0.000019
2025-10-26T22:38:41.637412,107.001,-1.994743,-0.499992,0.007818,-0.000000,0.003310,0.001705,0.999993,0.000011,0.006619,0.003411,0.000009,-0.000008,0.000000,0.000000,0.000000,0.000019
2025-10-26T22:38:41.738106,107.101,-1.994741,-0.499992,0.007840,0.000002,0.003311,0.001706,0.999993,0.000016,0.006623,0.003413,0.000024,-0.000010,0.000000,0.000000,0.000000,0.000019
2025-10-26T22:38:41.838409,107.202,-1.994737,-0.499992,0.007821,0.000008,0.003304,0.001707,0.999993,0.000028,0.006608,0.003415,0.000010,-0.000010,0.000000,0.000000,0.000000,0.000018
2025-10-26T22:38:41.938981,107.302,-1.994735,-0.499992,0.007830,0.000007,0.003309,0.001708,0.999993,0.000025,0.006618,0.003417,0.000018,-0.000009,0.000000,0.000000,0.000000,0.000019
2025-10-26T22:38:42.038662,107.402,-1.994732,-0.499992,0.007844,0.000009,0.003312,0.001709,0.999993,0.000028,0.006623,0.003418,0.000036,-0.000009,0.000000,0.000000,0.000000,0.000018
2025-10-26T22:38:42.142158,107.505,-1.994729,-0.499992,0.007824,0.000006,0.003305,0.001710,0.999993,0.000023,0.006611,0.003421,0.000012,-0.000007,0.000000,0.000000,0.000000,0.000019
2025-10-26T22:38:42.238141,107.601,-1.994726,-0.499992,0.007841,0.000006,0.003305,0.001711,0.999993,0.000024,0.006610,0.003422,0.000024,-0.000011,0.000000,0.000000,0.000000,0.000019
2025-10-26T22:38:42.337508,107.701,-1.994724,-0.499992,0.007840,0.000013,0.003307,0.001712,0.999993,0.000038,0.006615,0.003424,0.000034,-0.000009,0.000000,0.000000,0.000000,0.000019
2025-10-26T22:38:42.439009,107.801,-1.994722,-0.499992,0.007837,0.000000,0.003307,0.001713,0.999993,0.000012,0.006613,0.003425,0.000031,-0.000005,0.000000,0.000000,0.000000,0.000019
2025-10-26T22:38:42.538399,107.901,-1.994718,-0.499992,0.007817,0.000005,0.003305,0.001714,0.999993,0.000021,0.006609,0.003428,0.000004,-0.000012,0.000000,0.000000,0.000000,0.000019
2025-10-26T22:38:42.638036,108.001,-1.994716,-0.499992,0.007828,0.000009,0.003304,0.001715,0.999993,0.000030,0.006609,0.003429,0.000015,-0.000010,0.000000,0.000000,0.000000,0.000019
2025-10-26T22:38:42.737760,108.101,-1.994713,-0.499992,0.007846,0.000009,0.003308,0.001715,0.999993,0.000029,0.006616,0.003431,0.000032,-0.000008,0.000000,0.000000,0.000000,0.000019
2025-10-26T22:38:42.837805,108.201,-1.994709,-0.499992,0.007823,0.000009,0.003311,0.001717,0.999993,0.000029,0.006621,0.003433,0.000013,-0.000010,0.000000,0.000000,0.000000,0.000019
2025-10-26T22:38:42.938525,108.302,-1.994707,-0.499992,0.007841,0.000002,0.003310,0.001717,0.999993,0.000015,0.006620,0.003435,0.000026,-0.000007,0.000000,0.000000,0.000000,0.000019
2025-10-26T22:38:43.039114,108.401,-1.994705,-0.499992,0.007841,-0.000000,0.003307,0.001718,0.999993,0.000011,0.006613,0.003436,0.000034,-0.000009,0.000000,0.000000,0.000000,0.000018
2025-10-26T22:38:43.138363,108.501,-1.994702,-0.499992,0.007817,0.000006,0.003307,0.001719,0.999993,0.000023,0.006613,0.003438,0.000005,-0.000010,0.000000,0.000000,0.000000,0.000019
2025-10-26T22:38:43.238370,108.601,-1.994699,-0.499992,0.007845,0.000007,0.003310,0.001720,0.999993,0.000025,0.006621,0.003441,0.000031,-0.000008,0.000000,0.000000,0.000000,0.000019
2025-10-26T22:38:43.338549,108.701,-1.994696,-0.499992,0.007818,0.000004,0.003306,0.001721,0.999993,0.000020,0.006611,0.003442,0.000008,-0.000008,0.000000,0.000000,0.000000,0.000019
2025-10-26T22:38:43.438538,108.801,-1.994694,-0.499992,0.007839,0.000004,0.003309,0.001722,0.999993,0.000019,0.006618,0.003444,0.000024,-0.000009,0.000000,0.000000,0.000000,0.000019
2025-10-26T22:38:43.538122,108.901,-1.994690,-0.499992,0.007816,0.000006,0.003304,0.001723,0.999993,0.000024,0.006607,0.003446,0.000004,-0.000009,0.000000,0.000000,0.000000,0.000019
2025-10-26T22:38:43.637597,109.001,-1.994688,-0.499992,0.007841,0.000009,0.003307,0.001724,0.999993,0.000029,0.006613,0.003448,0.000026,-0.000010,0.000000,0.000000,0.000000,0.000019
2025-10-26T22:38:43.738586,109.101,-1.994685,-0.499992,0.007840,0.000011,0.003306,0.001725,0.999993,0.000033,0.006613,0.003449,0.000034,-0.000008,0.000000,0.000000,0.000000,0.000019
2025-10-26T22:38:43.839709,109.203,-1.994682,-0.499992,0.007839,0.000010,0.003310,0.001726,0.999993,0.000031,0.006620,0.003452,0.000024,-0.000010,0.000000,0.000000,0.000000,0.000019
2025-10-26T22:38:43.937886,109.301,-1.994679,-0.499992,0.007845,0.000006,0.003308,0.001727,0.999993,0.000023,0.006617,0.003453,0.000034,-0.000006,0.000000,0.000000,0.000000,0.000019
2025-10-26T22:38:44.037752,109.401,-1.994677,-0.499991,0.007819,0.000002,0.003304,0.001727,0.999993,0.000015,0.006608,0.003455,0.000008,-0.000008,0.000000,0.000000,0.000000,0.000019
2025-10-26T22:38:44.140732,109.504,-1.994673,-0.499992,0.007841,0.000006,0.003309,0.001729,0.999993,0.000024,0.006617,0.003457,0.000026,-0.000010,0.000000,0.000000,0.000000,0.000019
2025-10-26T22:38:44.237929,109.601,-1.994671,-0.499992,0.007842,0.000008,0.003308,0.001729,0.999993,0.000028,0.006616,0.003459,0.000032,-0.000008,0.000000,0.000000,0.000000,0.000019
2025-10-26T22:38:44.338210,109.701,-1.994668,-0.499991,0.007827,0.000003,0.003305,0.001730,0.999993,0.000017,0.006610,0.003460,0.000017,-0.000009,0.000000,0.000000,0.000000,0.000018
2025-10-26T22:38:44.438622,109.801,-1.994666,-0.499991,0.007828,0.000004,0.003308,0.001731,0.999993,0.000019,0.006617,0.003462,0.000016,-0.000010,0.000000,0.000000,0.000000,0.000019
2025-10-26T22:38:44.538607,109.901,-1.994663,-0.499991,0.007845,0.000006,0.003311,0.001732,0.999993,0.000024,0.006622,0.003464,0.000035,-0.000010,0.000000,0.000000,0.000000,0.000018
2025-10-26T22:38:44.638040,110.001,-1.994661,-0.499991,0.007823,0.000002,0.003306,0.001733,0.999993,0.000015,0.006613,0.003465,0.000013,-0.000006,0.000000,0.000000,0.000000,0.000019
2025-10-26T22:38:44.738191,110.101,-1.994659,-0.499991,0.007829,0.000000,0.003308,0.001733,0.999993,0.000012,0.006616,0.003467,0.000016,-0.000010,0.000000,0.000000,0.000000,0.000019
2025-10-26T22:38:44.837841,110.201,-1.994655,-0.499991,0.007828,0.000004,0.003308,0.001735,0.999993,0.000020,0.006616,0.003469,0.000019,-0.000010,0.000000,0.000000,0.000000,0.000018
2025-10-26T22:38:44.938637,110.301,-1.994653,-0.499991,0.007825,0.000007,0.003309,0.001735,0.999993,0.000025,0.006618,0.003471,0.000014,-0.000009,0.000000,0.000000,0.000000,0.000019
2025-10-26T22:38:45.038260,110.401,-1.994650,-0.499991,0.007845,0.000001,0.003308,0.001736,0.999993,0.000013,0.006617,0.003472,0.000031,-0.000007,0.000000,0.000000,0.000000,0.000019
2025-10-26T22:38:45.138085,110.501,-1.994648,-0.499991,0.007828,0.000002,0.003305,0.001737,0.999993,0.000016,0.006609,0.003474,0.000019,-0.000009,0.000000,0.000000,0.000000,0.000018
2025-10-26T22:38:45.237996,110.601,-1.994645,-0.499991,0.007819,0.000006,0.003304,0.001738,0.999993,0.000023,0.006607,0.003476,0.000007,-0.000009,0.000000,0.000000,0.000000,0.000019
2025-10-26T22:38:45.337579,110.701,-1.994642,-0.499991,0.007832,0.000003,0.003306,0.001739,0.999993,0.000017,0.006612,0.003478,0.000019,-0.000009,0.000000,0.000000,0.000000,0.000019
2025-10-26T22:38:45.438986,110.802,-1.994639,-0.499991,0.007846,0.000008,0.003310,0.001740,0.999993,0.000027,0.006621,0.003479,0.000035,-0.000010,0.000000,0.000000,0.000000,0.000018
2025-10-26T22:38:45.539893,110.903,-1.994638,-0.499991,0.007842,0.000008,0.003310,0.001740,0.999993,0.000028,0.006620,0.003480,0.000034,-0.000007,0.000000,0.000000,0.000000,0.000019
2025-10-26T22:38:45.638632,111.001,-1.994636,-0.499991,0.007816,0.000003,0.003308,0.001741,0.999993,0.000018,0.006617,0.003482,0.000004,-0.000007,0.000000,0.000000,0.000000,0.000019
2025-10-26T22:38:45.738061,111.101,-1.994633,-0.499991,0.007843,0.000001,0.003313,0.001742,0.999993,0.000014,0.006626,0.003483,0.000029,-0.000009,0.000000,0.000000,0.000000,0.000019
2025-10-26T22:38:45.837644,111.201,-1.994631,-0.499991,0.007823,0.000002,0.003310,0.001742,0.999993,0.000015,0.006619,0.003485,0.000013,-0.000009,0.000000,0.000000,0.000000,0.000018
2025-10-26T22:38:45.937863,111.301,-1.994627,-0.499991,0.007839,0.000004,0.003309,0.001744,0.999993,0.000019,0.006618,0.003487,0.000023,-0.000010,0.000000,0.000000,0.000000,0.000019
2025-10-26T22:38:46.038551,111.401,-1.994625,-0.499991,0.007845,0.000009,0.003306,0.001744,0.999993,0.000029,0.006611,0.003489,0.000035,-0.000011,0.000000,0.000000,0.000000,0.000018
2025-10-26T22:38:46.138812,111.502,-1.994622,-0.499992,0.007826,0.000016,0.003307,0.001745,0.999993,0.000043,0.006613,0.003491,0.000015,-0.000011,0.000000,0.000000,0.000000,0.000019
2025-10-26T22:38:46.237960,111.601,-1.994620,-0.499991,0.007835,0.000008,0.003309,0.001746,0.999993,0.000028,0.006618,0.003492,0.000023,-0.000006,0.000000,0.000000,0.000000,0.000019
2025-10-26T22:38:46.338377,111.701,-1.994617,-0.499991,0.007846,-0.000003,0.003310,0.001747,0.999993,0.000006,0.006619,0.003494,0.000034,-0.000006,0.000000,0.000000,0.000000,0.000018
2025-10-26T22:38:46.437465,111.801,-1.994615,-0.499991,0.007816,-0.000003,0.003308,0.001748,0.999993,0.000006,0.006617,0.003495,0.000005,-0.000010,0.000000,0.000000,0.000000,0.000019
2025-10-26T22:38:46.538141,111.901,-1.994613,-0.499991,0.007835,0.000004,0.003312,0.001748,0.999993,0.000020,0.006624,0.003497,0.000023,-0.000010,0.000000,0.000000,0.000000,0.000019
2025-10-26T22:38:46.638485,112.002,-1.994610,-0.499991,0.007845,0.000005,0.003307,0.001749,0.999993,0.000021,0.006613,0.003499,0.000030,-0.000008,0.000000,0.000000,0.000000,0.000019
2025-10-26T22:38:46.737942,112.101,-1.994607,-0.499991,0.007818,0.000012,0.003303,0.001750,0.999993,0.000036,0.006605,0.003501,0.000006,-0.000009,0.000000,0.000000,0.000000,0.000019
2025-10-26T22:38:46.838345,112.201,-1.994604,-0.499991,0.007832,0.000005,0.003308,0.001751,0.999993,0.000022,0.006617,0.003503,0.000019,-0.000007,0.000000,0.000000,0.000000,0.000019
2025-10-26T22:38:46.939441,112.303,-1.994601,-0.499991,0.007823,-0.000001,0.003309,0.001752,0.999993,0.000010,0.006619,0.003505,0.000014,-0.000008,0.000000,0.000000,0.000000,0.000018
2025-10-26T22:38:47.038462,112.401,-1.994598,-0.499991,0.007841,0.000004,0.003314,0.001753,0.999993,0.000019,0.006628,0.003506,0.000026,-0.000011,0.000000,0.000000,0.000000,0.000019
2025-10-26T22:38:47.138496,112.502,-1.994597,-0.499991,0.007841,0.000005,0.003311,0.001754,0.999993,0.000022,0.006621,0.003507,0.000028,-0.000011,0.000000,0.000000,0.000000,0.000019
2025-10-26T22:38:47.239369,112.602,-1.994593,-0.499991,0.007837,0.000006,0.003302,0.001755,0.999993,0.000024,0.006604,0.003510,0.000029,-0.000008,0.000000,0.000000,0.000000,0.000019
2025-10-26T22:38:47.338979,112.702,-1.994591,-0.499991,0.007831,0.000004,0.003303,0.001756,0.999993,0.000020,0.006606,0.003511,0.000022,-0.000008,0.000000,0.000000,0.000000,0.000018
2025-10-26T22:38:47.439203,112.802,-1.994588,-0.499991,0.007826,0.000005,0.003308,0.001756,0.999993,0.000021,0.006617,0.003513,0.000016,-0.000010,0.000000,0.000000,0.000000,0.000019
2025-10-26T22:38:47.537788,112.901,-1.994586,-0.499991,0.007843,0.000009,0.003313,0.001757,0.999993,0.000029,0.006626,0.003515,0.000035,-0.000010,0.000000,0.000000,0.000000,0.000018
2025-10-26T22:38:47.637459,113.001,-1.994584,-0.499991,0.007823,0.000005,0.003307,0.001758,0.999993,0.000022,0.006613,0.003516,0.000012,-0.000007,0.000000,0.000000,0.000000,0.000019
2025-10-26T22:38:47.737991,113.101,-1.994581,-0.499991,0.007828,0.000002,0.003307,0.001759,0.999993,0.000016,0.006613,0.003518,0.000016,-0.000010,0.000000,0.000000,0.000000,0.000019
2025-10-26T22:38:47.843138,113.206,-1.994578,-0.499991,0.007828,0.000007,0.003304,0.001760,0.999993,0.000026,0.006609,0.003520,0.000019,-0.000010,0.000000,0.000000,0.000000,0.000018
2025-10-26T22:38:47.937906,113.301,-1.994575,-0.499991,0.007832,0.000011,0.003307,0.001761,0.999993,0.000033,0.006613,0.003522,0.000018,-0.000011,0.000000,0.000000,0.000000,0.000019
2025-10-26T22:38:48.038066,113.401,-1.994573,-0.499991,0.007846,0.000014,0.003306,0.001762,0.999993,0.000040,0.006612,0.003523,0.000037,-0.000009,0.000000,0.000000,0.000000,0.000018
2025-10-26T22:38:48.137529,113.501,-1.994570,-0.499991,0.007816,0.000006,0.003306,0.001762,0.999993,0.000024,0.006613,0.003525,0.000005,-0.000005,0.000000,0.000000,0.000000,0.000019
2025-10-26T22:38:48.238043,113.601,-1.994568,-0.499991,0.007841,-0.000001,0.003313,0.001763,0.999993,0.000009,0.006625,0.003526,0.000027,-0.000007,0.000000,0.000000,0.000000,0.000019
2025-10-26T22:38:48.339011,113.702,-1.994565,-0.499991,0.007821,-0.000000,0.003310,0.001764,0.999993,0.000011,0.006620,0.003528,0.000011,-0.000011,0.000000,0.000000,0.000000,0.000018
2025-10-26T22:38:48.437762,113.801,-1.994563,-0.499991,0.007817,0.000006,0.003304,0.001765,0.999993,0.000025,0.006609,0.003530,0.000003,-0.000011,0.000000,0.000000,0.000000,0.000019
2025-10-26T22:38:48.539272,113.902,-1.994561,-0.499991,0.007832,0.000007,0.003305,0.001766,0.999993,0.000027,0.006609,0.003531,0.000018,-0.000007,0.000000,0.000000,0.000000,0.000019
2025-10-26T22:38:48.638351,114.001,-1.994558,-0.499991,0.007842,0.000002,0.003307,0.001766,0.999993,0.000016,0.006615,0.003533,0.000030,-0.000008,0.000000,0.000000,0.000000,0.000019
2025-10-26T22:38:48.738694,114.101,-1.994556,-0.499991,0.007823,0.000001,0.003307,0.001767,0.999993,0.000013,0.006614,0.003534,0.000014,-0.000008,0.000000,0.000000,0.000000,0.000018
2025-10-26T22:38:48.840051,114.203,-1.994553,-0.499991,0.007835,0.000001,0.003314,0.001768,0.999993,0.000014,0.006628,0.003536,0.000022,-0.000010,0.000000,0.000000,0.000000,0.000019
2025-10-26T22:38:48.938058,114.301,-1.994551,-0.499991,0.007840,0.000001,0.003309,0.001769,0.999993,0.000014,0.006618,0.003538,0.000025,-0.000010,0.000000,0.000000,0.000000,0.000019
2025-10-26T22:38:49.038217,114.401,-1.994549,-0.499991,0.007841,0.000006,0.003304,0.001770,0.999993,0.000024,0.006609,0.003539,0.000033,-0.000011,0.000000,0.000000,0.000000,0.000018
2025-10-26T22:38:49.137809,114.501,-1.994546,-0.499991,0.007830,0.000013,0.003306,0.001770,0.999993,0.000038,0.006612,0.003541,0.000017,-0.000010,0.000000,0.000000,0.000000,0.000019
2025-10-26T22:38:49.237951,114.601,-1.994544,-0.499991,0.007844,0.000007,0.003309,0.001771,0.999993,0.000025,0.006617,0.003542,0.000030,-0.000007,0.000000,0.000000,0.000000,0.000019
2025-10-26T22:38:49.338496,114.701,-1.994541,-0.499991,0.007823,0.000002,0.003307,0.001772,0.999993,0.000015,0.006613,0.003544,0.000014,-0.000007,0.000000,0.000000,0.000000,0.000018
2025-10-26T22:38:49.438231,114.801,-1.994539,-0.499991,0.007835,-0.000000,0.003312,0.001773,0.999993,0.000012,0.006623,0.003545,0.000022,-0.000009,0.000000,0.000000,0.000000,0.000019
2025-10-26T22:38:49.537661,114.901,-1.994536,-0.499991,0.007840,0.000000,0.003312,0.001773,0.999993,0.000012,0.006623,0.003547,0.000034,-0.000009,0.000000,0.000000,0.000000,0.000018
2025-10-26T22:38:49.638003,115.001,-1.994534,-0.499991,0.007817,0.000001,0.003307,0.001774,0.999993,0.000014,0.006614,0.003549,0.000004,-0.000009,0.000000,0.000000,0.000000,0.000019
2025-10-26T22:38:49.739871,115.103,-1.994530,-0.499991,0.007839,0.000011,0.003305,0.001776,0.999993,0.000033,0.006609,0.003551,0.000023,-0.000012,0.000000,0.000000,0.000000,0.000019
2025-10-26T22:38:49.838464,115.201,-1.994528,-0.499991,0.007846,0.000010,0.003307,0.001776,0.999993,0.000031,0.006614,0.003553,0.000034,-0.000008,0.000000,0.000000,0.000000,0.000019
2025-10-26T22:38:49.938463,115.301,-1.994526,-0.499991,0.007816,0.000008,0.003306,0.001777,0.999993,0.000027,0.006613,0.003554,0.000005,-0.000008,0.000000,0.000000,0.000000,0.000019
2025-10-26T22:38:50.040053,115.403,-1.994523,-0.499991,0.007831,0.000004,0.003310,0.001778,0.999993,0.000021,0.006620,0.003556,0.000018,-0.000006,0.000000,0.000000,0.000000,0.000019
2025-10-26T22:38:50.138379,115.501,-1.994521,-0.499991,0.007842,-0.000003,0.003310,0.001779,0.999993,0.000006,0.006619,0.003557,0.000033,-0.000009,0.000000,0.000000,0.000000,0.000018
2025-10-26T22:38:50.237787,115.601,-1.994518,-0.499991,0.007816,0.000004,0.003307,0.001779,0.999993,0.000019,0.006614,0.003559,0.000005,-0.000012,0.000000,0.000000,0.000000,0.000019
2025-10-26T22:38:50.338263,115.701,-1.994516,-0.499991,0.007832,0.000009,0.003309,0.001780,0.999993,0.000029,0.006617,0.003561,0.000018,-0.000010,0.000000,0.000000,0.000000,0.000019
2025-10-26T22:38:50.439548,115.802,-1.994514,-0.499991,0.007843,0.000009,0.003307,0.001781,0.999993,0.000030,0.006613,0.003562,0.000035,-0.000009,0.000000,0.000000,0.000000,0.000018
2025-10-26T22:38:50.538169,115.901,-1.994511,-0.499991,0.007819,0.000011,0.003303,0.001782,0.999993,0.000034,0.006606,0.003564,0.000008,-0.000009,0.000000,0.000000,0.000000,0.000019
2025-10-26T22:38:50.638750,116.002,-1.994509,-0.499991,0.007835,0.000004,0.003307,0.001783,0.999993,0.000020,0.006614,0.003565,0.000022,-0.000007,0.000000,0.000000,0.000000,0.000019
2025-10-26T22:38:50.737914,116.101,-1.994506,-0.499991,0.007840,-0.000000,0.003310,0.001783,0.999993,0.000011,0.006619,0.003567,0.000035,-0.000008,0.000000,0.000000,0.000000,0.000018
2025-10-26T22:38:50.838651,116.202,-1.994502,-0.499991,0.007843,0.000003,0.003315,0.001785,0.999993,0.000019,0.006630,0.003569,0.000029,-0.000011,0.000000,0.000000,0.000000,0.000019
2025-10-26T22:38:50.938193,116.301,-1.994500,-0.499991,0.007845,0.000007,0.003307,0.001785,0.999993,0.000026,0.006615,0.003571,0.000034,-0.000009,0.000000,0.000000,0.000000,0.000019
2025-10-26T22:38:51.038519,116.401,-1.994498,-0.499991,0.007828,0.000005,0.003301,0.001786,0.999993,0.000022,0.006603,0.003573,0.000016,-0.000008,0.000000,0.000000,0.000000,0.000018
2025-10-26T22:38:51.137872,116.501,-1.994495,-0.499991,0.007820,-0.000001,0.003302,0.001787,0.999993,0.000010,0.006605,0.003574,0.000007,-0.000009,0.000000,0.000000,0.000000,0.000019
2025-10-26T22:38:51.237790,116.601,-1.994492,-0.499991,0.007845,0.000003,0.003311,0.001788,0.999993,0.000018,0.006622,0.003577,0.000036,-0.000010,0.000000,0.000000,0.000000,0.000018
2025-10-26T22:38:51.338008,116.701,-1.994489,-0.499991,0.007824,0.000006,0.003309,0.001789,0.999993,0.000024,0.006617,0.003578,0.000013,-0.000010,0.000000,0.000000,0.000000,0.000018
2025-10-26T22:38:51.437607,116.801,-1.994487,-0.499991,0.007819,0.000005,0.003302,0.001790,0.999993,0.000022,0.006605,0.003580,0.000006,-0.000008,0.000000,0.000000,0.000000,0.000019
2025-10-26T22:38:51.538297,116.901,-1.994484,-0.499991,0.007835,0.000006,0.003304,0.001791,0.999993,0.000023,0.006608,0.003581,0.000020,-0.000010,0.000000,0.000000,0.000000,0.000019
2025-10-26T22:38:51.639373,117.002,-1.993811,-0.499988,0.007844,-0.000001,0.003301,0.001791,0.999993,0.000011,0.006603,0.003582,0.010031,-0.000011,0.000000,0.000000,0.000000,0.000007
2025-10-26T22:38:51.738957,117.101,-1.992964,-0.499986,0.007841,0.000010,0.003301,0.001791,0.999993,0.000032,0.006602,0.003583,0.015026,-0.000010,0.000000,0.000000,0.000000,0.000002
2025-10-26T22:38:51.838163,117.201,-1.991777,-0.499981,0.007832,0.000007,0.003301,0.001792,0.999993,0.000025,0.006603,0.003584,0.019989,-0.000005,0.000000,0.000000,0.000000,0.000003
2025-10-26T22:38:51.938518,117.302,-1.989399,-0.499973,0.007821,0.000001,0.003299,0.001792,0.999993,0.000013,0.006599,0.003585,0.024998,-0.000011,0.000000,0.000000,0.000000,0.000013
2025-10-26T22:38:52.038493,117.401,-1.987531,-0.499966,0.007821,0.000010,0.003299,0.001793,0.999993,0.000032,0.006598,0.003586,0.029960,-0.000009,0.000000,0.000000,0.000000,0.000004
2025-10-26T22:38:52.139025,117.502,-1.985489,-0.499959,0.007831,0.000004,0.003305,0.001793,0.999993,0.000020,0.006610,0.003587,0.030019,-0.000008,0.000000,0.000000,0.000000,0.000019
2025-10-26T22:38:52.238420,117.601,-1.983446,-0.499951,0.007844,-0.000002,0.003311,0.001794,0.999993,0.000009,0.006622,0.003588,0.030031,-0.000008,0.000000,0.000000,0.000000,0.000019
2025-10-26T22:38:52.338800,117.702,-1.980218,-0.499940,0.007821,0.000003,0.003310,0.001795,0.999993,0.000018,0.006619,0.003590,0.035011,-0.000010,0.000000,0.000000,0.000000,0.000004
2025-10-26T22:38:52.439265,117.802,-1.977671,-0.499931,0.007839,0.000008,0.003300,0.001795,0.999993,0.000027,0.006600,0.003591,0.040022,-0.000009,0.000000,0.000000,0.000000,0.000005
2025-10-26T22:38:52.538757,117.901,-1.974949,-0.499921,0.007842,0.000000,0.003297,0.001796,0.999993,0.000012,0.006594,0.003592,0.040028,-0.000008,0.000000,0.000000,0.000000,0.000018
2025-10-26T22:38:52.637975,118.001,-1.972226,-0.499911,0.007826,0.000004,0.003306,0.001797,0.999993,0.000020,0.006611,0.003594,0.040020,-0.000012,0.000000,0.000000,0.000000,0.000018
2025-10-26T22:38:52.737965,118.101,-1.967473,-0.499894,0.007839,0.000014,0.003308,0.001797,0.999993,0.000040,0.006617,0.003595,0.050027,-0.000010,0.000000,0.000000,0.000000,0.000004
2025-10-26T22:38:52.837760,118.201,-1.964070,-0.499882,0.007848,0.000005,0.003303,0.001798,0.999993,0.000021,0.006607,0.003596,0.050033,-0.000005,0.000000,0.000000,0.000000,0.000018
2025-10-26T22:38:52.939016,118.302,-1.960668,-0.499869,0.007835,-0.000003,0.003305,0.001799,0.999993,0.000006,0.006609,0.003597,0.050029,-0.000010,0.000000,0.000000,0.000000,0.000018
2025-10-26T22:38:53.037900,118.401,-1.955564,-0.499851,0.007834,0.000008,0.003312,0.001800,0.999993,0.000028,0.006624,0.003600,0.050022,-0.000013,0.000000,0.000000,0.000000,0.000019
2025-10-26T22:38:53.138171,118.501,-1.951827,-0.499838,0.007850,0.000010,0.003305,0.001800,0.999993,0.000031,0.006609,0.003601,0.055035,-0.000008,0.000000,0.000000,0.000000,0.000016
2025-10-26T22:38:53.237680,118.601,-1.947750,-0.499823,0.007839,0.000001,0.003299,0.001801,0.999993,0.000013,0.006597,0.003601,0.060027,-0.000003,0.000000,0.000000,0.000000,0.000015
2025-10-26T22:38:53.340113,118.703,-1.941626,-0.499801,0.007829,-0.000003,0.003308,0.001802,0.999993,0.000006,0.006616,0.003603,0.060019,-0.000015,0.000000,0.000000,0.000000,0.000018
2025-10-26T22:38:53.438420,118.801,-1.937209,-0.499786,0.007838,0.000018,0.003310,0.001802,0.999993,0.000048,0.006620,0.003604,0.065032,-0.000010,0.000000,0.000000,0.000000,0.000014
2025-10-26T22:38:53.538386,118.901,-1.932622,-0.499769,0.007838,0.000004,0.003301,0.001802,0.999993,0.000020,0.006602,0.003605,0.070011,-0.000000,0.000000,0.000000,0.000000,0.000005
2025-10-26T22:38:53.638023,119.001,-1.927860,-0.499751,0.007830,-0.000014,0.003296,0.001803,0.999993,-0.000016,0.006592,0.003606,0.070017,-0.000007,0.000000,0.000000,0.000000,0.000017
2025-10-26T22:38:53.740314,119.103,-1.920716,-0.499726,0.007817,0.000007,0.003306,0.001804,0.999993,0.000027,0.006612,0.003609,0.070007,-0.000016,0.000000,0.000000,0.000000,0.000018
2025-10-26T22:38:53.839314,119.202,-1.915954,-0.499709,0.007822,0.000015,0.003306,0.001805,0.999993,0.000041,0.006612,0.003610,0.070010,-0.000006,0.000000,0.000000,0.000000,0.000020
2025-10-26T22:38:53.937464,119.301,-1.911191,-0.499691,0.007819,-0.000007,0.003302,0.001806,0.999993,-0.000002,0.006604,0.003612,0.070005,-0.000006,0.000000,0.000000,0.000000,0.000019
2025-10-26T22:38:54.039049,119.402,-1.906429,-0.499674,0.007826,-0.000000,0.003305,0.001807,0.999993,0.000012,0.006611,0.003613,0.070015,-0.000014,0.000000,0.000000,0.000000,0.000018
2025-10-26T22:38:54.137797,119.501,-1.901667,-0.499657,0.007832,0.000010,0.003307,0.001807,0.999993,0.000031,0.006613,0.003615,0.070019,-0.000010,0.000000,0.000000,0.000000,0.000019
2025-10-26T22:38:54.237952,119.601,-1.894523,-0.499632,0.007823,0.000012,0.003305,0.001809,0.999993,0.000036,0.006609,0.003618,0.070013,-0.000010,0.000000,0.000000,0.000000,0.000019
2025-10-26T22:38:54.340151,119.703,-1.889761,-0.499614,0.007835,0.000014,0.003309,0.001810,0.999993,0.000041,0.006617,0.003619,0.070021,-0.000011,0.000000,0.000000,0.000000,0.000019
2025-10-26T22:38:54.439058,119.801,-1.884998,-0.499597,0.007842,0.000011,0.003307,0.001810,0.999993,0.000033,0.006613,0.003621,0.070029,-0.000005,0.000000,0.000000,0.000000,0.000019
2025-10-26T22:38:54.538914,119.902,-1.880236,-0.499580,0.007837,0.000001,0.003305,0.001811,0.999993,0.000014,0.006609,0.003622,0.070029,-0.000008,0.000000,0.000000,0.000000,0.000018
2025-10-26T22:38:54.637694,120.001,-1.873092,-0.499554,0.007824,0.000003,0.003308,0.001812,0.999993,0.000018,0.006615,0.003625,0.070014,-0.000011,0.000000,0.000000,0.000000,0.000019
2025-10-26T22:38:54.738203,120.101,-1.868330,-0.499537,0.007835,0.000003,0.003308,0.001813,0.999993,0.000018,0.006616,0.003626,0.070022,-0.000009,0.000000,0.000000,0.000000,0.000019
2025-10-26T22:38:54.838099,120.201,-1.861186,-0.499511,0.007837,-0.000001,0.003305,0.001814,0.999993,0.000010,0.006609,0.003629,0.070031,-0.000009,0.000000,0.000000,0.000000,0.000018
2025-10-26T22:38:54.938516,120.301,-1.856424,-0.499494,0.007817,0.000004,0.003304,0.001815,0.999993,0.000020,0.006609,0.003630,0.070006,-0.000010,0.000000,0.000000,0.000000,0.000019
2025-10-26T22:38:55.039163,120.402,-1.851661,-0.499476,0.007841,0.000009,0.003312,0.001816,0.999993,0.000030,0.006623,0.003632,0.070027,-0.000011,0.000000,0.000000,0.000000,0.000019
2025-10-26T22:38:55.138046,120.501,-1.846899,-0.499459,0.007843,0.000006,0.003310,0.001817,0.999993,0.000024,0.006620,0.003633,0.070035,-0.000008,0.000000,0.000000,0.000000,0.000019
2025-10-26T22:38:55.238370,120.601,-1.842137,-0.499442,0.007819,0.000003,0.003308,0.001817,0.999993,0.000018,0.006616,0.003635,0.070008,-0.000008,0.000000,0.000000,0.000000,0.000019
2025-10-26T22:38:55.338854,120.701,-1.837374,-0.499424,0.007845,0.000002,0.003311,0.001818,0.999993,0.000016,0.006621,0.003637,0.070031,-0.000009,0.000000,0.000000,0.000000,0.000019
2025-10-26T22:38:55.439231,120.802,-1.830231,-0.499398,0.007823,0.000004,0.003308,0.001819,0.999993,0.000020,0.006616,0.003639,0.070013,-0.000011,0.000000,0.000000,0.000000,0.000019
2025-10-26T22:38:55.538538,120.902,-1.825468,-0.499381,0.007845,0.000007,0.003309,0.001820,0.999993,0.000025,0.006618,0.003641,0.070033,-0.000010,0.000000,0.000000,0.000000,0.000018
2025-10-26T22:38:55.637918,121.001,-1.820706,-0.499364,0.007816,0.000010,0.003305,0.001821,0.999993,0.000032,0.006609,0.003642,0.070004,-0.000010,0.000000,0.000000,0.000000,0.000019
2025-10-26T22:38:55.738183,121.101,-1.815944,-0.499347,0.007841,0.000013,0.003308,0.001822,0.999993,0.000038,0.006616,0.003644,0.070026,-0.000011,0.000000,0.000000,0.000000,0.000019
2025-10-26T22:38:55.840339,121.203,-1.811181,-0.499329,0.007824,0.000015,0.003306,0.001823,0.999993,0.000042,0.006611,0.003645,0.070015,-0.000009,0.000000,0.000000,0.000000,0.000019
2025-10-26T22:38:55.937863,121.301,-1.806419,-0.499312,0.007824,0.000005,0.003308,0.001823,0.999993,0.000022,0.006617,0.003647,0.070014,-0.000007,0.000000,0.000000,0.000000,0.000019
2025-10-26T22:38:56.038418,121.401,-1.801656,-0.499294,0.007845,-0.000002,0.003312,0.001824,0.999993,0.000009,0.006624,0.003648,0.070034,-0.000008,0.000000,0.000000,0.000000,0.000018
2025-10-26T22:38:56.137835,121.501,-1.796894,-0.499277,0.007818,-0.000002,0.003311,0.001825,0.999993,0.000007,0.006621,0.003650,0.070008,-0.000010,0.000000,0.000000,0.000000,0.000019
2025-10-26T22:38:56.237619,121.601,-1.792132,-0.499260,0.007832,0.000005,0.003309,0.001826,0.999993,0.000023,0.006618,0.003652,0.070018,-0.000013,0.000000,0.000000,0.000000,0.000019
2025-10-26T22:38:56.337571,121.701,-1.787369,-0.499243,0.007843,0.000008,0.003305,0.001827,0.999993,0.000029,0.006609,0.003653,0.070026,-0.000011,0.000000,0.000000,0.000000,0.000019
2025-10-26T22:38:56.438823,121.801,-1.782607,-0.499225,0.007843,0.000010,0.003305,0.001827,0.999993,0.000033,0.006610,0.003655,0.070035,-0.000007,0.000000,0.000000,0.000000,0.000019
2025-10-26T22:38:56.538149,121.901,-1.777844,-0.499208,0.007816,0.000005,0.003305,0.001828,0.999993,0.000021,0.006610,0.003656,0.070005,-0.000007,0.000000,0.000000,0.000000,0.000019
2025-10-26T22:38:56.638623,122.001,-1.773082,-0.499190,0.007843,0.000002,0.003311,0.001829,0.999993,0.000015,0.006623,0.003658,0.070030,-0.000009,0.000000,0.000000,0.000000,0.000019
2025-10-26T22:38:56.740980,122.104,-1.765938,-0.499164,0.007819,0.000001,0.003307,0.001830,0.999993,0.000014,0.006615,0.003660,0.070008,-0.000009,0.000000,0.000000,0.000000,0.000019
2025-10-26T22:38:56.837817,122.201,-1.761176,-0.499147,0.007828,0.000002,0.003304,0.001831,0.999993,0.000016,0.006608,0.003662,0.070015,-0.000011,0.000000,0.000000,0.000000,0.000019
2025-10-26T22:38:56.938925,122.302,-1.756414,-0.499129,0.007832,0.000011,0.003302,0.001832,0.999993,0.000033,0.006603,0.003664,0.070018,-0.000010,0.000000,0.000000,0.000000,0.000019
2025-10-26T22:38:57.038670,122.401,-1.749270,-0.499103,0.007846,0.000004,0.003310,0.001833,0.999993,0.000020,0.006619,0.003666,0.070035,-0.000009,0.000000,0.000000,0.000000,0.000018
2025-10-26T22:38:57.138355,122.501,-1.746889,-0.499094,0.007835,0.000003,0.003311,0.001833,0.999993,0.000019,0.006621,0.003667,0.070030,-0.000009,0.000000,0.000000,0.000000,0.000018
2025-10-26T22:38:57.237596,122.601,-1.742127,-0.499077,0.007818,0.000002,0.003309,0.001834,0.999993,0.000015,0.006617,0.003668,0.070006,-0.000009,0.000000,0.000000,0.000000,0.000019
2025-10-26T22:38:57.338278,122.701,-1.737364,-0.499060,0.007825,0.000003,0.003304,0.001835,0.999993,0.000017,0.006609,0.003670,0.070012,-0.000011,0.000000,0.000000,0.000000,0.000019
2025-10-26T22:38:57.438210,122.801,-1.732602,-0.499042,0.007834,0.000011,0.003302,0.001836,0.999993,0.000034,0.006605,0.003672,0.070020,-0.000012,0.000000,0.000000,0.000000,0.000019
2025-10-26T22:38:57.538303,122.901,-1.727839,-0.499025,0.007842,0.000006,0.003306,0.001837,0.999993,0.000024,0.006611,0.003673,0.070028,-0.000007,0.000000,0.000000,0.000000,0.000019
2025-10-26T22:38:57.639031,123.001,-1.720696,-0.498998,0.007818,0.000003,0.003310,0.001838,0.999993,0.000019,0.006620,0.003676,0.070010,-0.000009,0.000000,0.000000,0.000000,0.000019
2025-10-26T22:38:57.738266,123.101,-1.715933,-0.498981,0.007817,0.000002,0.003308,0.001839,0.999993,0.000017,0.006615,0.003677,0.070004,-0.000009,0.000000,0.000000,0.000000,0.000019
2025-10-26T22:38:57.837984,123.201,-1.711171,-0.498963,0.007836,0.000004,0.003305,0.001839,0.999993,0.000019,0.006611,0.003679,0.070020,-0.000010,0.000000,0.000000,0.000000,0.000019
2025-10-26T22:38:57.938482,123.301,-1.706409,-0.498946,0.007838,0.000012,0.003303,0.001840,0.999993,0.000037,0.006605,0.003680,0.070023,-0.000010,0.000000,0.000000,0.000000,0.000019
2025-10-26T22:38:58.037651,123.401,-1.701646,-0.498928,0.007846,0.000004,0.003306,0.001841,0.999993,0.000020,0.006611,0.003682,0.070035,-0.000007,0.000000,0.000000,0.000000,0.000019
2025-10-26T22:38:58.139054,123.502,-1.694503,-0.498902,0.007819,0.000002,0.003312,0.001842,0.999993,0.000017,0.006624,0.003684,0.070010,-0.000008,0.000000,0.000000,0.000000,0.000019
2025-10-26T22:38:58.238044,123.601,-1.689740,-0.498885,0.007828,0.000002,0.003311,0.001843,0.999993,0.000016,0.006622,0.003686,0.070016,-0.000010,0.000000,0.000000,0.000000,0.000019
2025-10-26T22:38:58.338050,123.701,-1.684978,-0.498867,0.007844,0.000003,0.003307,0.001844,0.999993,0.000019,0.006614,0.003687,0.070028,-0.000010,0.000000,0.000000,0.000000,0.000019
2025-10-26T22:38:58.438612,123.802,-1.677834,-0.498841,0.007821,0.000011,0.003303,0.001845,0.999993,0.000035,0.006607,0.003690,0.070010,-0.000008,0.000000,0.000000,0.000000,0.000019
2025-10-26T22:38:58.537512,123.901,-1.673072,-0.498823,0.007835,0.000004,0.003308,0.001846,0.999993,0.000020,0.006616,0.003692,0.070022,-0.000008,0.000000,0.000000,0.000000,0.000019
2025-10-26T22:38:58.639175,124.002,-1.668310,-0.498806,0.007840,0.000000,0.003308,0.001846,0.999993,0.000013,0.006617,0.003693,0.070034,-0.000008,0.000000,0.000000,0.000000,0.000018
2025-10-26T22:38:58.737885,124.101,-1.663547,-0.498788,0.007823,-0.000000,0.003309,0.001847,0.999993,0.000012,0.006619,0.003695,0.070013,-0.000010,0.000000,0.000000,0.000000,0.000019
2025-10-26T22:38:58.837990,124.201,-1.656404,-0.498762,0.007835,0.000002,0.003311,0.001848,0.999993,0.000016,0.006621,0.003697,0.070029,-0.000010,0.000000,0.000000,0.000000,0.000018
2025-10-26T22:38:58.939275,124.302,-1.651641,-0.498744,0.007817,0.000004,0.003307,0.001849,0.999993,0.000019,0.006614,0.003699,0.070003,-0.000010,0.000000,0.000000,0.000000,0.000019
2025-10-26T22:38:59.037843,124.401,-1.646879,-0.498727,0.007834,0.000003,0.003305,0.001850,0.999993,0.000018,0.006609,0.003700,0.070020,-0.000008,0.000000,0.000000,0.000000,0.000019
2025-10-26T22:38:59.138294,124.501,-1.642116,-0.498709,0.007843,0.000000,0.003305,0.001851,0.999993,0.000013,0.006610,0.003702,0.070027,-0.000010,0.000000,0.000000,0.000000,0.000019
2025-10-26T22:38:59.238394,124.601,-1.637354,-0.498691,0.007841,0.000006,0.003307,0.001852,0.999993,0.000025,0.006613,0.003703,0.070035,-0.000011,0.000000,0.000000,0.000000,0.000018
2025-10-26T22:38:59.337693,124.701,-1.632592,-0.498674,0.007816,0.000010,0.003307,0.001852,0.999993,0.000032,0.006614,0.003705,0.070005,-0.000008,0.000000,0.000000,0.000000,0.000019
2025-10-26T22:38:59.438067,124.801,-1.627829,-0.498656,0.007832,-0.000002,0.003308,0.001853,0.999993,0.000008,0.006617,0.003707,0.070018,-0.000006,0.000000,0.000000,0.000000,0.000019
2025-10-26T22:38:59.539213,124.902,-1.623067,-0.498638,0.007841,-0.000002,0.003309,0.001854,0.999993,0.000008,0.006617,0.003708,0.070033,-0.000012,0.000000,0.000000,0.000000,0.000018
2025-10-26T22:38:59.638198,125.001,-1.615923,-0.498612,0.007819,0.000010,0.003306,0.001855,0.999993,0.000032,0.006612,0.003711,0.070007,-0.000008,0.000000,0.000000,0.000000,0.000019
2025-10-26T22:38:59.737758,125.101,-1.611161,-0.498594,0.007839,0.000003,0.003310,0.001856,0.999993,0.000018,0.006620,0.003712,0.070024,-0.000008,0.000000,0.000000,0.000000,0.000019
2025-10-26T22:38:59.838526,125.201,-1.606399,-0.498577,0.007835,-0.000000,0.003308,0.001857,0.999993,0.000012,0.006616,0.003714,0.070028,-0.000008,0.000000,0.000000,0.000000,0.000018
2025-10-26T22:38:59.937818,125.301,-1.601636,-0.498559,0.007828,-0.000001,0.003309,0.001858,0.999993,0.000011,0.006618,0.003715,0.070016,-0.000010,0.000000,0.000000,0.000000,0.000019
2025-10-26T22:39:00.038212,125.401,-1.596874,-0.498541,0.007845,0.000000,0.003310,0.001858,0.999993,0.000013,0.006620,0.003717,0.070035,-0.000010,0.000000,0.000000,0.000000,0.000018
2025-10-26T22:39:00.139110,125.502,-1.592111,-0.498524,0.007816,0.000003,0.003307,0.001859,0.999993,0.000018,0.006614,0.003719,0.070004,-0.000009,0.000000,0.000000,0.000000,0.000019
2025-10-26T22:39:00.237856,125.601,-1.587349,-0.498506,0.007843,0.000006,0.003310,0.001860,0.999993,0.000024,0.006621,0.003720,0.070029,-0.000010,0.000000,0.000000,0.000000,0.000019
2025-10-26T22:39:00.337976,125.701,-1.582587,-0.498489,0.007823,0.000010,0.003306,0.001861,0.999993,0.000032,0.006612,0.003722,0.070013,-0.000010,0.000000,0.000000,0.000000,0.000018
2025-10-26T22:39:00.438402,125.801,-1.577824,-0.498471,0.007835,0.000013,0.003309,0.001862,0.999993,0.000039,0.006618,0.003723,0.070021,-0.000011,0.000000,0.000000,0.000000,0.000019
2025-10-26T22:39:00.537865,125.901,-1.573062,-0.498453,0.007845,0.000006,0.003306,0.001862,0.999993,0.000024,0.006612,0.003725,0.070029,-0.000006,0.000000,0.000000,0.000000,0.000019
2025-10-26T22:39:00.638267,126.001,-1.568299,-0.498435,0.007842,0.000002,0.003305,0.001863,0.999993,0.000016,0.006610,0.003726,0.070033,-0.000008,0.000000,0.000000,0.000000,0.000018
2025-10-26T22:39:00.738360,126.101,-1.563537,-0.498418,0.007816,0.000003,0.003304,0.001864,0.999993,0.000018,0.006608,0.003728,0.070004,-0.000011,0.000000,0.000000,0.000000,0.000019
2025-10-26T22:39:00.838139,126.201,-1.558775,-0.498400,0.007843,0.000007,0.003311,0.001865,0.999993,0.000027,0.006621,0.003730,0.070029,-0.000011,0.000000,0.000000,0.000000,0.000019
2025-10-26T22:39:00.937414,126.301,-1.554012,-0.498382,0.007819,0.000012,0.003309,0.001866,0.999993,0.000036,0.006618,0.003731,0.070009,-0.000009,0.000000,0.000000,0.000000,0.000019
2025-10-26T22:39:01.038151,126.401,-1.549250,-0.498364,0.007817,0.000002,0.003306,0.001866,0.999993,0.000017,0.006613,0.003733,0.070004,-0.000006,0.000000,0.000000,0.000000,0.000019
2025-10-26T22:39:01.138193,126.501,-1.544487,-0.498346,0.007838,-0.000002,0.003308,0.001867,0.999993,0.000008,0.006615,0.003734,0.070024,-0.000010,0.000000,0.000000,0.000000,0.000019
2025-10-26T22:39:01.238723,126.602,-1.539725,-0.498329,0.007842,0.000005,0.003306,0.001868,0.999993,0.000022,0.006612,0.003736,0.070027,-0.000013,0.000000,0.000000,0.000000,0.000018
2025-10-26T22:39:01.338659,126.701,-1.534963,-0.498311,0.007845,0.000009,0.003306,0.001869,0.999993,0.000031,0.006612,0.003738,0.070036,-0.000010,0.000000,0.000000,0.000000,0.000019
2025-10-26T22:39:01.438028,126.801,-1.530200,-0.498293,0.007815,0.000008,0.003306,0.001870,0.999993,0.000028,0.006613,0.003739,0.070005,-0.000008,0.000000,0.000000,0.000000,0.000019
2025-10-26T22:39:01.538116,126.901,-1.525438,-0.498275,0.007835,0.000006,0.003311,0.001870,0.999993,0.000024,0.006621,0.003741,0.070023,-0.000008,0.000000,0.000000,0.000000,0.000019
2025-10-26T22:39:01.637679,127.001,-1.520676,-0.498258,0.007842,-0.000003,0.003309,0.001871,0.999993,0.000007,0.006618,0.003742,0.070033,-0.000009,0.000000,0.000000,0.000000,0.000018
2025-10-26T22:39:01.738225,127.101,-1.515913,-0.498240,0.007819,0.000003,0.003306,0.001872,0.999993,0.000018,0.006612,0.003744,0.070007,-0.000014,0.000000,0.000000,0.000000,0.000018
2025-10-26T22:39:01.838445,127.201,-1.511151,-0.498222,0.007838,0.000014,0.003310,0.001873,0.999993,0.000041,0.006620,0.003746,0.070022,-0.000011,0.000000,0.000000,0.000000,0.000019
2025-10-26T22:39:01.939009,127.302,-1.506388,-0.498204,0.007840,0.000007,0.003308,0.001874,0.999993,0.000027,0.006616,0.003747,0.070026,-0.000004,0.000000,0.000000,0.000000,0.000019
2025-10-26T22:39:02.038758,127.401,-1.501626,-0.498186,0.007841,-0.000001,0.003306,0.001874,0.999993,0.000010,0.006613,0.003749,0.070033,-0.000009,0.000000,0.000000,0.000000,0.000018
2025-10-26T22:39:02.138221,127.501,-1.496864,-0.498169,0.007837,0.000002,0.003305,0.001875,0.999993,0.000017,0.006610,0.003750,0.070029,-0.000011,0.000000,0.000000,0.000000,0.000018
2025-10-26T22:39:02.237995,127.601,-1.492101,-0.498151,0.007828,0.000008,0.003308,0.001876,0.999993,0.000028,0.006615,0.003752,0.070016,-0.000012,0.000000,0.000000,0.000000,0.000019
2025-10-26T22:39:02.337656,127.701,-1.484958,-0.498124,0.007843,0.000010,0.003308,0.001877,0.999993,0.000033,0.006615,0.003754,0.070035,-0.000008,0.000000,0.000000,0.000000,0.000019
2025-10-26T22:39:02.438648,127.801,-1.480195,-0.498106,0.007819,0.000006,0.003304,0.001878,0.999993,0.000024,0.006608,0.003756,0.070006,-0.000009,0.000000,0.000000,0.000000,0.000019
2025-10-26T22:39:02.538260,127.901,-1.475433,-0.498088,0.007841,0.000009,0.003307,0.001879,0.999993,0.000030,0.006615,0.003758,0.070027,-0.000011,0.000000,0.000000,0.000000,0.000019
2025-10-26T22:39:02.638371,128.001,-1.470671,-0.498071,0.007828,0.000012,0.003305,0.001880,0.999993,0.000037,0.006609,0.003759,0.070019,-0.000010,0.000000,0.000000,0.000000,0.000018
2025-10-26T22:39:02.737844,128.101,-1.465908,-0.498053,0.007832,0.000016,0.003308,0.001880,0.999993,0.000044,0.006615,0.003761,0.070019,-0.000011,0.000000,0.000000,0.000000,0.000019
2025-10-26T22:39:02.838631,128.201,-1.461146,-0.498035,0.007843,0.000008,0.003306,0.001881,0.999993,0.000028,0.006613,0.003762,0.070027,-0.000006,0.000000,0.000000,0.000000,0.000019
2025-10-26T22:39:02.937757,128.301,-1.456383,-0.498017,0.007841,0.000002,0.003306,0.001882,0.999993,0.000015,0.006612,0.003764,0.070034,-0.000008,0.000000,0.000000,0.000000,0.000018
2025-10-26T22:39:03.038945,128.401,-1.451621,-0.497999,0.007818,0.000002,0.003305,0.001883,0.999993,0.000017,0.006611,0.003766,0.070007,-0.000010,0.000000,0.000000,0.000000,0.000019
2025-10-26T22:39:03.138132,128.501,-1.446859,-0.497981,0.007830,0.000005,0.003307,0.001884,0.999993,0.000022,0.006613,0.003767,0.070017,-0.000010,0.000000,0.000000,0.000000,0.000019
2025-10-26T22:39:03.237526,128.601,-1.442096,-0.497963,0.007846,0.000005,0.003309,0.001884,0.999993,0.000023,0.006618,0.003769,0.070033,-0.000009,0.000000,0.000000,0.000000,0.000019
2025-10-26T22:39:03.338031,128.701,-1.437334,-0.497945,0.007817,0.000007,0.003308,0.001885,0.999993,0.000027,0.006616,0.003770,0.070007,-0.000011,0.000000,0.000000,0.000000,0.000019
2025-10-26T22:39:03.438135,128.801,-1.432571,-0.497927,0.007841,0.000011,0.003312,0.001886,0.999993,0.000035,0.006624,0.003772,0.070026,-0.000011,0.000000,0.000000,0.000000,0.000019
2025-10-26T22:39:03.538389,128.901,-1.427809,-0.497909,0.007843,0.000007,0.003306,0.001887,0.999993,0.000026,0.006612,0.003774,0.070034,-0.000007,0.000000,0.000000,0.000000,0.000019
2025-10-26T22:39:03.638131,129.001,-1.423047,-0.497891,0.007819,0.000007,0.003301,0.001888,0.999993,0.000026,0.006602,0.003775,0.070007,-0.000011,0.000000,0.000000,0.000000,0.000018
2025-10-26T22:39:03.739643,129.102,-1.415903,-0.497864,0.007841,-0.000000,0.003310,0.001889,0.999993,0.000012,0.006620,0.003777,0.070028,-0.000008,0.000000,0.000000,0.000000,0.000019
2025-10-26T22:39:03.838723,129.201,-1.411141,-0.497846,0.007823,-0.000004,0.003309,0.001889,0.999993,0.000005,0.006618,0.003779,0.070015,-0.000010,0.000000,0.000000,0.000000,0.000018
2025-10-26T22:39:03.937644,129.301,-1.406378,-0.497828,0.007838,0.000002,0.003314,0.001890,0.999993,0.000016,0.006628,0.003781,0.070024,-0.000011,0.000000,0.000000,0.000000,0.000019
2025-10-26T22:39:04.041764,129.404,-1.399235,-0.497801,0.007840,0.000005,0.003304,0.001891,0.999993,0.000023,0.006608,0.003783,0.070031,-0.000008,0.000000,0.000000,0.000000,0.000019
2025-10-26T22:39:04.138373,129.501,-1.396854,-0.497792,0.007838,0.000002,0.003302,0.001892,0.999993,0.000016,0.006604,0.003784,0.070031,-0.000008,0.000000,0.000000,0.000000,0.000018
2025-10-26T22:39:04.238449,129.601,-1.392091,-0.497774,0.007820,0.000005,0.003301,0.001893,0.999993,0.000022,0.006602,0.003785,0.070008,-0.000012,0.000000,0.000000,0.000000,0.000018
2025-10-26T22:39:04.337937,129.701,-1.384948,-0.497747,0.007838,0.000009,0.003311,0.001894,0.999993,0.000030,0.006621,0.003788,0.070024,-0.000009,0.000000,0.000000,0.000000,0.000019
2025-10-26T22:39:04.438639,129.801,-1.380185,-0.497729,0.007842,0.000006,0.003309,0.001895,0.999993,0.000025,0.006619,0.003789,0.070033,-0.000006,0.000000,0.000000,0.000000,0.000019
2025-10-26T22:39:04.537838,129.901,-1.375423,-0.497711,0.007820,-0.000000,0.003304,0.001895,0.999993,0.000012,0.006608,0.003791,0.070008,-0.000008,0.000000,0.000000,0.000000,0.000019
2025-10-26T22:39:04.638222,130.001,-1.370660,-0.497693,0.007833,0.000002,0.003309,0.001896,0.999993,0.000017,0.006617,0.003793,0.070019,-0.000011,0.000000,0.000000,0.000000,0.000019
2025-10-26T22:39:04.737966,130.101,-1.365898,-0.497675,0.007839,0.000008,0.003311,0.001897,0.999993,0.000028,0.006621,0.003794,0.070033,-0.000009,0.000000,0.000000,0.000000,0.000019
2025-10-26T22:39:04.838308,130.201,-1.361136,-0.497657,0.007819,0.000004,0.003307,0.001898,0.999993,0.000020,0.006614,0.003796,0.070008,-0.000008,0.000000,0.000000,0.000000,0.000019
2025-10-26T22:39:04.937808,130.301,-1.356373,-0.497639,0.007839,0.000001,0.003311,0.001899,0.999993,0.000015,0.006622,0.003797,0.070024,-0.000009,0.000000,0.000000,0.000000,0.000019
2025-10-26T22:39:05.037659,130.401,-1.351611,-0.497621,0.007835,0.000001,0.003308,0.001899,0.999993,0.000015,0.006616,0.003799,0.070028,-0.000009,0.000000,0.000000,0.000000,0.000018
2025-10-26T22:39:05.138080,130.501,-1.346684,-0.497602,0.007820,0.000004,0.003303,0.001900,0.999993,0.000021,0.006606,0.003800,0.074994,-0.000011,0.000000,0.000000,0.000000,0.000007
2025-10-26T22:39:05.241556,130.604,-1.338695,-0.497572,0.007836,0.000003,0.003298,0.001901,0.999993,0.000018,0.006595,0.003801,0.080021,-0.000005,0.000000,0.000000,0.000000,0.000015
2025-10-26T22:39:05.338422,130.701,-1.332918,-0.497550,0.007840,-0.000011,0.003299,0.001901,0.999993,-0.000009,0.006597,0.003802,0.085026,-0.000008,0.000000,0.000000,0.000000,0.000016
2025-10-26T22:39:05.438232,130.801,-1.326801,-0.497527,0.007840,-0.000001,0.003300,0.001901,0.999993,0.000011,0.006601,0.003802,0.090027,-0.000015,0.000000,0.000000,0.000000,0.000013
2025-10-26T22:39:05.537986,130.901,-1.316948,-0.497490,0.007838,0.000020,0.003302,0.001902,0.999993,0.000052,0.006605,0.003803,0.100019,-0.000005,0.000000,0.000000,0.000000,0.000000
2025-10-26T22:39:05.638476,131.001,-1.309981,-0.497463,0.007843,-0.000004,0.003299,0.001902,0.999993,0.000004,0.006598,0.003804,0.105028,-0.000005,0.000000,0.000000,0.000000,0.000008
2025-10-26T22:39:05.738213,131.101,-1.302674,-0.497435,0.007844,-0.000005,0.003296,0.001902,0.999993,0.000002,0.006592,0.003805,0.110029,-0.000012,0.000000,0.000000,0.000000,0.000005
2025-10-26T22:39:05.837738,131.201,-1.295191,-0.497407,0.007838,0.000013,0.003300,0.001903,0.999993,0.000038,0.006600,0.003806,0.110032,-0.000013,0.000000,0.000000,0.000000,0.000016
2025-10-26T22:39:05.938551,131.301,-1.287544,-0.497378,0.007835,0.000011,0.003305,0.001903,0.999993,0.000034,0.006611,0.003807,0.115012,-0.000004,0.000000,0.000000,0.000000,0.000004
2025-10-26T22:39:06.037909,131.401,-1.275476,-0.497332,0.007824,-0.000003,0.003300,0.001904,0.999993,0.000006,0.006599,0.003808,0.120003,-0.000011,0.000000,0.000000,0.000000,0.000014
2025-10-26T22:39:06.138579,131.501,-1.267313,-0.497301,0.007824,0.000008,0.003304,0.001905,0.999993,0.000028,0.006608,0.003810,0.120014,-0.000014,0.000000,0.000000,0.000000,0.000018
2025-10-26T22:39:06.238281,131.601,-1.258816,-0.497269,0.007842,0.000012,0.003306,0.001905,0.999993,0.000036,0.006611,0.003810,0.125029,-0.000008,0.000000,0.000000,0.000000,0.000015
2025-10-26T22:39:06.338773,131.701,-1.249979,-0.497235,0.007844,-0.000000,0.003304,0.001905,0.999993,0.000012,0.006607,0.003811,0.130033,-0.000003,0.000000,0.000000,0.000000,0.000015
2025-10-26T22:39:06.438466,131.801,-1.236381,-0.497183,0.007839,-0.000001,0.003303,0.001906,0.999993,0.000011,0.006605,0.003812,0.135031,-0.000013,0.000000,0.000000,0.000000,0.000013
2025-10-26T22:39:06.537674,131.901,-1.226864,-0.497147,0.007819,0.000014,0.003301,0.001906,0.999993,0.000041,0.006602,0.003813,0.140001,-0.000012,0.000000,0.000000,0.000000,0.000013
2025-10-26T22:39:06.637583,132.001,-1.217176,-0.497110,0.007827,0.000007,0.003304,0.001907,0.999993,0.000027,0.006608,0.003814,0.145017,-0.000005,0.000000,0.000000,0.000000,0.000005
2025-10-26T22:39:06.737776,132.101,-1.202048,-0.497052,0.007837,-0.000004,0.003303,0.001907,0.999993,0.000004,0.006606,0.003815,0.150022,-0.000012,0.000000,0.000000,0.000000,0.000014
2025-10-26T22:39:06.838088,132.201,-1.191846,-0.497014,0.007845,0.000007,0.003307,0.001908,0.999993,0.000026,0.006614,0.003817,0.150036,-0.000013,0.000000,0.000000,0.000000,0.000018
2025-10-26T22:39:06.937986,132.301,-1.181643,-0.496975,0.007823,0.000012,0.003306,0.001909,0.999993,0.000036,0.006613,0.003818,0.150014,-0.000009,0.000000,0.000000,0.000000,0.000019
2025-10-26T22:39:07.038281,132.401,-1.166340,-0.496916,0.007833,-0.000001,0.003307,0.001910,0.999993,0.000011,0.006615,0.003820,0.150019,-0.000009,0.000000,0.000000,0.000000,0.000019
2025-10-26T22:39:07.138636,132.502,-1.156138,-0.496877,0.007846,0.000002,0.003310,0.001911,0.999993,0.000016,0.006621,0.003822,0.150035,-0.000011,0.000000,0.000000,0.000000,0.000018
2025-10-26T22:39:07.237933,132.601,-1.145935,-0.496838,0.007820,0.000005,0.003308,0.001912,0.999993,0.000023,0.006617,0.003824,0.150011,-0.000011,0.000000,0.000000,0.000000,0.000019
2025-10-26T22:39:07.339119,132.702,-1.130632,-0.496780,0.007834,0.000008,0.003308,0.001913,0.999993,0.000029,0.006615,0.003826,0.150020,-0.000009,0.000000,0.000000,0.000000,0.000019
2025-10-26T22:39:07.438109,132.801,-1.120429,-0.496741,0.007842,0.000007,0.003309,0.001914,0.999993,0.000027,0.006617,0.003828,0.150034,-0.000008,0.000000,0.000000,0.000000,0.000019
2025-10-26T22:39:07.538800,132.901,-1.110227,-0.496702,0.007826,0.000005,0.003305,0.001915,0.999993,0.000023,0.006610,0.003829,0.150016,-0.000010,0.000000,0.000000,0.000000,0.000018
2025-10-26T22:39:07.639810,133.003,-1.100025,-0.496663,0.007834,0.000006,0.003309,0.001915,0.999993,0.000024,0.006618,0.003831,0.150020,-0.000010,0.000000,0.000000,0.000000,0.000019
2025-10-26T22:39:07.738788,133.102,-1.089822,-0.496624,0.007842,0.000008,0.003309,0.001916,0.999993,0.000028,0.006618,0.003833,0.150031,-0.000011,0.000000,0.000000,0.000000,0.000019
2025-10-26T22:39:07.838196,133.201,-1.079623,-0.496579,0.007835,-0.000001,0.003305,0.002782,0.999991,0.000017,0.006611,0.005564,0.149955,-0.000019,0.000000,0.000000,0.000000,0.040218
2025-10-26T22:39:07.937518,133.301,-1.069430,-0.496501,0.007820,-0.000011,0.003305,0.005182,0.999981,0.000012,0.006610,0.010364,0.149841,-0.000021,0.000000,0.000000,0.000000,0.088118
2025-10-26T22:39:08.038393,133.401,-1.059242,-0.496364,0.007841,-0.000017,0.003311,0.008645,0.999957,0.000023,0.006621,0.017290,0.149793,-0.000048,0.000000,0.000000,0.000000,0.124932
2025-10-26T22:39:08.137859,133.501,-1.049060,-0.496143,0.007843,-0.000033,0.003310,0.013587,0.999902,0.000023,0.006619,0.027176,0.149710,-0.000063,0.000000,0.000000,0.000000,0.172166
2025-10-26T22:39:08.237449,133.601,-1.038888,-0.495806,0.007819,-0.000057,0.003307,0.019909,0.999796,0.000018,0.006615,0.039821,0.149631,-0.000069,0.000000,0.000000,0.000000,0.193610
2025-10-26T22:39:08.338416,133.701,-1.028723,-0.495336,0.007845,-0.000077,0.003309,0.026846,0.999634,0.000023,0.006619,0.053698,0.149599,-0.000089,0.000000,0.000000,0.000000,0.225369
2025-10-26T22:39:08.438524,133.801,-1.018573,-0.494713,0.007818,-0.000099,0.003303,0.035180,0.999376,0.000034,0.006608,0.070375,0.149473,-0.000092,0.000000,0.000000,0.000000,0.271757
2025-10-26T22:39:08.538059,133.901,-1.003382,-0.493430,0.007844,-0.000144,0.003305,0.049875,0.998750,0.000041,0.006617,0.099792,0.149442,-0.000131,0.000000,0.000000,0.000000,0.295551
2025-10-26T22:39:08.637702,134.001,-0.993285,-0.492317,0.007823,-0.000180,0.003300,0.060818,0.998143,0.000042,0.006609,0.121711,0.149321,-0.000155,0.000000,0.000000,0.000000,0.337698
2025-10-26T22:39:08.738284,134.101,-0.978208,-0.490190,0.007832,-0.000248,0.003295,0.079894,0.996798,0.000031,0.006609,0.159959,0.149283,-0.000046,0.000000,0.000000,0.000000,0.391929
2025-10-26T22:39:08.838967,134.201,-0.968209,-0.488437,0.007843,-0.000298,0.003293,0.093258,0.995636,0.000020,0.006613,0.186789,0.149295,-0.000020,0.000000,0.000000,0.000000,0.396064
2025-10-26T22:39:08.938203,134.301,-0.958261,-0.486414,0.007823,-0.000338,0.003288,0.106675,0.994288,0.000029,0.006611,0.213757,0.149255,-0.000087,0.000000,0.000000,0.000000,0.396900
2025-10-26T22:39:09.038740,134.402,-0.948371,-0.484123,0.007823,-0.000373,0.003286,0.120086,0.992758,0.000048,0.006614,0.240754,0.149283,-0.000023,0.000000,0.000000,0.000000,0.397067
2025-10-26T22:39:09.138205,134.501,-0.933660,-0.480185,0.007825,-0.000455,0.003270,0.140167,0.990122,0.000015,0.006604,0.281262,0.149307,0.000013,0.000000,0.000000,0.000000,0.397157
2025-10-26T22:39:09.239081,134.602,-0.923945,-0.477230,0.007838,-0.000495,0.003269,0.153525,0.988139,0.000026,0.006612,0.308271,0.149329,0.000027,0.000000,0.000000,0.000000,0.397204
2025-10-26T22:39:09.338057,134.701,-0.914314,-0.474013,0.007842,-0.000529,0.003265,0.166856,0.985976,0.000045,0.006615,0.335283,0.149344,0.000038,0.000000,0.000000,0.000000,0.397245
2025-10-26T22:39:09.438438,134.801,-0.904772,-0.470536,0.007835,-0.000584,0.003253,0.180158,0.983632,0.000023,0.006611,0.362297,0.149335,-0.000007,0.000000,0.000000,0.000000,0.397289
2025-10-26T22:39:09.537890,134.901,-0.890643,-0.464840,0.007824,-0.000650,0.003241,0.200051,0.979780,0.000024,0.006610,0.402821,0.149356,0.000026,0.000000,0.000000,0.000000,0.397296
2025-10-26T22:39:09.638138,135.001,-0.881356,-0.460726,0.007850,-0.000688,0.003234,0.213268,0.976988,0.000036,0.006613,0.429840,0.149387,0.000041,0.000000,0.000000,0.000000,0.397339
2025-10-26T22:39:09.738849,135.101,-0.872183,-0.456362,0.007823,-0.000729,0.003223,0.226447,0.974018,0.000040,0.006608,0.456859,0.149344,-0.000044,0.000000,0.000000,0.000000,0.397359
2025-10-26T22:39:09.838103,135.201,-0.863130,-0.451752,0.007835,-0.000768,0.003217,0.239585,0.970870,0.000050,0.006615,0.483879,0.149398,0.000032,0.000000,0.000000,0.000000,0.397343
2025-10-26T22:39:09.938277,135.301,-0.854204,-0.446899,0.007843,-0.000821,0.003203,0.252679,0.967545,0.000029,0.006612,0.510899,0.149415,0.000039,0.000000,0.000000,0.000000,0.397350
2025-10-26T22:39:10.037707,135.401,-0.841068,-0.439172,0.007841,-0.000889,0.003184,0.272233,0.962226,0.000023,0.006611,0.551429,0.149426,0.000007,0.000000,0.000000,0.000000,0.397341
2025-10-26T22:39:10.138259,135.501,-0.832489,-0.433727,0.007835,-0.000927,0.003171,0.285206,0.958460,0.000032,0.006607,0.578447,0.149421,-0.000025,0.000000,0.000000,0.000000,0.397318
2025-10-26T22:39:10.238308,135.601,-0.819901,-0.425131,0.007822,-0.000992,0.003151,0.304566,0.952485,0.000029,0.006607,0.618970,0.149398,-0.000075,0.000000,0.000000,0.000000,0.397260
2025-10-26T22:39:10.338272,135.701,-0.811706,-0.419120,0.007828,-0.001040,0.003139,0.317402,0.948285,0.000021,0.006613,0.645981,0.149446,-0.000022,0.000000,0.000000,0.000000,0.397193
2025-10-26T22:39:10.437659,135.801,-0.803693,-0.412916,0.007844,-0.001079,0.003128,0.330166,0.943917,0.000029,0.006617,0.672963,0.148810,-0.000200,0.000000,0.000000,0.000000,0.396219
2025-10-26T22:39:10.538190,135.901,-0.792009,-0.403230,0.007819,-0.001130,0.003106,0.349183,0.937049,0.000052,0.006610,0.713403,0.148777,-0.000197,0.000000,0.000000,0.000000,0.396613
2025-10-26T22:39:10.637600,136.001,-0.784443,-0.396513,0.007839,-0.001181,0.003088,0.361790,0.932254,0.000032,0.006612,0.740378,0.148790,-0.000172,0.000000,0.000000,0.000000,0.396728
2025-10-26T22:39:10.738365,136.101,-0.773441,-0.386060,0.007842,-0.001251,0.003060,0.380579,0.924742,0.000015,0.006611,0.780850,0.148795,-0.000164,0.000000,0.000000,0.000000,0.396805
2025-10-26T22:39:10.838175,136.201,-0.766346,-0.378848,0.007844,-0.001282,0.003045,0.393021,0.919524,0.000036,0.006608,0.807833,0.148799,-0.000154,0.000000,0.000000,0.000000,0.396827
2025-10-26T22:39:10.938055,136.301,-0.759448,-0.371447,0.007820,-0.001319,0.003030,0.405391,0.914138,0.000044,0.006609,0.834818,0.148757,-0.000166,0.000000,0.000000,0.000000,0.396838
2025-10-26T22:39:11.037736,136.401,-0.749483,-0.360000,0.007839,-0.001393,0.003002,0.423808,0.905746,0.000021,0.006618,0.875296,0.148793,-0.000133,0.000000,0.000000,0.000000,0.396849
2025-10-26T22:39:11.137780,136.501,-0.743101,-0.352149,0.007835,-0.001427,0.002984,0.435991,0.899945,0.000033,0.006615,0.902283,0.148800,-0.000127,0.000000,0.000000,0.000000,0.396895
2025-10-26T22:39:11.238451,136.601,-0.736919,-0.344117,0.007832,-0.001463,0.002961,0.448087,0.893984,0.000039,0.006606,0.929255,0.149432,-0.000197,0.000000,0.000000,0.000000,0.396546
2025-10-26T22:39:11.338340,136.701,-0.730942,-0.335896,0.007820,-0.001507,0.002936,0.460102,0.887860,0.000026,0.006601,0.956226,0.149421,-0.000209,0.000000,0.000000,0.000000,0.396685
2025-10-26T22:39:11.437758,136.801,-0.725189,-0.327518,0.007834,-0.001553,0.002920,0.472035,0.881573,0.000018,0.006614,0.983202,0.149449,-0.000173,0.000000,0.000000,0.000000,0.396679
2025-10-26T22:39:11.537597,136.901,-0.719663,-0.318989,0.007842,-0.001590,0.002903,0.483882,0.875127,0.000026,0.006620,1.010176,0.149450,-0.000178,0.000000,0.000000,0.000000,0.396645
2025-10-26T22:39:11.638202,137.001,-0.714368,-0.310314,0.007823,-0.001624,0.002881,0.495639,0.868523,0.000034,0.006614,1.037146,0.149400,-0.000259,0.000000,0.000000,0.000000,0.396611
2025-10-26T22:39:11.738811,137.102,-0.706870,-0.297044,0.007845,-0.001678,0.002851,0.513102,0.858321,0.000045,0.006616,1.077596,0.149426,-0.000203,0.000000,0.000000,0.000000,0.396520
2025-10-26T22:39:11.838598,137.201,-0.702172,-0.288034,0.007842,-0.001721,0.002823,0.524626,0.851326,0.000032,0.006612,1.104558,0.149420,-0.000200,0.000000,0.000000,0.000000,0.396480
2025-10-26T22:39:11.938088,137.301,-0.697718,-0.278902,0.007847,-0.001769,0.002794,0.536054,0.844177,0.000009,0.006613,1.131518,0.149414,-0.000213,0.000000,0.000000,0.000000,0.396445
2025-10-26T22:39:12.038290,137.401,-0.693512,-0.269654,0.007816,-0.001802,0.002773,0.547383,0.836876,0.000020,0.006615,1.158474,0.149355,-0.000276,0.000000,0.000000,0.000000,0.396392
2025-10-26T22:39:12.138286,137.501,-0.689557,-0.260297,0.007829,-0.001835,0.002753,0.558611,0.829423,0.000032,0.006617,1.185429,0.149372,-0.000225,0.000000,0.000000,0.000000,0.396356
2025-10-26T22:39:12.237597,137.601,-0.685855,-0.250837,0.007845,-0.001871,0.002725,0.569738,0.821820,0.000031,0.006611,1.212381,0.149378,-0.000217,0.000000,0.000000,0.000000,0.396349
2025-10-26T22:39:12.338504,137.701,-0.680785,-0.236471,0.007816,-0.001919,0.002688,0.586232,0.810137,0.000042,0.006605,1.252807,0.149310,-0.000294,0.000000,0.000000,0.000000,0.396324
2025-10-26T22:39:12.438243,137.801,-0.677729,-0.226785,0.007829,-0.001960,0.002665,0.597095,0.802164,0.000039,0.006616,1.279757,0.149333,-0.000221,0.000000,0.000000,0.000000,0.396306
2025-10-26T22:39:12.538115,137.901,-0.673639,-0.212113,0.007835,-0.002016,0.002620,0.613185,0.789932,0.000028,0.006611,1.320182,0.149320,-0.000251,0.000000,0.000000,0.000000,0.396341
2025-10-26T22:39:12.638564,138.001,-0.671243,-0.202245,0.007835,-0.002046,0.002599,0.623774,0.781598,0.000044,0.006615,1.347133,0.149307,-0.000217,0.000000,0.000000,0.000000,0.396332
2025-10-26T22:39:12.738401,138.101,-0.669115,-0.192318,0.007832,-0.002083,0.002568,0.634250,0.773121,0.000036,0.006613,1.374086,0.149297,-0.000202,0.000000,0.000000,0.000000,0.396359
2025-10-26T22:39:12.837967,138.201,-0.666428,-0.177329,0.007835,-0.002136,0.002522,0.649749,0.760141,0.000029,0.006610,1.414519,0.149289,-0.000225,0.000000,0.000000,0.000000,0.396439
2025-10-26T22:39:12.938305,138.301,-0.664974,-0.167281,0.007819,-0.002165,0.002493,0.659936,0.751314,0.000037,0.006604,1.441478,0.149247,-0.000244,0.000000,0.000000,0.000000,0.396474
2025-10-26T22:39:13.037878,138.401,-0.663799,-0.157206,0.007832,-0.002208,0.002465,0.670038,0.742320,0.000025,0.006617,1.468529,0.149216,-0.000067,0.000000,0.000000,0.000000,0.398854
2025-10-26T22:39:13.141069,138.504,-0.662550,-0.142036,0.007840,-0.002258,0.002420,0.685005,0.728531,0.000026,0.006620,1.509230,0.149245,-0.000082,0.000000,0.000000,0.000000,0.398863
2025-10-26T22:39:13.237467,138.601,-0.662059,-0.131899,0.007816,-0.002288,0.002383,0.694814,0.719182,0.000022,0.006607,1.536333,0.149206,-0.000105,0.000000,0.000000,0.000000,0.398265
2025-10-26T22:39:13.338522,138.701,-0.661842,-0.121752,0.007836,-0.002314,0.002359,0.704480,0.709716,0.000038,0.006608,1.563391,0.149254,-0.000110,0.000000,0.000000,0.000000,0.397536
2025-10-26T22:39:13.438166,138.801,-0.661899,-0.111602,0.007846,-0.002351,0.002328,0.713999,0.700139,0.000033,0.006617,1.590397,0.149270,-0.000111,0.000000,0.000000,0.000000,0.396763
2025-10-26T22:39:13.538296,138.901,-0.662229,-0.101458,0.007819,-0.002386,0.002292,0.723368,0.690454,0.000020,0.006616,1.617349,0.149221,-0.000138,0.000000,0.000000,0.000000,0.395936
2025-10-26T22:39:13.638659,139.001,-0.663234,-0.086268,0.007832,-0.002426,0.002244,0.737140,0.675732,0.000030,0.006610,1.657667,0.149239,-0.000147,0.000000,0.000000,0.000000,0.394634
2025-10-26T22:39:13.738527,139.101,-0.664243,-0.076169,0.007844,-0.002454,0.002216,0.746131,0.665791,0.000040,0.006613,1.684475,0.149239,-0.000156,0.000000,0.000000,0.000000,0.393809
2025-10-26T22:39:13.837393,139.201,-0.665520,-0.066104,0.007831,-0.002482,0.002186,0.754979,0.655741,0.000045,0.006614,1.711256,0.149253,-0.000131,0.000000,0.000000,0.000000,0.395248
2025-10-26T22:39:13.938026,139.301,-0.667956,-0.051075,0.007832,-0.002531,0.002130,0.768093,0.640330,0.000030,0.006616,1.751727,0.149274,-0.000066,0.000000,0.000000,0.000000,0.397490
2025-10-26T22:39:14.038408,139.401,-0.669917,-0.041115,0.007843,-0.002555,0.002098,0.776680,0.629887,0.000040,0.006613,1.778769,0.149291,-0.000066,0.000000,0.000000,0.000000,0.397798
2025-10-26T22:39:14.138830,139.502,-0.672148,-0.031211,0.007820,-0.002580,0.002066,0.785130,0.619323,0.000050,0.006610,1.805825,0.149249,-0.000124,0.000000,0.000000,0.000000,0.397957
2025-10-26T22:39:14.238079,139.601,-0.674647,-0.021372,0.007819,-0.002613,0.002018,0.793439,0.608641,0.000021,0.006603,1.832891,0.149253,-0.000120,0.000000,0.000000,0.000000,0.398095
2025-10-26T22:39:14.338717,139.702,-0.678876,-0.006736,0.007841,-0.002652,0.001979,0.804710,0.593659,0.000037,0.006618,1.870389,0.149400,-0.000023,0.000000,0.000000,0.000000,0.353359
2025-10-26T22:39:14.437529,139.801,-0.681986,0.002938,0.007841,-0.002670,0.001954,0.811255,0.584684,0.000048,0.006618,1.892605,0.149479,0.000001,0.000000,0.000000,0.000000,0.310728
2025-10-26T22:39:14.538097,139.901,-0.685303,0.012547,0.007846,-0.002694,0.001914,0.817274,0.576240,0.000024,0.006611,1.913344,0.149507,-0.000022,0.000000,0.000000,0.000000,0.301665
2025-10-26T22:39:14.637900,140.001,-0.688817,0.022088,0.007836,-0.002713,0.001885,0.823118,0.567861,0.000022,0.006606,1.933776,0.149501,-0.000075,0.000000,0.000000,0.000000,0.299790
2025-10-26T22:39:14.738092,140.101,-0.692524,0.031556,0.007828,-0.002729,0.001867,0.828720,0.559654,0.000040,0.006613,1.953648,0.149550,-0.000031,0.000000,0.000000,0.000000,0.273521
2025-10-26T22:39:14.837910,140.201,-0.696408,0.040957,0.007842,-0.002743,0.001849,0.833534,0.552459,0.000052,0.006615,1.970963,0.149635,0.000015,0.000000,0.000000,0.000000,0.229289
2025-10-26T22:39:14.938675,140.301,-0.700444,0.050300,0.007843,-0.002765,0.001813,0.837551,0.546349,0.000016,0.006612,1.985588,0.149684,-0.000016,0.000000,0.000000,0.000000,0.206672
2025-10-26T22:39:15.037961,140.401,-0.706743,0.064209,0.007817,-0.002783,0.001783,0.843155,0.537661,0.000013,0.006611,2.006266,0.149665,-0.000096,0.000000,0.000000,0.000000,0.200845
2025-10-26T22:39:15.138203,140.501,-0.711100,0.073409,0.007840,-0.002793,0.001779,0.846801,0.531900,0.000041,0.006623,2.019901,0.149702,-0.000052,0.000000,0.000000,0.000000,0.200302
2025-10-26T22:39:15.238075,140.601,-0.715583,0.082550,0.007844,-0.002808,0.001753,0.850402,0.526123,0.000027,0.006620,2.033517,0.149709,-0.000044,0.000000,0.000000,0.000000,0.200189
2025-10-26T22:39:15.337719,140.701,-0.720185,0.091633,0.007824,-0.002820,0.001724,0.853551,0.520999,0.000004,0.006610,2.045545,0.149730,-0.000142,0.000000,0.000000,0.000000,0.162395
2025-10-26T22:39:15.437765,140.801,-0.724886,0.100671,0.007829,-0.002824,0.001722,0.855907,0.517119,0.000026,0.006615,2.054624,0.149833,-0.000037,0.000000,0.000000,0.000000,0.115575
2025-10-26T22:39:15.538672,140.901,-0.729660,0.109674,0.007835,-0.002825,0.001717,0.857811,0.513955,0.000042,0.006611,2.062009,0.149857,-0.000044,0.000000,0.000000,0.000000,0.104363
2025-10-26T22:39:15.637977,141.001,-0.734498,0.118644,0.007839,-0.002838,0.001690,0.859479,0.511160,0.000004,0.006605,2.068517,0.149899,-0.000007,0.000000,0.000000,0.000000,0.076769
2025-10-26T22:39:15.738126,141.101,-0.739386,0.127592,0.007850,-0.002844,0.001688,0.860480,0.509474,0.000007,0.006614,2.072439,0.149976,0.000007,0.000000,0.000000,0.000000,0.032433
2025-10-26T22:39:15.838264,141.201,-0.746755,0.141002,0.007834,-0.002838,0.001701,0.860726,0.509058,0.000038,0.006618,2.073406,0.150037,-0.000071,0.000000,0.000000,0.000000,-0.019655
2025-10-26T22:39:15.937633,141.301,-0.751662,0.149951,0.007816,-0.002839,0.001694,0.860031,0.510232,0.000016,0.006612,2.070678,0.150098,-0.000122,0.000000,0.000000,0.000000,-0.066178
2025-10-26T22:39:16.038676,141.401,-0.756533,0.158925,0.007839,-0.002839,0.001701,0.858620,0.512602,0.000011,0.006620,2.065162,0.150166,-0.000029,0.000000,0.000000,0.000000,-0.090167
2025-10-26T22:39:16.138209,141.501,-0.763732,0.172449,0.007816,-0.002828,0.001718,0.855730,0.517412,0.000014,0.006617,2.053938,0.150205,-0.000092,0.000000,0.000000,0.000000,-0.134448
2025-10-26T22:39:16.237966,141.601,-0.768435,0.181520,0.007835,-0.002822,0.001735,0.853122,0.521700,0.000016,0.006625,2.043901,0.150288,-0.000003,0.000000,0.000000,0.000000,-0.169349
2025-10-26T22:39:16.338257,141.701,-0.775294,0.195233,0.007846,-0.002796,0.001760,0.848141,0.529761,0.000023,0.006607,2.024949,0.150346,-0.000044,0.000000,0.000000,0.000000,-0.193798
2025-10-26T22:39:16.440029,141.803,-0.779713,0.204455,0.007834,-0.002783,0.001781,0.844178,0.536052,0.000024,0.006608,2.010079,0.150390,-0.000058,0.000000,0.000000,0.000000,-0.234129
2025-10-26T22:39:16.538349,141.901,-0.781869,0.209094,0.007820,-0.002776,0.001792,0.841873,0.539666,0.000021,0.006609,2.001506,0.150412,-0.000137,0.000000,0.000000,0.000000,-0.265975
2025-10-26T22:39:16.638137,142.001,-0.786053,0.218433,0.007839,-0.002768,0.001821,0.836686,0.547672,0.000015,0.006627,1.982426,0.150503,-0.000034,0.000000,0.000000,0.000000,-0.289306
2025-10-26T22:39:16.738177,142.101,-0.791984,0.232593,0.007845,-0.002740,0.001853,0.828397,0.560132,0.000001,0.006615,1.952495,0.150531,-0.000060,0.000000,0.000000,0.000000,-0.295427
2025-10-26T22:39:16.838056,142.201,-0.795700,0.242131,0.007825,-0.002708,0.001891,0.822722,0.568434,0.000033,0.006605,1.932382,0.150507,-0.000017,0.000000,0.000000,0.000000,-0.296007
2025-10-26T22:39:16.937601,142.301,-0.799223,0.251742,0.007817,-0.002691,0.001916,0.816958,0.576687,0.000026,0.006607,1.912249,0.150504,-0.000006,0.000000,0.000000,0.000000,-0.296140
2025-10-26T22:39:17.038172,142.401,-0.802553,0.261423,0.007834,-0.002681,0.001939,0.811110,0.584884,0.000008,0.006618,1.892110,0.150538,-0.000053,0.000000,0.000000,0.000000,-0.296193
2025-10-26T22:39:17.138348,142.501,-0.805687,0.271169,0.007847,-0.002661,0.001965,0.805178,0.593024,0.000008,0.006617,1.871967,0.150556,-0.000059,0.000000,0.000000,0.000000,-0.296243
2025-10-26T22:39:17.238179,142.601,-0.808624,0.280976,0.007830,-0.002639,0.001992,0.799164,0.601104,0.000012,0.006613,1.851822,0.150540,-0.000009,0.000000,0.000000,0.000000,-0.296300
2025-10-26T22:39:17.338641,142.701,-0.811363,0.290842,0.007832,-0.002623,0.002022,0.793068,0.609124,0.000012,0.006624,1.831673,0.150553,-0.000049,0.000000,0.000000,0.000000,-0.296328
2025-10-26T22:39:17.437578,142.801,-0.813904,0.300760,0.007833,-0.002603,0.002047,0.786890,0.617084,0.000009,0.006624,1.811520,0.150563,-0.000021,0.000000,0.000000,0.000000,-0.296408
2025-10-26T22:39:17.538300,142.901,-0.816244,0.310728,0.007828,-0.002583,0.002072,0.780631,0.624983,0.000007,0.006623,1.791364,0.150559,-0.000040,0.000000,0.000000,0.000000,-0.296449
2025-10-26T22:39:17.638094,143.001,-0.819377,0.325764,0.007833,-0.002550,0.002107,0.771091,0.636716,0.000003,0.006615,1.761120,0.150572,-0.000009,0.000000,0.000000,0.000000,-0.296584
2025-10-26T22:39:17.739343,143.102,-0.821212,0.335837,0.007824,-0.002518,0.002136,0.764631,0.644460,0.000021,0.006605,1.740951,0.150558,0.000014,0.000000,0.000000,0.000000,-0.296664
2025-10-26T22:39:17.838474,143.201,-0.822844,0.345946,0.007834,-0.002497,0.002168,0.758091,0.652140,0.000031,0.006613,1.720776,0.150579,-0.000030,0.000000,0.000000,0.000000,-0.296736
2025-10-26T22:39:17.940428,143.303,-0.824914,0.361170,0.007841,-0.002476,0.002196,0.748122,0.663553,-0.000000,0.006620,1.690467,0.150662,0.000114,0.000000,0.000000,0.000000,-0.299411
2025-10-26T22:39:18.037862,143.401,-0.826039,0.371350,0.007825,-0.002446,0.002222,0.741293,0.671174,0.000011,0.006610,1.670000,0.150596,0.000105,0.000000,0.000000,0.000000,-0.301705
2025-10-26T22:39:18.137869,143.501,-0.826954,0.381552,0.007818,-0.002415,0.002251,0.734370,0.678741,0.000028,0.006602,1.649488,0.150581,0.000102,0.000000,0.000000,0.000000,-0.301472
2025-10-26T22:39:18.238264,143.601,-0.827660,0.391769,0.007839,-0.002395,0.002279,0.727382,0.686224,0.000030,0.006612,1.629011,0.150605,0.000087,0.000000,0.000000,0.000000,-0.300763
2025-10-26T22:39:18.338505,143.701,-0.828156,0.401998,0.007844,-0.002375,0.002302,0.720337,0.693616,0.000022,0.006615,1.608588,0.150609,0.000079,0.000000,0.000000,0.000000,-0.299934
2025-10-26T22:39:18.438080,143.801,-0.828443,0.412235,0.007819,-0.002356,0.002323,0.713238,0.700915,0.000011,0.006618,1.588224,0.150576,0.000079,0.000000,0.000000,0.000000,-0.299010
2025-10-26T22:39:18.537879,143.901,-0.828521,0.422476,0.007841,-0.002339,0.002346,0.706086,0.708118,0.000001,0.006627,1.567923,0.150600,0.000063,0.000000,0.000000,0.000000,-0.298087
2025-10-26T22:39:18.637472,144.001,-0.828248,0.437834,0.007818,-0.002295,0.002382,0.695267,0.718744,0.000013,0.006616,1.537593,0.150567,0.000061,0.000000,0.000000,0.000000,-0.296629
2025-10-26T22:39:18.738062,144.101,-0.828054,0.442951,0.007829,-0.002282,0.002395,0.691637,0.722238,0.000017,0.006615,1.527516,0.150585,0.000048,0.000000,0.000000,0.000000,-0.296142
2025-10-26T22:39:18.839511,144.203,-0.827161,0.458286,0.007841,-0.002241,0.002428,0.680677,0.732576,0.000021,0.006609,1.497383,0.150607,0.000036,0.000000,0.000000,0.000000,-0.294737
2025-10-26T22:39:18.938142,144.301,-0.826309,0.468492,0.007820,-0.002213,0.002451,0.673314,0.739349,0.000028,0.006604,1.477374,0.150581,0.000037,0.000000,0.000000,0.000000,-0.293825
2025-10-26T22:39:19.038352,144.401,-0.825253,0.478679,0.007839,-0.002193,0.002478,0.665906,0.746028,0.000029,0.006618,1.457425,0.150613,0.000026,0.000000,0.000000,0.000000,-0.292947
2025-10-26T22:39:19.137811,144.501,-0.823998,0.488847,0.007835,-0.002171,0.002497,0.658448,0.752619,0.000020,0.006617,1.437520,0.150586,0.000077,0.000000,0.000000,0.000000,-0.294009
2025-10-26T22:39:19.237611,144.601,-0.822542,0.498982,0.007828,-0.002153,0.002516,0.650831,0.759215,0.000006,0.006622,1.417367,0.150566,0.000068,0.000000,0.000000,0.000000,-0.297724
2025-10-26T22:39:19.338453,144.701,-0.820882,0.509086,0.007843,-0.002129,0.002537,0.643100,0.765775,0.000003,0.006623,1.397087,0.150577,0.000061,0.000000,0.000000,0.000000,-0.298551
2025-10-26T22:39:19.437892,144.801,-0.819016,0.519154,0.007843,-0.002090,0.002560,0.635290,0.772267,0.000024,0.006609,1.376776,0.150570,0.000078,0.000000,0.000000,0.000000,-0.298817
2025-10-26T22:39:19.537906,144.901,-0.815837,0.534179,0.007820,-0.002052,0.002586,0.623443,0.781862,0.000016,0.006602,1.346287,0.150525,0.000135,0.000000,0.000000,0.000000,-0.299030
2025-10-26T22:39:19.638036,145.001,-0.813463,0.544138,0.007832,-0.002030,0.002612,0.615461,0.788161,0.000016,0.006616,1.325949,0.150549,0.000080,0.000000,0.000000,0.000000,-0.299138
2025-10-26T22:39:19.738197,145.101,-0.810889,0.554047,0.007843,-0.002008,0.002634,0.607411,0.794381,0.000009,0.006624,1.305604,0.150554,0.000090,0.000000,0.000000,0.000000,-0.299270
2025-10-26T22:39:19.839175,145.202,-0.808113,0.563901,0.007827,-0.001983,0.002654,0.599296,0.800521,0.000006,0.006626,1.285250,0.150533,0.000088,0.000000,0.000000,0.000000,-0.299360
2025-10-26T22:39:19.938133,145.301,-0.805137,0.573696,0.007842,-0.001951,0.002674,0.591115,0.806580,0.000014,0.006621,1.264890,0.150538,0.000085,0.000000,0.000000,0.000000,-0.299475
2025-10-26T22:39:20.038157,145.401,-0.801963,0.583428,0.007828,-0.001918,0.002688,0.582871,0.812558,0.000017,0.006605,1.244523,0.150497,0.000143,0.000000,0.000000,0.000000,-0.299578
2025-10-26T22:39:20.139179,145.502,-0.798591,0.593093,0.007820,-0.001885,0.002710,0.574564,0.818453,0.000029,0.006602,1.224150,0.150494,0.000115,0.000000,0.000000,0.000000,-0.299639
2025-10-26T22:39:20.238443,145.601,-0.795023,0.602687,0.007836,-0.001866,0.002733,0.566195,0.824265,0.000019,0.006617,1.203772,0.150513,0.000088,0.000000,0.000000,0.000000,-0.299713
2025-10-26T22:39:20.337693,145.701,-0.789307,0.616936,0.007817,-0.001834,0.002756,0.553528,0.832824,-0.000003,0.006621,1.173196,0.150469,0.000130,0.000000,0.000000,0.000000,-0.299813
2025-10-26T22:39:20.437901,145.801,-0.785256,0.626334,0.007822,-0.001792,0.002779,0.545009,0.838424,0.000023,0.006613,1.152807,0.150486,0.000085,0.000000,0.000000,0.000000,-0.299850
2025-10-26T22:39:20.538026,145.901,-0.781013,0.635648,0.007845,-0.001758,0.002799,0.536432,0.843937,0.000037,0.006611,1.132415,0.150496,0.000076,0.000000,0.000000,0.000000,-0.299898
2025-10-26T22:39:20.637887,146.001,-0.776582,0.644872,0.007847,-0.001741,0.002810,0.527799,0.849363,0.000009,0.006613,1.112021,0.150494,0.000076,0.000000,0.000000,0.000000,-0.299930
2025-10-26T22:39:20.738011,146.101,-0.771964,0.654004,0.007842,-0.001716,0.002827,0.519110,0.854701,0.000002,0.006614,1.091626,0.150483,0.000076,0.000000,0.000000,0.000000,-0.299948
2025-10-26T22:39:20.838123,146.201,-0.767160,0.663040,0.007817,-0.001678,0.002849,0.510367,0.859950,0.000023,0.006613,1.071231,0.150443,0.000100,0.000000,0.000000,0.000000,-0.299936
2025-10-26T22:39:20.938064,146.301,-0.762172,0.671975,0.007840,-0.001647,0.002871,0.501572,0.865110,0.000030,0.006620,1.050835,0.150472,0.000059,0.000000,0.000000,0.000000,-0.299926
2025-10-26T22:39:21.038314,146.401,-0.754352,0.685182,0.007816,-0.001602,0.002893,0.488281,0.872680,0.000030,0.006614,1.020245,0.150425,0.000102,0.000000,0.000000,0.000000,-0.299888
2025-10-26T22:39:21.138379,146.501,-0.748916,0.693850,0.007843,-0.001576,0.002911,0.479359,0.877613,0.000024,0.006621,0.999854,0.150463,0.000045,0.000000,0.000000,0.000000,-0.299847
2025-10-26T22:39:21.237973,146.601,-0.740432,0.706639,0.007817,-0.001535,0.002928,0.465885,0.884839,0.000012,0.006611,0.969274,0.150424,0.000072,0.000000,0.000000,0.000000,-0.299753
2025-10-26T22:39:21.337416,146.701,-0.734561,0.715018,0.007850,-0.001510,0.002944,0.456844,0.889541,0.000004,0.006616,0.948893,0.150458,0.000026,0.000000,0.000000,0.000000,-0.299690
2025-10-26T22:39:21.438349,146.801,-0.728520,0.723275,0.007840,-0.001475,0.002959,0.447758,0.894149,0.000012,0.006613,0.928518,0.150447,0.000028,0.000000,0.000000,0.000000,-0.299606
2025-10-26T22:39:21.538464,146.901,-0.722306,0.731417,0.007818,-0.001442,0.002973,0.438640,0.898657,0.000017,0.006609,0.908174,0.151648,0.000293,0.000000,0.000000,0.000000,-0.296193
2025-10-26T22:39:21.638063,147.001,-0.715913,0.739450,0.007839,-0.001413,0.002992,0.429632,0.902998,0.000019,0.006617,0.888177,0.150928,0.000055,0.000000,0.000000,0.000000,-0.293623
2025-10-26T22:39:21.738156,147.101,-0.706028,0.751252,0.007824,-0.001371,0.003008,0.416029,0.909345,0.000010,0.006612,0.858153,0.150930,0.000078,0.000000,0.000000,0.000000,-0.295120
2025-10-26T22:39:21.837809,147.201,-0.702655,0.755120,0.007827,-0.001357,0.003019,0.411458,0.911423,0.000011,0.006620,0.848112,0.150931,0.000066,0.000000,0.000000,0.000000,-0.295525
2025-10-26T22:39:21.938200,147.301,-0.695793,0.762753,0.007837,-0.001323,0.003033,0.402269,0.915516,0.000019,0.006618,0.827993,0.150942,0.000071,0.000000,0.000000,0.000000,-0.296174
2025-10-26T22:39:22.038214,147.401,-0.685215,0.773940,0.007824,-0.001274,0.003047,0.388380,0.921493,0.000019,0.006605,0.797751,0.150937,0.000097,0.000000,0.000000,0.000000,-0.296762
2025-10-26T22:39:22.138248,147.501,-0.677977,0.781219,0.007828,-0.001243,0.003064,0.379059,0.925366,0.000022,0.006612,0.777564,0.150938,0.000088,0.000000,0.000000,0.000000,-0.296959
2025-10-26T22:39:22.237922,147.601,-0.670595,0.788350,0.007845,-0.001216,0.003077,0.369695,0.929147,0.000016,0.006617,0.757365,0.150957,0.000091,0.000000,0.000000,0.000000,-0.297116
2025-10-26T22:39:22.338778,147.702,-0.659255,0.798764,0.007823,-0.001174,0.003095,0.355571,0.934644,0.000008,0.006621,0.727053,0.150932,0.000104,0.000000,0.000000,0.000000,-0.297222
2025-10-26T22:39:22.437994,147.801,-0.651522,0.805513,0.007846,-0.001143,0.003110,0.346107,0.938189,0.000007,0.006626,0.706840,0.150950,0.000105,0.000000,0.000000,0.000000,-0.297288
2025-10-26T22:39:22.538399,147.901,-0.643655,0.812105,0.007816,-0.001107,0.003115,0.336606,0.941640,0.000013,0.006611,0.686624,0.150910,0.000136,0.000000,0.000000,0.000000,-0.297320
2025-10-26T22:39:22.638291,148.001,-0.635657,0.818537,0.007843,-0.001076,0.003127,0.327069,0.944995,0.000012,0.006613,0.666405,0.150934,0.000119,0.000000,0.000000,0.000000,-0.297345
2025-10-26T22:39:22.737959,148.101,-0.627536,0.824799,0.007843,-0.001044,0.003137,0.317507,0.948250,0.000011,0.006613,0.646201,0.150457,-0.000079,0.000000,0.000000,0.000000,-0.297166
2025-10-26T22:39:22.838432,148.201,-0.619304,0.830875,0.007840,-0.001010,0.003147,0.307901,0.951413,0.000015,0.006610,0.625976,0.150458,-0.000082,0.000000,0.000000,0.000000,-0.297621
2025-10-26T22:39:22.939133,148.302,-0.610951,0.836783,0.007838,-0.000978,0.003156,0.298256,0.954480,0.000015,0.006608,0.605734,0.150458,-0.000077,0.000000,0.000000,0.000000,-0.297725
2025-10-26T22:39:23.038172,148.401,-0.607487,0.839163,0.007790,-0.000987,0.003273,0.289920,0.957045,0.000008,0.006836,0.588291,-0.033739,-0.000162,0.000000,0.000000,0.000000,-0.151022
2025-10-26T22:39:23.138566,148.502,-0.607822,0.838939,0.007774,-0.000991,0.003296,0.288610,0.957441,0.000004,0.006883,0.585552,-0.000162,-0.000074,0.000000,0.000000,0.000000,0.039498
2025-10-26T22:39:23.238009,148.601,-0.607823,0.838939,0.007841,-0.000949,0.003171,0.289325,0.957225,0.000018,0.006621,0.587047,-0.000028,-0.000054,0.000000,0.000000,0.000000,0.010209
2025-10-26T22:39:23.338412,148.701,-0.607822,0.838939,0.007871,-0.000924,0.003092,0.289504,0.957171,0.000020,0.006454,0.587421,0.000021,-0.000042,0.000000,0.000000,0.000000,0.002610
2025-10-26T22:39:23.438182,148.801,-0.607820,0.838941,0.007861,-0.000941,0.003121,0.289551,0.957157,0.000006,0.006520,0.587519,0.000051,-0.000048,0.000000,0.000000,0.000000,0.000718
2025-10-26T22:39:23.538387,148.901,-0.607815,0.838944,0.007832,-0.000960,0.003203,0.289569,0.957151,0.000018,0.006687,0.587556,0.000040,-0.000055,0.000000,0.000000,0.000000,0.000167
2025-10-26T22:39:23.637469,149.001,-0.607813,0.838946,0.007812,-0.000955,0.003195,0.289573,0.957150,0.000023,0.006668,0.587565,0.000005,-0.000050,0.000000,0.000000,0.000000,0.000109
2025-10-26T22:39:23.737533,149.101,-0.607811,0.838947,0.007832,-0.000943,0.003160,0.289576,0.957149,0.000025,0.006596,0.587572,0.000009,-0.000049,0.000000,0.000000,0.000000,0.000094
2025-10-26T22:39:23.837920,149.201,-0.607809,0.838948,0.007849,-0.000944,0.003147,0.289580,0.957148,0.000016,0.006572,0.587579,0.000030,-0.000049,0.000000,0.000000,0.000000,0.000090
2025-10-26T22:39:23.937408,149.301,-0.607807,0.838950,0.007844,-0.000950,0.003161,0.289583,0.957147,0.000012,0.006602,0.587585,0.000038,-0.000052,0.000000,0.000000,0.000000,0.000088
2025-10-26T22:39:24.037465,149.401,-0.607804,0.838951,0.007818,-0.000952,0.003179,0.289586,0.957146,0.000018,0.006637,0.587591,0.000017,-0.000054,0.000000,0.000000,0.000000,0.000089
2025-10-26T22:39:24.138073,149.501,-0.607802,0.838953,0.007821,-0.000943,0.003177,0.289589,0.957145,0.000035,0.006627,0.587598,0.000012,-0.000049,0.000000,0.000000,0.000000,0.000090
2025-10-26T22:39:24.237843,149.601,-0.607800,0.838954,0.007846,-0.000950,0.003165,0.289592,0.957145,0.000015,0.006608,0.587604,0.000028,-0.000048,0.000000,0.000000,0.000000,0.000089
2025-10-26T22:39:24.337958,149.701,-0.607798,0.838956,0.007844,-0.000943,0.003162,0.289595,0.957144,0.000026,0.006600,0.587611,0.000031,-0.000055,0.000000,0.000000,0.000000,0.000088
2025-10-26T22:39:24.438024,149.801,-0.607795,0.838957,0.007831,-0.000935,0.003168,0.289598,0.957143,0.000044,0.006607,0.587617,0.000019,-0.000056,0.000000,0.000000,0.000000,0.000088
2025-10-26T22:39:24.537927,149.901,-0.607793,0.838959,0.007819,-0.000951,0.003167,0.289601,0.957142,0.000013,0.006614,0.587623,0.000005,-0.000049,0.000000,0.000000,0.000000,0.000089
2025-10-26T22:39:24.638742,150.002,-0.607791,0.838961,0.007842,-0.000962,0.003173,0.289604,0.957141,-0.000003,0.006632,0.587629,0.000031,-0.000053,0.000000,0.000000,0.000000,0.000088
2025-10-26T22:39:24.738691,150.101,-0.607788,0.838962,0.007816,-0.000948,0.003174,0.289607,0.957140,0.000024,0.006624,0.587636,0.000001,-0.000058,0.000000,0.000000,0.000000,0.000088
2025-10-26T22:39:24.837995,150.201,-0.607785,0.838964,0.007824,-0.000942,0.003162,0.289612,0.957139,0.000028,0.006599,0.587646,0.000009,-0.000050,0.000000,0.000000,0.000000,0.000089
2025-10-26T22:39:24.938741,150.301,-0.607783,0.838966,0.007844,-0.000959,0.003160,0.289615,0.957138,-0.000005,0.006604,0.587652,0.000029,-0.000047,0.000000,0.000000,0.000000,0.000088
2025-10-26T22:39:25.038262,150.401,-0.607781,0.838967,0.007835,-0.000951,0.003169,0.289618,0.957137,0.000015,0.006618,0.587658,0.000027,-0.000058,0.000000,0.000000,0.000000,0.000087
2025-10-26T22:39:25.138205,150.501,-0.607778,0.838968,0.007815,-0.000941,0.003174,0.289621,0.957136,0.000036,0.006621,0.587665,0.000002,-0.000056,0.000000,0.000000,0.000000,0.000088
2025-10-26T22:39:25.237773,150.601,-0.607776,0.838970,0.007827,-0.000946,0.003169,0.289624,0.957135,0.000024,0.006614,0.587671,0.000015,-0.000049,0.000000,0.000000,0.000000,0.000089
2025-10-26T22:39:25.339415,150.702,-0.607773,0.838972,0.007844,-0.000954,0.003163,0.289628,0.957133,0.000005,0.006608,0.587680,0.000033,-0.000053,0.000000,0.000000,0.000000,0.000087
2025-10-26T22:39:25.438199,150.801,-0.607771,0.838974,0.007822,-0.000947,0.003165,0.289631,0.957133,0.000021,0.006607,0.587687,0.000007,-0.000058,0.000000,0.000000,0.000000,0.000087
2025-10-26T22:39:25.539413,150.902,-0.607768,0.838975,0.007837,-0.000941,0.003175,0.289634,0.957132,0.000037,0.006622,0.587693,0.000025,-0.000053,0.000000,0.000000,0.000000,0.000088
2025-10-26T22:39:25.638614,151.002,-0.607766,0.838977,0.007833,-0.000944,0.003172,0.289637,0.957131,0.000031,0.006620,0.587699,0.000024,-0.000053,0.000000,0.000000,0.000000,0.000088
2025-10-26T22:39:25.738823,151.102,-0.607764,0.838978,0.007818,-0.000953,0.003165,0.289640,0.957130,0.000010,0.006610,0.587706,0.000001,-0.000051,0.000000,0.000000,0.000000,0.000088
2025-10-26T22:39:25.837980,151.201,-0.607760,0.838981,0.007829,-0.000947,0.003165,0.289645,0.957128,0.000021,0.006607,0.587715,0.000018,-0.000054,0.000000,0.000000,0.000000,0.000088
2025-10-26T22:39:25.938149,151.301,-0.607758,0.838982,0.007843,-0.000940,0.003173,0.289648,0.957128,0.000038,0.006619,0.587722,0.000033,-0.000051,0.000000,0.000000,0.000000,0.000088
2025-10-26T22:39:26.038759,151.401,-0.607756,0.838983,0.007834,-0.000942,0.003171,0.289651,0.957127,0.000033,0.006616,0.587728,0.000024,-0.000051,0.000000,0.000000,0.000000,0.000088
2025-10-26T22:39:26.137999,151.501,-0.607754,0.838985,0.007820,-0.000953,0.003164,0.289654,0.957126,0.000008,0.006608,0.587734,0.000004,-0.000052,0.000000,0.000000,0.000000,0.000087
2025-10-26T22:39:26.238222,151.601,-0.607751,0.838987,0.007826,-0.000953,0.003167,0.289657,0.957125,0.000011,0.006614,0.587740,0.000016,-0.000053,0.000000,0.000000,0.000000,0.000087
2025-10-26T22:39:26.338568,151.701,-0.607749,0.838988,0.007842,-0.000946,0.003171,0.289660,0.957124,0.000026,0.006618,0.587747,0.000032,-0.000050,0.000000,0.000000,0.000000,0.000087
2025-10-26T22:39:26.438243,151.801,-0.607747,0.838989,0.007844,-0.000945,0.003168,0.289663,0.957123,0.000027,0.006612,0.587753,0.000033,-0.000050,0.000000,0.000000,0.000000,0.000087
2025-10-26T22:39:26.537987,151.901,-0.607745,0.838991,0.007817,-0.000944,0.003165,0.289666,0.957122,0.000027,0.006606,0.587759,0.000002,-0.000055,0.000000,0.000000,0.000000,0.000087
2025-10-26T22:39:26.637882,152.001,-0.607742,0.838993,0.007841,-0.000943,0.003171,0.289669,0.957121,0.000033,0.006617,0.587766,0.000028,-0.000051,0.000000,0.000000,0.000000,0.000087
2025-10-26T22:39:26.738741,152.102,-0.607740,0.838994,0.007828,-0.000939,0.003170,0.289672,0.957120,0.000039,0.006612,0.587772,0.000013,-0.000056,0.000000,0.000000,0.000000,0.000087
2025-10-26T22:39:26.838209,152.201,-0.607737,0.838996,0.007835,-0.000945,0.003168,0.289677,0.957119,0.000026,0.006611,0.587781,0.000022,-0.000049,0.000000,0.000000,0.000000,0.000087
2025-10-26T22:39:26.937699,152.301,-0.607734,0.838998,0.007842,-0.000948,0.003168,0.289680,0.957118,0.000020,0.006614,0.587788,0.000032,-0.000051,0.000000,0.000000,0.000000,0.000087
2025-10-26T22:39:27.037607,152.401,-0.607731,0.839000,0.007823,-0.000949,0.003171,0.289684,0.957117,0.000021,0.006619,0.587797,0.000015,-0.000052,0.000000,0.000000,0.000000,0.000087
2025-10-26T22:39:27.137849,152.501,-0.607729,0.839002,0.007836,-0.000948,0.003170,0.289687,0.957116,0.000021,0.006617,0.587803,0.000023,-0.000049,0.000000,0.000000,0.000000,0.000087
2025-10-26T22:39:27.237967,152.601,-0.607726,0.839004,0.007838,-0.000951,0.003165,0.289692,0.957114,0.000014,0.006609,0.587813,0.000029,-0.000052,0.000000,0.000000,0.000000,0.000087
2025-10-26T22:39:27.338628,152.702,-0.607723,0.839005,0.007821,-0.000950,0.003163,0.289695,0.957113,0.000014,0.006606,0.587819,0.000006,-0.000056,0.000000,0.000000,0.000000,0.000086
2025-10-26T22:39:27.438086,152.801,-0.607721,0.839007,0.007837,-0.000950,0.003170,0.289698,0.957112,0.000018,0.006618,0.587825,0.000025,-0.000051,0.000000,0.000000,0.000000,0.000087
2025-10-26T22:39:27.538007,152.901,-0.607717,0.839009,0.007814,-0.000941,0.003171,0.289702,0.957111,0.000036,0.006616,0.587835,0.000001,-0.000056,0.000000,0.000000,0.000000,0.000087
2025-10-26T22:39:27.638303,153.001,-0.607715,0.839011,0.007824,-0.000950,0.003169,0.289705,0.957110,0.000018,0.006617,0.587841,0.000014,-0.000045,0.000000,0.000000,0.000000,0.000088
2025-10-26T22:39:27.738723,153.101,-0.607712,0.839013,0.007842,-0.000954,0.003168,0.289710,0.957109,0.000010,0.006618,0.587850,0.000033,-0.000058,0.000000,0.000000,0.000000,0.000085
2025-10-26T22:39:27.837956,153.201,-0.607710,0.839014,0.007818,-0.000939,0.003170,0.289713,0.957108,0.000039,0.006612,0.587857,0.000002,-0.000057,0.000000,0.000000,0.000000,0.000087
2025-10-26T22:39:27.937707,153.301,-0.607706,0.839017,0.007829,-0.000948,0.003166,0.289717,0.957107,0.000020,0.006611,0.587866,0.000017,-0.000050,0.000000,0.000000,0.000000,0.000087
2025-10-26T22:39:28.038366,153.401,-0.607704,0.839018,0.007845,-0.000950,0.003168,0.289720,0.957106,0.000018,0.006615,0.587872,0.000033,-0.000050,0.000000,0.000000,0.000000,0.000086
2025-10-26T22:39:28.138340,153.501,-0.607701,0.839020,0.007823,-0.000946,0.003170,0.289725,0.957104,0.000026,0.006617,0.587882,0.000015,-0.000053,0.000000,0.000000,0.000000,0.000087
2025-10-26T22:39:28.237849,153.601,-0.607698,0.839022,0.007840,-0.000947,0.003172,0.289728,0.957103,0.000026,0.006621,0.587888,0.000027,-0.000047,0.000000,0.000000,0.000000,0.000087
2025-10-26T22:39:28.338157,153.701,-0.607695,0.839024,0.007819,-0.000950,0.003166,0.289732,0.957102,0.000017,0.006610,0.587897,0.000004,-0.000055,0.000000,0.000000,0.000000,0.000086
